idx,ticker,symbol,has_data,identity_ok,share_split,n_matched_eligible,yahoo_identity_ok,first_bar,last_bar
0,A,A,True,True,0.9959016393442623,488,True,2016-01-04,2023-12-29
1,AAN,AAN,True,True,0.9959016393442623,488,False,2016-01-04,2023-12-29
2,AAP,AAP,True,True,0.9959016393442623,488,True,2016-01-04,2023-12-29
3,AAT,AAT,True,True,0.9959016393442623,488,True,2016-01-04,2023-12-29
4,AB,AB,True,True,0.9959016393442623,488,True,2016-01-04,2023-12-29
5,ABB,ABB,True,True,0.9959016393442623,488,False,2016-01-04,2023-05-22
6,ABBV,ABBV,True,True,0.9959016393442623,488,True,2016-01-04,2023-12-29
7,ABC,ABC,True,True,0.9959016393442623,488,False,2016-01-04,2023-12-29
8,ABG,ABG,True,True,0.9959016393442623,488,True,2016-01-04,2023-12-29
9,ABM,ABM,True,True,0.9959016393442623,488,True,2016-01-04,2023-12-29
10,ABR,ABR,True,True,0.9959016393442623,488,True,2016-01-04,2023-12-29
11,ABT,ABT,True,True,0.9959016393442623,488,True,2016-01-04,2023-12-29
12,ABX,ABX,True,True,0.9959016393442623,488,False,2016-01-04,2023-12-29
13,ACC,ACC,True,True,0.9959016393442623,488,False,2016-01-04,2022-08-09
14,ACCO,ACCO,True,True,0.9959016393442623,488,True,2016-01-04,2023-12-29
15,ACH,ACH,True,True,0.9959016393442623,488,False,2016-01-04,2022-09-01
16,ACM,ACM,True,True,0.9959016393442623,488,True,2016-01-04,2023-12-29
17,ACN,ACN,True,True,0.9959016393442623,488,True,2016-01-04,2023-12-29
18,ACP,ACP,True,True,0.9959016393442623,488,True,2016-01-04,2023-12-29
19,ACRE,ACRE,True,True,0.9959016393442623,488,True,2016-01-04,2023-12-29
20,ADC,ADC,True,True,0.9959016393442623,488,True,2016-01-04,2023-12-29
21,ADM,ADM,True,True,0.9959016393442623,488,True,2016-01-04,2023-12-29
22,ADS,ADS,True,True,0.9959016393442623,488,False,2016-01-04,2023-12-29
23,ADX,ADX,True,True,0.9959016393442623,488,True,2016-01-04,2023-12-29
24,AEB,AEB,True,True,0.9959016393442623,488,False,2016-01-04,2021-09-14
25,AED,AED,True,True,0.9959016393442623,488,False,2016-01-04,2019-05-06
26,AEE,AEE,True,True,0.9959016393442623,488,True,2016-01-04,2023-12-29
27,AEH,AEH,True,True,0.9959016393442623,488,False,2016-01-04,2019-10-23
28,AEL,AEL,True,True,0.9959016393442623,488,False,2016-01-04,2023-12-29
29,AEM,AEM,True,True,0.9959016393442623,488,True,2016-01-04,2023-12-29
30,AEO,AEO,True,True,0.9959016393442623,488,True,2016-01-04,2023-12-29
31,AEP,AEP,True,True,0.9959016393442623,488,True,2016-01-04,2023-12-29
32,AER,AER,True,True,0.9959016393442623,488,True,2016-01-04,2023-12-29
33,AES,AES,True,True,1.0,488,True,2016-01-04,2023-12-29
34,AET,AET,True,True,0.9959016393442623,488,False,2016-01-04,2018-11-28
35,AFB,AFB,True,True,0.9959016393442623,488,True,2016-01-04,2023-12-29
36,AFC,AFC,True,True,0.9959016393442623,488,False,2016-01-04,2021-03-24
37,AFG,AFG,True,True,0.9959016393442623,488,True,2016-01-04,2023-12-29
38,AFL,AFL,True,False,0.45286885245901637,488,True,2016-01-04,2023-12-29
39,AFT,AFT,True,True,1.0,488,False,2016-01-04,2023-12-29
40,AGCO,AGCO,True,True,0.9959016393442623,488,True,2016-01-04,2023-12-29
41,AGD,AGD,True,True,1.0,488,False,2016-01-04,2023-12-29
42,AGM,AGM,True,True,0.9959016393442623,488,True,2016-01-04,2023-12-29
43,AGO,AGO,True,True,0.9959016393442623,488,True,2016-01-04,2023-12-29
44,AGO-B,AGO.PRB,True,True,0.9959016393442623,488,False,2016-01-04,2021-07-09
45,AGO-E,AGO.PRE,True,True,0.9877049180327869,488,False,2016-01-04,2021-09-24
46,AGO-F,AGO.PRF,True,True,0.9959016393442623,488,False,2016-01-04,2021-09-24
47,AGRO,AGRO,True,True,0.9959016393442623,488,True,2016-01-04,2023-12-29
48,AGU,AGU,True,True,0.9959016393442623,488,False,2016-01-04,2017-12-29
49,AGX,AGX,True,True,0.9959016393442623,488,True,2016-01-04,2023-12-29
50,AHL,AHL,True,True,0.9959016393442623,488,False,2016-01-04,2019-02-14
51,AHT-D,AHT.PRD,True,True,0.9959016393442623,488,True,2016-01-04,2023-12-29
52,AI,AI,True,True,0.9959016393442623,488,False,2016-01-04,2023-12-13
53,AIG,AIG,True,True,0.9959016393442623,488,True,2016-01-04,2023-12-29
54,AIN,AIN,True,True,0.9959016393442623,488,True,2016-01-04,2023-12-29
55,AIR,AIR,True,True,0.9959016393442623,488,True,2016-01-04,2023-12-29
56,AIT,AIT,True,True,1.0,488,True,2016-01-04,2023-12-29
57,AIV,AIV,True,False,0.8258196721311475,488,True,2016-01-04,2023-12-29
58,AIZ,AIZ,True,True,0.9959016393442623,488,True,2016-01-04,2023-12-29
59,AJG,AJG,True,True,0.9959016393442623,488,True,2016-01-04,2023-12-29
60,AKO.A,AKO.A,True,True,0.9866071428571429,448,False,2016-01-04,2023-12-29
61,AKO.B,AKO.B,True,True,0.9918032786885246,488,True,2016-01-04,2023-12-29
62,AKP,AKP,True,True,0.9795081967213115,488,False,2016-01-04,2019-05-02
63,AKR,AKR,True,True,0.9959016393442623,488,True,2016-01-04,2023-12-29
64,AL,AL,True,True,0.9959016393442623,488,False,2016-01-04,2023-12-29
65,ALB,ALB,True,True,0.9959016393442623,488,True,2016-01-04,2023-12-29
66,ALDW,ALDW,True,True,0.9959016393442623,488,False,2016-01-04,2018-02-06
67,ALE,ALE,True,True,0.9959016393442623,488,False,2016-01-04,2023-12-29
68,ALEX,ALEX,True,True,0.9959016393442623,488,False,2016-01-04,2023-12-29
69,ALG,ALG,True,True,0.9959016393442623,488,True,2016-01-04,2023-12-29
70,ALK,ALK,True,True,0.9959016393442623,488,True,2016-01-04,2023-12-29
71,ALL,ALL,True,True,0.9959016393442623,488,True,2016-01-04,2023-12-29
72,ALSN,ALSN,True,True,0.9959016393442623,488,True,2016-01-04,2023-12-29
73,ALV,ALV,True,True,0.9959016393442623,488,True,2016-01-04,2023-12-29
74,ALX,ALX,True,True,1.0,488,True,2016-01-04,2023-12-29
75,AME,AME,True,True,0.9959016393442623,488,True,2016-01-04,2023-12-29
76,AMG,AMG,True,True,0.9959016393442623,488,True,2016-01-04,2023-12-29
77,AMN,AMN,True,True,1.0,488,True,2016-01-04,2023-12-29
78,AMOV,AMOV,True,False,0.9917355371900827,242,False,2016-12-22,2023-03-15
79,AMP,AMP,True,True,0.9959016393442623,488,True,2016-01-04,2023-12-29
80,AMX,AMX,True,True,0.9959016393442623,488,True,2016-01-04,2023-12-29
81,AN,AN,True,True,0.9959016393442623,488,True,2016-01-04,2023-12-29
82,ANDV,ANDV,True,True,0.9959016393442623,488,False,2016-01-04,2018-09-28
83,ANDX,ANDX,True,True,0.9959016393442623,488,False,2016-01-04,2019-07-29
84,ANF,ANF,True,True,0.9918032786885246,488,True,2016-01-04,2023-12-29
85,ANH-A,ANH.PRA,True,True,0.9956616052060737,461,False,2016-01-04,2021-03-19
86,ANTM,ANTM,True,True,0.9959016393442623,488,False,2016-01-04,2023-12-29
87,AOD,AOD,True,True,0.9918032786885246,488,True,2016-01-04,2023-12-29
88,AON,AON,True,True,0.9959016393442623,488,True,2016-01-04,2023-12-29
89,AOS,AOS,True,False,0.8586065573770492,488,False,2016-01-04,2023-12-29
90,AP,AP,True,True,0.9959016393442623,488,True,2016-01-04,2023-12-29
91,APA,APA,True,True,0.9959016393442623,488,True,2016-01-04,2023-12-29
92,APB,APB,True,True,0.9918032786885246,488,False,2016-01-04,2019-01-23
93,APC,APC,True,True,0.9959016393442623,488,False,2016-01-04,2019-08-08
94,APD,APD,True,True,0.9938524590163934,488,True,2016-01-04,2023-12-29
95,APF,APF,True,True,0.9918032786885246,488,False,2016-01-04,2019-04-05
96,APO,APO,True,True,0.9959016393442623,488,True,2016-01-04,2023-12-29
97,APTS,APTS,True,True,0.9959016393442623,488,False,2016-01-04,2022-06-23
98,APTV,APTV,True,False,0.9285714285714286,14,True,2017-11-17,2023-12-29
99,APU,APU,True,True,0.9959016393442623,488,False,2016-01-04,2019-08-21
100,ARDC,ARDC,True,True,0.9959016393442623,488,True,2016-01-04,2023-12-29
101,ARE,ARE,True,True,0.9959016393442623,488,True,2016-01-04,2023-12-29
102,ARI,ARI,True,True,1.0,488,True,2016-01-04,2023-12-29
103,ARNC,ARNC,True,True,0.9928057553956835,278,False,2016-11-01,2023-08-17
104,ARR,ARR,True,True,0.9959016393442623,488,True,2016-01-04,2023-12-29
105,ARR-A,ARR.PRA,True,True,0.9958762886597938,485,False,2016-01-04,2019-06-21
106,ARW,ARW,True,True,0.9959016393442623,488,True,2016-01-04,2023-12-29
107,ASA,ASA,True,True,0.9918032786885246,488,True,2016-01-04,2023-12-29
108,ASB,ASB,True,True,0.9959016393442623,488,True,2016-01-04,2023-12-29
109,ASGN,ASGN,True,True,0.9959016393442623,488,False,2016-01-04,2023-12-29
110,ASR,ASR,True,True,0.9959016393442623,488,True,2016-01-04,2023-12-29
111,ATGE,ATGE,True,True,1.0,488,False,2016-01-04,2023-12-29
112,ATI,ATI,True,True,0.9959016393442623,488,True,2016-01-04,2023-12-29
113,ATO,ATO,True,True,0.9959016393442623,488,True,2016-01-04,2023-12-29
114,ATR,ATR,True,True,0.9959016393442623,488,True,2016-01-04,2023-12-29
115,ATU,ATU,True,True,0.9959016393442623,488,False,2016-01-04,2023-12-29
116,AU,AU,True,True,0.9918032786885246,488,True,2016-01-04,2023-12-29
117,AVA,AVA,True,True,0.9959016393442623,488,True,2016-01-04,2023-12-29
118,AVB,AVB,True,True,0.9959016393442623,488,False,2016-01-04,2023-12-29
119,AVD,AVD,True,True,0.9959016393442623,488,True,2016-01-04,2023-12-29
120,AVK,AVK,True,True,0.9959016393442623,488,True,2016-01-04,2023-12-29
121,AVT,AVT,True,True,0.9959016393442623,488,True,2016-01-04,2023-12-29
122,AVX,AVX,True,True,0.9959016393442623,488,False,2016-01-04,2020-03-27
123,AVY,AVY,True,True,0.9959016393442623,488,True,2016-01-04,2023-12-29
124,AWF,AWF,True,True,0.9959016393442623,488,True,2016-01-04,2023-12-29
125,AWI,AWI,True,True,0.9938524590163934,488,True,2016-01-04,2023-12-29
126,AWK,AWK,True,True,0.9959016393442623,488,True,2016-01-04,2023-12-29
127,AWR,AWR,True,True,0.9959016393442623,488,True,2016-01-04,2023-12-29
128,AXE,AXE,True,True,0.9959016393442623,488,False,2016-01-04,2020-06-19
129,AXL,AXL,True,True,0.9959016393442623,488,False,2016-01-04,2023-12-29
130,AXP,AXP,True,True,0.9959016393442623,488,True,2016-01-04,2023-12-29
131,AXS,AXS,True,True,0.9959016393442623,488,True,2016-01-04,2023-12-29
132,AYI,AYI,True,True,0.9959016393442623,488,True,2016-01-04,2023-12-29
133,AYR,AYR,True,True,0.9959016393442623,488,False,2016-01-04,2020-03-26
134,AZN,AZN,True,True,0.9959016393442623,488,False,2016-01-04,2023-12-29
135,AZO,AZO,True,True,0.9959016393442623,488,True,2016-01-04,2023-12-29
136,AZZ,AZZ,True,True,0.9959016393442623,488,True,2016-01-04,2023-12-29
137,B,B,True,True,0.9959016393442623,488,False,2016-01-04,2023-12-29
138,BA,BA,True,True,0.9959016393442623,488,True,2016-01-04,2023-12-29
139,BAC,BAC,True,True,0.9959016393442623,488,True,2016-01-04,2023-12-29
140,BAC-D,BAC.PRD,True,True,0.9918032786885246,488,False,2016-01-04,2018-07-26
141,BAC-E,BAC.PRE,True,True,0.9918032786885246,488,True,2016-01-04,2023-12-29
142,BAC-I,BAC.PRI,True,True,0.9959016393442623,488,False,2016-01-04,2018-05-14
143,BAC-L,BAC.PRL,True,True,0.9959016393442623,488,True,2016-01-04,2023-12-29
144,BAF,BAF,True,True,0.9877049180327869,488,False,2016-01-04,2021-03-05
145,BAH,BAH,True,True,0.9959016393442623,488,True,2016-01-04,2023-12-29
146,BAK,BAK,True,True,0.9959016393442623,488,True,2016-01-04,2019-05-10
147,BAM,BAM,True,False,0.3319672131147541,488,False,2016-01-04,2023-12-29
148,BAP,BAP,True,True,0.9959016393442623,488,True,2016-01-04,2023-12-29
149,BAX,BAX,True,True,0.9959016393442623,488,True,2016-01-04,2023-12-29
150,BB,BB,True,False,0.9282786885245902,488,False,2016-01-04,2023-12-29
151,BBF,BBF,True,True,0.9959016393442623,488,False,2016-01-04,2021-04-09
152,BBK,BBK,True,True,0.9918032786885246,488,False,2016-01-04,2021-03-05
153,BBL,BBL,True,True,0.9959016393442623,488,False,2016-01-04,2022-01-28
154,BBN,BBN,True,True,0.9959016393442623,488,True,2016-01-04,2023-12-29
155,BBT,BBT,True,True,0.9959016393442623,488,False,2016-01-04,2023-12-29
156,BBT-D,BBT.PRD,True,True,0.9918032786885246,488,False,2016-01-04,2019-08-01
157,BBT-E,BBT.PRE,True,True,0.9959016393442623,488,False,2016-01-04,2019-08-01
158,BBT-F,BBT.PRF,True,True,0.9959016393442623,488,False,2016-01-04,2019-12-06
159,BBVA,BBVA,True,True,0.9959016393442623,488,True,2016-01-04,2023-12-29
160,BBY,BBY,True,True,0.9959016393442623,488,True,2016-01-04,2023-12-29
161,BC,BC,True,True,0.9959016393442623,488,True,2016-01-04,2023-12-29
162,BCE,BCE,True,True,0.9959016393442623,488,True,2016-01-04,2023-12-29
163,BCH,BCH,True,False,0.32581967213114754,488,True,2016-01-04,2023-12-29
164,BCO,BCO,True,True,0.9959016393442623,488,True,2016-01-04,2023-12-29
165,BCR,BCR,True,True,0.9959016393442623,488,False,2016-01-04,2017-12-28
166,BCS,BCS,True,True,0.9959016393442623,488,True,2016-01-04,2023-12-29
167,BCS-D,BCS.PRD,True,True,0.9918032786885246,488,False,2016-01-04,2018-10-23
168,BCX,BCX,True,True,0.9959016393442623,488,True,2016-01-04,2023-12-29
169,BDC,BDC,True,True,0.9959016393442623,488,True,2016-01-04,2023-12-29
170,BDJ,BDJ,True,True,0.9959016393442623,488,True,2016-01-04,2023-12-29
171,BDN,BDN,True,True,0.9918032786885246,488,True,2016-01-04,2023-12-29
172,BDX,BDX,True,True,0.9959016393442623,488,True,2016-01-04,2023-12-29
173,BEL,BEL,True,True,0.9959016393442623,488,False,2016-01-04,2019-04-16
174,BEN,BEN,True,True,0.9959016393442623,488,True,2016-01-04,2023-12-29
175,BEP,BEP,True,True,0.9795081967213115,488,True,2016-01-04,2023-12-29
176,BERY,BERY,True,True,0.9959016393442623,488,False,2016-01-04,2023-12-29
177,BF.A,BF.A,True,False,0.9077868852459017,488,False,2016-01-04,2023-12-29
178,BF.B,BF.B,True,False,0.5635245901639344,488,False,2016-01-04,2023-12-29
179,BFK,BFK,True,True,0.9918032786885246,488,False,2016-01-04,2023-12-29
180,BFO,BFO,True,True,0.9918032786885246,488,False,2016-01-04,2020-12-15
181,BFS,BFS,True,True,0.9959016393442623,488,True,2016-01-04,2023-12-29
182,BFZ,BFZ,True,True,0.9918032786885246,488,False,2016-01-04,2023-12-29
183,BG,BG,True,True,0.9959016393442623,488,True,2016-01-04,2023-12-29
184,BGB,BGB,True,True,0.9959016393442623,488,True,2016-01-04,2023-12-29
185,BGC,BGC,True,True,0.9959016393442623,488,False,2016-01-04,2018-06-05
186,BGG,BGG,True,True,0.9959016393442623,488,False,2016-01-04,2020-07-17
187,BGH,BGH,True,True,0.9959016393442623,488,True,2016-01-04,2023-12-29
188,BGR,BGR,True,True,0.9959016393442623,488,True,2016-01-04,2023-12-29
189,BGS,BGS,True,True,0.9959016393442623,488,True,2016-01-04,2023-12-29
190,BGT,BGT,True,True,0.9959016393442623,488,True,2016-01-04,2023-12-29
191,BGX,BGX,True,True,0.9918032786885246,488,True,2016-01-04,2023-12-29
192,BGY,BGY,True,True,0.9959016393442623,488,True,2016-01-04,2023-12-29
193,BH,BH,True,True,0.9959016393442623,488,True,2016-01-04,2023-12-29
194,BHE,BHE,True,True,0.9959016393442623,488,True,2016-01-04,2023-12-29
195,BHK,BHK,True,True,1.0,488,True,2016-01-04,2023-12-29
196,BHLB,BHLB,True,True,0.9959016393442623,488,False,2016-01-04,2023-12-29
197,BHP,BHP,True,True,0.9959016393442623,488,True,2016-01-04,2023-12-29
198,BID,BID,True,True,0.9959016393442623,488,False,2016-01-04,2019-10-02
199,BIF,BIF,True,True,0.9959016393442623,488,False,2016-01-04,2023-12-29
200,BIG,BIG,True,True,0.9959016393442623,488,False,2016-01-04,2023-12-29
201,BIO,BIO,True,True,0.9959016393442623,488,True,2016-01-04,2023-12-29
202,BIO.B,BIO.B,True,True,1.0,468,False,2016-01-12,2023-12-29
203,BIP,BIP,True,False,0.7930327868852459,488,False,2016-01-04,2023-12-29
204,BITA,BITA,True,True,0.9959016393442623,488,False,2016-01-04,2020-11-03
205,BJZ,BJZ,True,True,0.9959016393442623,488,False,2016-01-04,2018-12-14
206,BK,BK,True,True,0.9918032786885246,488,False,2016-01-04,2023-12-29
207,BK-C,BK.PRC,True,True,0.9959016393442623,488,False,2016-01-04,2020-12-18
208,BKD,BKD,True,True,0.9959016393442623,488,True,2016-01-04,2023-12-29
209,BKE,BKE,True,True,0.9959016393442623,488,True,2016-01-04,2023-12-29
210,BKH,BKH,True,True,0.9959016393442623,488,True,2016-01-04,2023-12-29
211,BKK,BKK,True,True,1.0,488,False,2016-01-04,2020-12-15
212,BKN,BKN,True,True,0.9918032786885246,488,False,2016-01-04,2023-12-29
213,BKS,BKS,True,True,0.9959016393442623,488,False,2016-01-04,2019-08-06
214,BKT,BKT,True,True,0.9508196721311475,488,True,2016-01-04,2023-12-29
215,BKU,BKU,True,True,0.9959016393442623,488,True,2016-01-04,2023-12-29
216,BLH,BLH,True,True,0.9958677685950413,484,False,2016-01-05,2018-12-14
217,BLK,BLK,True,True,0.9959016393442623,488,True,2016-01-04,2023-12-29
218,BLL,BLL,True,False,0.6905737704918032,488,False,2016-01-04,2023-12-29
219,BLW,BLW,True,True,0.9918032786885246,488,False,2016-01-04,2023-12-29
220,BLX,BLX,True,True,0.9959016393442623,488,True,2016-01-04,2023-12-29
221,BMA,BMA,True,True,0.9959016393442623,488,True,2016-01-04,2023-12-29
222,BME,BME,True,True,0.9795081967213115,488,True,2016-01-04,2023-12-29
223,BMI,BMI,True,False,0.8299180327868853,488,False,2016-01-04,2023-12-29
224,BML-G,BML.PRG,True,True,0.9877049180327869,488,True,2016-01-04,2023-12-29
225,BML-H,BML.PRH,True,True,0.9918032786885246,488,True,2016-01-04,2023-12-29
226,BML-I,BML.PRI,True,True,0.9918032786885246,488,False,2016-01-04,2018-07-26
227,BML-J,BML.PRJ,True,True,0.9959016393442623,488,True,2016-01-04,2023-12-29
228,BML-L,BML.PRL,True,True,0.9918032786885246,488,True,2016-01-04,2023-12-29
229,BMO,BMO,True,True,0.9959016393442623,488,True,2016-01-04,2023-12-29
230,BMS,BMS,True,True,0.9959016393442623,488,False,2016-01-04,2019-05-14
231,BMY,BMY,True,True,0.9959016393442623,488,True,2016-01-04,2023-12-29
232,BNJ,BNJ,True,True,0.9877049180327869,488,False,2016-01-04,2018-06-08
233,BNS,BNS,True,True,0.9959016393442623,488,True,2016-01-04,2023-12-29
234,BNY,BNY,True,True,0.9877049180327869,488,False,2016-01-04,2023-12-29
235,BOE,BOE,True,True,0.9959016393442623,488,True,2016-01-04,2023-12-29
236,BOH,BOH,True,True,0.9959016393442623,488,True,2016-01-04,2023-12-29
237,BP,BP,True,True,0.9959016393442623,488,True,2016-01-04,2023-12-29
238,BPI,BPI,True,True,0.9959016393442623,488,False,2016-01-04,2022-11-09
239,BPK,BPK,True,True,0.9918032786885246,488,False,2016-01-04,2018-12-14
240,BPL,BPL,True,True,0.9959016393442623,488,False,2016-01-04,2019-10-31
241,BPT,BPT,True,True,0.9959016393442623,488,False,2016-01-04,2023-12-29
242,BQH,BQH,True,True,0.9918032786885246,488,False,2016-01-04,2020-10-19
243,BR,BR,True,True,0.9959016393442623,488,True,2016-01-04,2023-12-29
244,BRC,BRC,True,True,0.9959016393442623,488,True,2016-01-04,2023-12-29
245,BRFS,BRFS,True,True,0.9959016393442623,488,False,2016-01-04,2023-12-29
246,BRK.B,BRK.B,True,True,0.9959016393442623,488,True,2016-01-04,2023-12-29
247,BRO,BRO,True,False,0.4733606557377049,488,True,2016-01-04,2023-12-29
248,BRS,BRS,True,True,0.9959016393442623,488,False,2016-01-04,2019-05-10
249,BRT,BRT,True,True,0.9959016393442623,488,False,2016-01-04,2023-12-29
250,BSAC,BSAC,True,True,0.9959016393442623,488,True,2016-01-04,2023-12-29
251,BSD,BSD,True,True,0.9836065573770492,488,False,2016-01-04,2021-04-09
252,BSE,BSE,True,True,0.9795081967213115,488,False,2016-01-04,2021-04-09
253,BSL,BSL,True,True,0.9959016393442623,488,False,2016-01-04,2023-12-29
254,BSMX,BSMX,True,True,0.9959016393442623,488,False,2016-01-04,2023-05-04
255,BSX,BSX,True,True,0.9959016393442623,488,True,2016-01-04,2023-12-29
256,BT,BT,True,True,0.9959016393442623,488,False,2016-01-04,2019-09-13
257,BTA,BTA,True,True,0.9918032786885246,488,False,2016-01-04,2023-12-29
258,BTI,BTI,True,False,0.9385245901639344,488,False,2016-01-04,2023-12-29
259,BTO,BTO,True,True,0.9959016393442623,488,True,2016-01-04,2023-12-29
260,BTT,BTT,True,True,0.9918032786885246,488,True,2016-01-04,2023-12-29
261,BTZ,BTZ,True,True,0.9959016393442623,488,True,2016-01-04,2023-12-29
262,BUD,BUD,True,True,0.9959016393442623,488,True,2016-01-04,2023-12-29
263,BUI,BUI,True,True,0.9959016393442623,488,False,2016-01-04,2023-12-29
264,BWA,BWA,True,True,0.9959016393442623,488,True,2016-01-04,2023-12-29
265,BWG,BWG,True,True,0.9918032786885246,488,True,2016-01-04,2023-12-29
266,BWP,BWP,True,True,0.9959016393442623,488,False,2016-01-04,2018-07-17
267,BWXT,BWXT,True,True,0.9918032786885246,488,True,2016-01-04,2023-12-29
268,BX,BX,True,True,0.9959016393442623,488,True,2016-01-04,2023-12-29
269,BXMX,BXMX,True,True,0.9959016393442623,488,False,2016-01-04,2023-12-29
270,BXP,BXP,True,True,0.9959016393442623,488,True,2016-01-04,2023-12-29
271,BYD,BYD,True,True,0.9959016393442623,488,True,2016-01-04,2023-12-29
272,BYM,BYM,True,True,0.9959016393442623,488,False,2016-01-04,2023-12-29
273,BZH,BZH,True,True,0.9959016393442623,488,True,2016-01-04,2023-12-29
274,C,C,True,True,0.9959016393442623,488,True,2016-01-04,2023-12-29
275,C-N,C.PRN,True,True,0.9918032786885246,488,False,2016-01-04,2023-12-29
276,C-P,C.PRP,True,True,0.9918032786885246,488,False,2016-01-04,2018-01-02
277,CACI,CACI,True,True,0.9959016393442623,488,True,2016-01-04,2023-12-29
278,CAE,CAE,True,True,0.9959016393442623,488,True,2016-01-04,2023-12-29
279,CAF,CAF,True,True,0.9959016393442623,488,True,2016-01-04,2023-12-29
280,CAG,CAG,True,False,0.819672131147541,488,True,2016-01-04,2023-12-29
281,CAH,CAH,True,True,0.9959016393442623,488,True,2016-01-04,2023-12-29
282,CAJ,CAJ,True,True,0.9959016393442623,488,False,2016-01-04,2023-03-06
283,CAL,CAL,True,True,0.9959016393442623,488,True,2016-01-04,2023-12-29
284,CAPL,CAPL,True,True,0.9918032786885246,488,True,2016-01-04,2023-12-29
285,CAT,CAT,True,True,0.9959016393442623,488,True,2016-01-04,2023-12-29
286,CATO,CATO,True,True,0.9959016393442623,488,True,2016-01-04,2023-12-29
287,CB,CB,True,True,0.9959016393442623,488,True,2016-01-04,2023-12-29
288,CBB,CBB,True,True,0.9932659932659933,297,False,2016-10-05,2021-09-03
289,CBB-B,CBB.PRB,True,True,0.9918032786885246,488,False,2016-01-04,2021-09-21
290,CBD,CBD,True,True,0.9959016393442623,488,False,2016-01-04,2023-12-29
291,CBG,CBG,True,True,0.9959016393442623,488,False,2016-01-04,2023-12-29
292,CBI,CBI,True,True,0.9959016393442623,488,False,2016-01-04,2018-05-10
293,CBL,CBL,True,True,0.9959016393442623,488,False,2016-01-04,2023-12-29
294,CBL-D,CBL.PRD,True,True,0.9959016393442623,488,False,2016-01-04,2020-11-02
295,CBL-E,CBL.PRE,True,True,0.9958762886597938,485,False,2016-01-04,2020-11-02
296,CBM,CBM,True,True,0.9959016393442623,488,False,2016-01-04,2019-12-03
297,CBS,CBS,True,True,0.9959016393442623,488,False,2016-01-04,2023-12-29
298,CBS.A,CBS.A,True,True,0.9877049180327869,488,False,2016-01-04,2019-12-04
299,CBT,CBT,True,True,0.9959016393442623,488,True,2016-01-04,2023-12-29
300,CBU,CBU,True,True,0.9959016393442623,488,True,2016-01-04,2023-12-29
301,CBZ,CBZ,True,True,0.9959016393442623,488,True,2016-01-04,2023-12-29
302,CCC,CCC,True,True,0.9959016393442623,488,False,2016-01-04,2018-03-08
303,CCJ,CCJ,True,True,0.9959016393442623,488,True,2016-01-04,2023-12-29
304,CCK,CCK,True,True,0.9959016393442623,488,True,2016-01-04,2023-12-29
305,CCL,CCL,True,True,0.9959016393442623,488,True,2016-01-04,2023-12-29
306,CCU,CCU,True,True,0.9959016393442623,488,True,2016-01-04,2023-12-29
307,CDR-B,CDR.PRB,True,True,0.9916317991631799,478,True,2016-01-04,2023-12-29
308,CE,CE,True,True,0.9959016393442623,488,True,2016-01-04,2023-12-29
309,CEA,CEA,True,True,0.9918032786885246,488,False,2016-01-04,2023-02-02
310,CEE,CEE,True,True,0.9836065573770492,488,False,2016-01-04,2023-12-29
311,CEM,CEM,True,True,0.9959016393442623,488,False,2016-01-04,2023-12-29
312,CEO,CEO,True,True,0.9959016393442623,488,False,2016-01-04,2021-03-08
313,CF,CF,True,True,0.9959016393442623,488,True,2016-01-04,2023-12-29
314,CFC-B,CFC.PRB,True,True,0.9959016393442623,488,False,2016-01-04,2018-04-30
315,CFR,CFR,True,True,0.9959016393442623,488,True,2016-01-04,2023-12-29
316,CFX,CFX,True,True,0.9959016393442623,488,False,2016-01-04,2023-12-29
317,CHA,CHA,True,True,0.9959016393442623,488,False,2016-01-04,2021-01-08
318,CHD,CHD,True,False,0.8627049180327869,488,False,2016-01-04,2023-12-29
319,CHE,CHE,True,True,0.9959016393442623,488,True,2016-01-04,2023-12-29
320,CHH,CHH,True,True,0.9959016393442623,488,True,2016-01-04,2023-12-29
321,CHK-D,CHK.PRD,True,True,0.9959016393442623,488,False,2016-01-04,2020-06-26
322,CHL,CHL,True,True,0.9959016393442623,488,False,2016-01-04,2021-01-08
323,CHN,CHN,True,True,0.9795081967213115,488,False,2016-01-04,2023-12-29
324,CHS,CHS,True,True,0.9959016393442623,488,False,2016-01-04,2023-12-29
325,CHSP,CHSP,True,True,0.9959016393442623,488,False,2016-01-04,2019-09-17
326,CHT,CHT,True,True,0.9959016393442623,488,True,2016-01-04,2023-12-29
327,CHU,CHU,True,True,0.9959016393442623,488,False,2016-01-04,2021-01-08
328,CI,CI,True,True,0.9959016393442623,488,True,2016-01-04,2023-12-29
329,CIA,CIA,True,True,0.9959016393442623,488,True,2016-01-04,2023-12-29
330,CIB,CIB,True,True,0.9959016393442623,488,True,2016-01-04,2023-12-29
331,CIEN,CIEN,True,True,0.9959016393442623,488,True,2016-01-04,2023-12-29
332,CII,CII,True,True,0.9918032786885246,488,True,2016-01-04,2023-12-29
333,CIM,CIM,True,True,1.0,488,True,2016-01-04,2023-12-29
334,CIR,CIR,True,True,0.9959016393442623,488,False,2016-01-04,2023-10-17
335,CIT,CIT,True,True,0.9959016393442623,488,False,2016-01-04,2022-01-03
336,CKH,CKH,True,False,0.8688524590163934,488,False,2016-01-04,2021-04-15
337,CL,CL,True,True,0.9959016393442623,488,True,2016-01-04,2023-12-29
338,CLB,CLB,True,True,0.9959016393442623,488,True,2016-01-04,2023-12-29
339,CLDT,CLDT,True,True,0.9959016393442623,488,True,2016-01-04,2023-12-29
340,CLGX,CLGX,True,True,0.9959016393442623,488,False,2016-01-04,2021-06-03
341,CLH,CLH,True,True,0.9959016393442623,488,True,2016-01-04,2023-12-29
342,CLI,CLI,True,True,0.9959016393442623,488,False,2016-01-04,2023-12-29
343,CLR,CLR,True,True,0.9959016393442623,488,False,2016-01-04,2022-11-22
344,CLS,CLS,True,True,1.0,488,True,2016-01-04,2023-12-29
345,CLW,CLW,True,True,0.9959016393442623,488,True,2016-01-04,2023-12-29
346,CLX,CLX,True,True,0.9959016393442623,488,True,2016-01-04,2023-12-29
347,CM,CM,True,False,0.4569672131147541,488,True,2016-01-04,2023-12-29
348,CMA,CMA,True,True,0.9959016393442623,488,False,2016-01-04,2023-12-29
349,CMC,CMC,True,True,0.9959016393442623,488,True,2016-01-04,2023-12-29
350,CMD,CMD,True,False,0.805327868852459,488,False,2016-01-04,2021-06-01
351,CMG,CMG,True,False,0.9282786885245902,488,True,2016-01-04,2023-12-29
352,CMI,CMI,True,True,0.9959016393442623,488,True,2016-01-04,2023-12-29
353,CMO,CMO,True,True,0.9959016393442623,488,False,2016-01-04,2021-10-18
354,CMP,CMP,True,True,0.9959016393442623,488,True,2016-01-04,2023-12-29
355,CMRE,CMRE,True,True,0.9959016393442623,488,True,2016-01-04,2023-12-29
356,CMS,CMS,True,True,0.9959016393442623,488,True,2016-01-04,2023-12-29
357,CNA,CNA,True,True,0.9959016393442623,488,True,2016-01-04,2023-12-29
358,CNC,CNC,True,False,0.4918032786885246,488,True,2016-01-04,2023-12-29
359,CNI,CNI,True,True,0.9959016393442623,488,True,2016-01-04,2023-12-29
360,CNK,CNK,True,True,0.9959016393442623,488,True,2016-01-04,2023-12-29
361,CNO,CNO,True,True,0.9959016393442623,488,True,2016-01-04,2023-12-29
362,CNP,CNP,True,True,0.9959016393442623,488,True,2016-01-04,2023-12-29
363,CNQ,CNQ,True,False,0.48155737704918034,488,True,2016-01-04,2023-12-29
364,CNS,CNS,True,True,0.9959016393442623,488,True,2016-01-04,2023-12-29
365,CODI,CODI,True,True,0.9959016393442623,488,True,2016-01-04,2023-12-29
366,COF,COF,True,True,0.9959016393442623,488,True,2016-01-04,2023-12-29
367,COF-P,COF.PRP,True,True,0.9959016393442623,488,False,2016-01-04,2020-01-30
368,COG,COG,True,True,0.9959016393442623,488,False,2016-01-04,2023-12-29
369,COL,COL,True,True,0.9959016393442623,488,False,2016-01-04,2018-11-26
370,COO,COO,True,False,0.6741803278688525,488,True,2016-01-04,2023-12-29
371,COP,COP,True,True,0.9959016393442623,488,True,2016-01-04,2023-12-29
372,COR,COR,True,True,0.9959016393442623,488,False,2016-01-04,2023-12-29
373,COT,COT,True,True,0.9959016393442623,488,False,2016-01-04,2023-12-29
374,CP,CP,True,False,0.5225409836065574,488,True,2016-01-04,2023-12-29
375,CPA,CPA,True,True,0.9959016393442623,488,True,2016-01-04,2023-12-29
376,CPB,CPB,True,True,0.9959016393442623,488,True,2016-01-04,2023-12-29
377,CPF,CPF,True,True,0.9959016393442623,488,True,2016-01-04,2023-12-29
378,CPG,CPG,True,True,0.9959016393442623,488,False,2016-01-04,2023-12-29
379,CPK,CPK,True,True,0.9959016393442623,488,True,2016-01-04,2023-12-29
380,CPL,CPL,True,True,0.9958677685950413,484,False,2016-01-04,2020-01-27
381,CPN,CPN,True,True,0.9959016393442623,488,False,2016-01-04,2018-03-07
382,CPT,CPT,True,True,0.9959016393442623,488,True,2016-01-04,2023-12-29
383,CR,CR,True,True,0.9959016393442623,488,False,2016-01-04,2023-12-29
384,CRH,CRH,True,True,0.9959016393442623,488,True,2016-01-04,2023-12-29
385,CRI,CRI,True,True,0.9959016393442623,488,True,2016-01-04,2023-12-29
386,CRL,CRL,True,True,0.9959016393442623,488,True,2016-01-04,2023-12-29
387,CRM,CRM,True,True,0.9959016393442623,488,True,2016-01-04,2023-12-29
388,CRR,CRR,True,True,0.9959016393442623,488,False,2016-01-04,2019-12-20
389,CRS,CRS,True,True,0.9959016393442623,488,True,2016-01-04,2023-12-29
390,CRT,CRT,True,True,0.9959016393442623,488,False,2016-01-04,2023-12-29
391,CRY,CRY,True,True,0.9959016393442623,488,False,2016-01-04,2023-12-29
392,CS,CS,True,True,0.9959016393442623,488,False,2016-01-04,2023-06-09
393,CSL,CSL,True,True,0.9959016393442623,488,True,2016-01-04,2023-12-29
394,CSS,CSS,True,True,0.9959016393442623,488,False,2016-01-04,2020-03-03
395,CSU,CSU,True,True,0.9959016393442623,488,False,2016-01-04,2023-12-29
396,CSV,CSV,True,True,0.9959016393442623,488,True,2016-01-04,2023-12-29
397,CTB,CTB,True,True,0.9959016393442623,488,False,2016-01-04,2021-06-04
398,CTL,CTL,True,True,0.9918032786885246,488,False,2016-01-04,2023-12-29
399,CTR,CTR,True,True,0.9959016393442623,488,False,2016-01-04,2023-12-29
400,CTS,CTS,True,True,0.9959016393442623,488,True,2016-01-04,2023-12-29
401,CTW,CTW,True,True,0.9918032786885246,488,False,2016-01-04,2018-08-20
402,CUB,CUB,True,True,0.9959016393442623,488,False,2016-01-04,2021-05-24
403,CUBE,CUBE,True,True,0.9959016393442623,488,True,2016-01-04,2023-12-29
404,CUBI,CUBI,True,True,0.9959016393442623,488,True,2016-01-04,2023-12-29
405,CUK,CUK,True,True,0.9959016393442623,488,False,2016-01-04,2023-12-29
406,CULP,CULP,True,True,0.9959016393442623,488,True,2016-01-04,2023-12-29
407,CUZ,CUZ,True,True,0.9959016393442623,488,True,2016-01-04,2023-12-29
408,CVA,CVA,True,True,0.9959016393442623,488,False,2016-01-04,2021-11-29
409,CVE,CVE,True,True,0.9959016393442623,488,True,2016-01-04,2023-12-29
410,CVG,CVG,True,True,0.9959016393442623,488,False,2016-01-04,2018-10-04
411,CVI,CVI,True,True,0.9959016393442623,488,True,2016-01-04,2023-12-29
412,CVS,CVS,True,True,0.9959016393442623,488,True,2016-01-04,2023-12-29
413,CVX,CVX,True,True,0.9959016393442623,488,True,2016-01-04,2023-12-29
414,CW,CW,True,True,0.9959016393442623,488,True,2016-01-04,2023-12-29
415,CWT,CWT,True,True,0.9959016393442623,488,True,2016-01-04,2023-12-29
416,CXH,CXH,True,True,0.9836065573770492,488,False,2016-01-04,2023-12-29
417,CXO,CXO,True,True,0.9959016393442623,488,False,2016-01-04,2021-01-15
418,CXW,CXW,True,True,0.9918032786885246,488,True,2016-01-04,2023-12-29
419,CYD,CYD,True,True,0.9959016393442623,488,True,2016-01-04,2023-12-29
420,CYS,CYS,True,True,0.9959016393442623,488,False,2016-01-04,2018-07-31
421,CYS-A,CYS.PRA,True,True,0.9959016393442623,488,False,2016-01-04,2018-07-31
422,D,D,True,True,0.9959016393442623,488,True,2016-01-04,2023-12-29
423,DAL,DAL,True,True,0.9959016393442623,488,True,2016-01-04,2023-12-29
424,DAN,DAN,True,True,0.9959016393442623,488,True,2016-01-04,2023-12-29
425,DAR,DAR,True,True,0.9959016393442623,488,True,2016-01-04,2023-12-29
426,DB,DB,True,True,0.9938524590163934,488,True,2016-01-04,2023-12-29
427,DBD,DBD,True,True,0.9959016393442623,488,False,2016-01-04,2023-06-02
428,DBL,DBL,True,True,0.9959016393442623,488,True,2016-01-04,2023-12-29
429,DCI,DCI,True,True,0.9959016393442623,488,True,2016-01-04,2023-12-29
430,DCM,DCM,True,True,0.9959016393442623,488,False,2016-01-04,2018-04-12
431,DCO,DCO,True,True,0.9959016393442623,488,True,2016-01-04,2023-12-29
432,DCP,DCP,True,True,0.9959016393442623,488,False,2016-01-04,2023-06-14
433,DDD,DDD,True,True,0.9959016393442623,488,True,2016-01-04,2023-12-29
434,DDF,DDF,True,True,0.9959016393442623,488,False,2016-01-04,2023-03-10
435,DDR,DDR,True,True,0.9959016393442623,488,False,2016-01-04,2023-12-29
436,DDR-J,DDR.PRJ,True,True,0.9959016393442623,488,False,2016-01-04,2018-10-11
437,DDS,DDS,True,True,0.9959016393442623,488,True,2016-01-04,2023-12-29
438,DDT,DDT,True,True,0.9959016393442623,488,False,2016-01-04,2023-12-29
439,DE,DE,True,True,0.9959016393442623,488,True,2016-01-04,2023-12-29
440,DECK,DECK,True,False,0.5819672131147541,488,True,2016-01-04,2023-12-29
441,DEI,DEI,True,True,0.9959016393442623,488,True,2016-01-04,2023-12-29
442,DEL,DEL,True,True,0.9959016393442623,488,False,2016-01-04,2018-02-20
443,DEO,DEO,True,True,0.9959016393442623,488,True,2016-01-04,2023-12-29
444,DEX,DEX,True,True,0.9959016393442623,488,False,2016-01-04,2023-03-10
445,DFS,DFS,True,True,0.9959016393442623,488,False,2016-01-04,2023-12-29
446,DG,DG,True,True,0.9959016393442623,488,True,2016-01-04,2023-12-29
447,DGX,DGX,True,True,0.9959016393442623,488,True,2016-01-04,2023-12-29
448,DHG,DHG,True,True,0.9918032786885246,488,False,2016-01-04,2018-03-09
449,DHI,DHI,True,True,0.9959016393442623,488,True,2016-01-04,2023-12-29
450,DHR,DHR,True,True,0.9631147540983607,488,True,2016-01-04,2023-12-29
451,DIN,DIN,True,True,0.9959016393442623,488,True,2016-01-04,2023-12-29
452,DIS,DIS,True,True,0.9959016393442623,488,True,2016-01-04,2023-12-29
453,DKL,DKL,True,True,0.9959016393442623,488,True,2016-01-04,2023-12-29
454,DKS,DKS,True,True,0.9959016393442623,488,True,2016-01-04,2023-12-29
455,DKT,DKT,True,True,0.9959016393442623,488,False,2016-01-04,2019-11-27
456,DLB,DLB,True,True,0.9959016393442623,488,True,2016-01-04,2023-12-29
457,DLR,DLR,True,True,0.9959016393442623,488,True,2016-01-04,2023-12-29
458,DLX,DLX,True,True,0.9959016393442623,488,True,2016-01-04,2023-12-29
459,DMO,DMO,True,True,0.9918032786885246,488,False,2016-01-04,2023-12-29
460,DNB,DNB,True,True,0.9959016393442623,488,False,2016-01-04,2019-02-07
461,DNI,DNI,True,True,0.9918032786885246,488,False,2016-01-04,2020-10-08
462,DNP,DNP,True,True,0.9959016393442623,488,False,2016-01-04,2023-12-29
463,DO,DO,True,True,0.9959016393442623,488,False,2016-01-04,2023-12-29
464,DOV,DOV,True,False,0.8381147540983607,488,True,2016-01-04,2023-12-29
465,DPG,DPG,True,True,0.9959016393442623,488,True,2016-01-04,2023-12-29
466,DPS,DPS,True,True,1.0,488,False,2016-01-04,2023-12-29
467,DPZ,DPZ,True,True,0.9959016393442623,488,True,2016-01-04,2023-12-29
468,DRE,DRE,True,True,0.9959016393442623,488,False,2016-01-04,2022-09-30
469,DRH,DRH,True,True,0.9959016393442623,488,True,2016-01-04,2023-12-29
470,DRI,DRI,True,True,0.9959016393442623,488,True,2016-01-04,2023-12-29
471,DRQ,DRQ,True,True,0.9959016393442623,488,False,2016-01-04,2023-12-29
472,DS-B,DS.PRB,True,False,0.9914893617021276,235,False,2016-12-29,2022-12-30
473,DSM,DSM,True,True,0.9918032786885246,488,True,2016-01-04,2023-12-29
474,DST,DST,True,False,0.7807377049180327,488,False,2016-01-04,2018-04-16
475,DSU,DSU,True,True,0.9959016393442623,488,True,2016-01-04,2023-12-29
476,DSW,DSW,True,True,0.9959016393442623,488,False,2016-01-04,2023-12-29
477,DTE,DTE,True,True,0.9959016393442623,488,True,2016-01-04,2023-12-29
478,DTF,DTF,True,True,0.9877049180327869,488,False,2016-01-04,2023-12-29
479,DTK,DTK,True,True,0.9918032786885246,488,False,2016-01-04,2018-01-17
480,DUC,DUC,True,True,0.9877049180327869,488,False,2016-01-04,2021-03-05
481,DUK,DUK,True,True,0.9959016393442623,488,True,2016-01-04,2023-12-29
482,DVA,DVA,True,True,0.9959016393442623,488,True,2016-01-04,2023-12-29
483,DVN,DVN,True,True,0.9959016393442623,488,True,2016-01-04,2023-12-29
484,DX,DX,True,True,0.9959016393442623,488,True,2016-01-04,2023-12-29
485,DX-A,DX.PRA,True,True,0.9917525773195877,485,False,2016-01-04,2020-02-12
486,DXB,DXB,True,True,0.9918032786885246,488,False,2016-01-04,2020-04-07
487,DY,DY,True,True,0.9959016393442623,488,True,2016-01-04,2023-12-29
488,DYN,DYN,True,True,0.9959016393442623,488,False,2016-01-04,2018-04-06
489,E,E,True,True,0.9959016393442623,488,True,2016-01-04,2023-12-29
490,EAT,EAT,True,True,0.9959016393442623,488,True,2016-01-04,2023-12-29
491,EBF,EBF,True,True,0.9959016393442623,488,True,2016-01-04,2023-12-29
492,EBS,EBS,True,True,0.9938524590163934,488,True,2016-01-04,2023-12-29
493,EC,EC,True,True,0.9959016393442623,488,True,2016-01-04,2023-12-29
494,ECL,ECL,True,True,0.9959016393442623,488,True,2016-01-04,2023-12-29
495,ED,ED,True,True,0.9959016393442623,488,True,2016-01-04,2023-12-29
496,EDD,EDD,True,True,0.9959016393442623,488,True,2016-01-04,2023-12-29
497,EDF,EDF,True,True,0.9959016393442623,488,True,2016-01-04,2023-12-29
498,EDI,EDI,True,True,0.9959016393442623,488,False,2016-01-04,2023-12-15
499,EDR,EDR,True,True,0.9959016393442623,488,False,2016-01-04,2018-09-19
500,EDU,EDU,True,True,0.9959016393442623,488,True,2016-01-04,2023-12-29
501,EE,EE,True,True,0.9959016393442623,488,False,2016-01-04,2020-07-29
502,EEA,EEA,True,True,0.9877049180327869,488,False,2016-01-04,2023-12-29
503,EEP,EEP,True,True,0.9959016393442623,488,False,2016-01-04,2018-12-19
504,EEQ,EEQ,True,True,0.9959016393442623,488,False,2016-01-04,2018-12-19
505,EFC,EFC,True,True,0.9959016393442623,488,True,2016-01-04,2023-12-29
506,EFR,EFR,True,True,0.9959016393442623,488,True,2016-01-04,2023-12-29
507,EFT,EFT,True,True,0.9959016393442623,488,True,2016-01-04,2023-12-29
508,EFX,EFX,True,True,0.9959016393442623,488,True,2016-01-04,2023-12-29
509,EGF,EGF,True,True,0.9836065573770492,488,False,2016-01-04,2023-12-29
510,EGHT,EGHT,True,True,0.9917864476386037,487,True,2016-01-04,2023-12-29
511,EGN,EGN,True,True,0.9959016393442623,488,False,2016-01-04,2018-11-29
512,EGP,EGP,True,True,0.9959016393442623,488,True,2016-01-04,2023-12-29
513,EHI,EHI,True,True,0.9959016393442623,488,True,2016-01-04,2023-12-29
514,EIG,EIG,True,True,0.9959016393442623,488,True,2016-01-04,2023-12-29
515,EIX,EIX,True,True,0.9959016393442623,488,True,2016-01-04,2023-12-29
516,EL,EL,True,True,0.9959016393442623,488,True,2016-01-04,2023-12-29
517,ELLI,ELLI,True,True,0.9959016393442623,488,False,2016-01-04,2019-04-16
518,ELS,ELS,True,False,0.47540983606557374,488,True,2016-01-04,2023-12-29
519,ELY,ELY,True,True,0.9959016393442623,488,False,2016-01-04,2023-12-29
520,EMD,EMD,True,True,0.9959016393442623,488,True,2016-01-04,2023-12-29
521,EME,EME,True,True,0.9959016393442623,488,True,2016-01-04,2023-12-29
522,EMF,EMF,True,True,0.9918032786885246,488,True,2016-01-04,2023-12-29
523,EMN,EMN,True,True,0.9959016393442623,488,True,2016-01-04,2023-12-29
524,EMO,EMO,True,True,0.9959016393442623,488,True,2016-01-04,2023-12-29
525,EMR,EMR,True,True,0.9959016393442623,488,True,2016-01-04,2023-12-29
526,ENB,ENB,True,True,0.9959016393442623,488,True,2016-01-04,2023-12-29
527,ENIA,ENIA,True,True,0.9959016393442623,488,False,2016-01-04,2022-06-17
528,ENLK,ENLK,True,True,0.9959016393442623,488,False,2016-01-04,2019-01-25
529,ENS,ENS,True,True,0.9959016393442623,488,True,2016-01-04,2023-12-29
530,ENV,ENV,True,True,0.9959016393442623,488,False,2016-01-04,2023-12-29
531,EOCC,EOCC,True,True,0.9959016393442623,488,False,2016-01-04,2018-12-28
532,EOD,EOD,True,True,0.9877049180327869,488,True,2016-01-04,2023-12-29
533,EOG,EOG,True,True,0.9959016393442623,488,True,2016-01-04,2023-12-29
534,EOI,EOI,True,True,0.9877049180327869,488,True,2016-01-04,2023-12-29
535,EOS,EOS,True,True,0.9959016393442623,488,True,2016-01-04,2023-12-29
536,EOT,EOT,True,True,0.9959016393442623,488,False,2016-01-04,2023-12-29
537,EP-C,EP.PRC,True,True,0.9912280701754386,456,False,2016-01-04,2023-12-29
538,EPAM,EPAM,True,True,0.9959016393442623,488,True,2016-01-04,2023-12-29
539,EPC,EPC,True,True,0.9959016393442623,488,True,2016-01-04,2023-12-29
540,EPD,EPD,True,True,0.9959016393442623,488,True,2016-01-04,2023-12-29
541,EPR,EPR,True,True,0.9959016393442623,488,True,2016-01-04,2023-12-29
542,EPR-C,EPR.PRC,True,True,0.9959016393442623,488,True,2016-01-04,2023-12-29
543,EPR-E,EPR.PRE,True,True,0.979381443298969,485,True,2016-01-04,2023-12-29
544,EQC,EQC,True,True,0.9959016393442623,488,False,2016-01-04,2023-12-29
545,EQC-D,EQC.PRD,True,True,1.0,488,False,2016-01-04,2023-12-29
546,EQM,EQM,True,True,0.9959016393442623,488,False,2016-01-04,2020-06-16
547,EQR,EQR,True,True,0.9959016393442623,488,False,2016-01-04,2023-12-29
548,EQT,EQT,True,False,0.930327868852459,488,True,2016-01-04,2023-12-29
549,ERJ,ERJ,True,True,0.9959016393442623,488,False,2016-01-04,2023-12-29
550,ES,ES,True,True,0.9959016393442623,488,True,2016-01-04,2023-12-29
551,ESE,ESE,True,True,0.9959016393442623,488,True,2016-01-04,2023-12-29
552,ESL,ESL,True,True,0.9959016393442623,488,False,2016-01-04,2019-03-13
553,ESS,ESS,True,True,0.9959016393442623,488,True,2016-01-04,2023-12-29
554,ESTE,ESTE,True,True,0.9959016393442623,488,False,2016-01-04,2023-10-31
555,ETB,ETB,True,True,0.9836065573770492,488,False,2016-01-04,2023-12-29
556,ETG,ETG,True,True,0.9877049180327869,488,True,2016-01-04,2023-12-29
557,ETH,ETH,True,True,0.9959016393442623,488,False,2016-01-04,2023-12-29
558,ETJ,ETJ,True,True,0.9959016393442623,488,True,2016-01-04,2023-12-29
559,ETM,ETM,True,True,0.9959016393442623,488,False,2016-01-04,2023-05-16
560,ETN,ETN,True,True,0.9959016393442623,488,True,2016-01-04,2023-12-29
561,ETO,ETO,True,True,0.9918032786885246,488,False,2016-01-04,2023-12-29
562,ETP,ETP,True,True,0.9959016393442623,488,False,2016-01-04,2018-10-18
563,ETR,ETR,True,False,0.4385245901639344,488,True,2016-01-04,2023-12-29
564,ETV,ETV,True,True,0.9959016393442623,488,True,2016-01-04,2023-12-29
565,ETW,ETW,True,True,0.9959016393442623,488,True,2016-01-04,2023-12-29
566,ETY,ETY,True,True,0.9959016393442623,488,True,2016-01-04,2023-12-29
567,EV,EV,True,True,0.9959016393442623,488,False,2016-01-04,2021-02-26
568,EVF,EVF,True,True,0.9959016393442623,488,True,2016-01-04,2023-12-29
569,EVG,EVG,True,True,0.9959016393442623,488,False,2016-01-04,2023-12-29
570,EVN,EVN,True,True,0.9918032786885246,488,True,2016-01-04,2023-12-29
571,EVR,EVR,True,True,0.9959016393442623,488,True,2016-01-04,2023-12-29
572,EVT,EVT,True,True,0.9918032786885246,488,True,2016-01-04,2023-12-29
573,EW,EW,True,False,0.5676229508196722,488,True,2016-01-04,2023-12-29
574,EXC,EXC,True,True,0.9959016393442623,488,True,2016-01-04,2023-12-29
575,EXD,EXD,True,True,0.9918032786885246,488,False,2016-01-04,2023-04-14
576,EXG,EXG,True,True,0.9959016393442623,488,True,2016-01-04,2023-12-29
577,EXP,EXP,True,True,0.9959016393442623,488,True,2016-01-04,2023-12-29
578,EXPR,EXPR,True,True,0.9959016393442623,488,False,2016-01-04,2023-12-29
579,EXR,EXR,True,True,0.9959016393442623,488,True,2016-01-04,2023-12-29
580,F,F,True,True,0.9959016393442623,488,True,2016-01-04,2023-12-29
581,FAF,FAF,True,True,0.9959016393442623,488,True,2016-01-04,2023-12-29
582,FAM,FAM,True,True,0.9959016393442623,488,False,2016-01-04,2023-12-29
583,FBC,FBC,True,True,0.9959016393442623,488,False,2016-01-04,2022-11-30
584,FBHS,FBHS,True,True,0.9959016393442623,488,False,2016-01-04,2023-12-29
585,FBR,FBR,True,True,0.9959016393442623,488,False,2016-01-04,2019-01-03
586,FC,FC,True,True,1.0,488,True,2016-01-04,2023-12-29
587,FCF,FCF,True,True,0.9959016393442623,488,True,2016-01-04,2023-12-29
588,FCFS,FCFS,True,True,0.9937694704049844,321,True,2016-08-31,2023-12-29
589,FCN,FCN,True,True,0.9959016393442623,488,True,2016-01-04,2023-12-29
590,FCT,FCT,True,True,0.9877049180327869,488,False,2016-01-04,2023-12-29
591,FDP,FDP,True,True,0.9959016393442623,488,False,2016-01-04,2023-12-29
592,FDS,FDS,True,True,0.9959016393442623,488,True,2016-01-04,2023-12-29
593,FDX,FDX,True,True,0.9959016393442623,488,True,2016-01-04,2023-12-29
594,FE,FE,True,True,0.9959016393442623,488,True,2016-01-04,2023-12-29
595,FEI,FEI,True,True,0.9959016393442623,488,False,2016-01-04,2023-12-29
596,FEO,FEO,True,True,0.9918032786885246,488,False,2016-01-04,2022-12-01
597,FET,FET,True,True,0.9959016393442623,488,True,2016-01-04,2023-12-29
598,FF,FF,True,True,0.9959016393442623,488,True,2016-01-04,2023-12-29
599,FFA,FFA,True,True,0.9959016393442623,488,False,2016-01-04,2023-12-29
600,FFC,FFC,True,True,0.9959016393442623,488,True,2016-01-04,2023-12-29
601,FFG,FFG,True,True,0.9959016393442623,488,False,2016-01-04,2021-05-25
602,FHN,FHN,True,True,0.9959016393442623,488,True,2016-01-04,2023-12-29
603,FHY,FHY,True,True,0.9877049180327869,488,False,2016-01-04,2018-06-22
604,FICO,FICO,True,True,0.9959016393442623,488,True,2016-01-04,2023-12-29
605,FIF,FIF,True,True,0.9959016393442623,488,False,2016-01-04,2023-12-29
606,FII,FII,True,True,0.9959016393442623,488,False,2016-01-04,2023-12-29
607,FIS,FIS,True,True,0.9959016393442623,488,True,2016-01-04,2023-12-29
608,FIX,FIX,True,True,0.9959016393442623,488,True,2016-01-04,2023-12-29
609,FL,FL,True,True,0.9959016393442623,488,False,2016-01-04,2023-12-29
610,FLC,FLC,True,True,0.9959016393442623,488,False,2016-01-04,2023-12-29
611,FLO,FLO,True,True,0.9959016393442623,488,True,2016-01-04,2023-12-29
612,FLR,FLR,True,True,0.9959016393442623,488,True,2016-01-04,2023-12-29
613,FLS,FLS,True,True,0.9959016393442623,488,True,2016-01-04,2023-12-29
614,FLT,FLT,True,True,0.9959016393442623,488,False,2016-01-04,2023-12-29
615,FLY,FLY,True,True,0.9959016393442623,488,False,2016-01-04,2021-08-02
616,FMC,FMC,True,False,0.7479508196721312,488,True,2016-01-04,2023-12-29
617,FMN,FMN,True,True,0.9672131147540983,488,False,2016-01-04,2023-12-29
618,FMO,FMO,True,True,0.9959016393442623,488,False,2016-01-04,2022-03-04
619,FMS,FMS,True,True,0.9959016393442623,488,True,2016-01-04,2023-12-29
620,FMX,FMX,True,True,0.9959016393442623,488,True,2016-01-04,2023-12-29
621,FMY,FMY,True,True,0.9959016393442623,488,False,2016-01-04,2023-12-29
622,FN,FN,True,True,0.9959016393442623,488,True,2016-01-04,2023-12-29
623,FNB,FNB,True,True,0.9959016393442623,488,True,2016-01-04,2023-12-29
624,FNV,FNV,True,True,0.9959016393442623,488,True,2016-01-04,2023-12-29
625,FOF,FOF,True,True,0.9959016393442623,488,False,2016-01-04,2023-12-29
626,FPT,FPT,True,True,0.9704641350210971,474,False,2016-01-04,2017-11-17
627,FR,FR,True,True,0.9959016393442623,488,True,2016-01-04,2023-12-29
628,FRA,FRA,True,True,0.9959016393442623,488,True,2016-01-04,2023-12-29
629,FRC,FRC,True,True,0.9959016393442623,488,False,2016-01-04,2023-04-28
630,FRT,FRT,True,True,0.9959016393442623,488,True,2016-01-04,2023-12-29
631,FSD,FSD,True,True,0.9959016393442623,488,False,2016-01-04,2023-12-29
632,FSS,FSS,True,True,0.9959016393442623,488,True,2016-01-04,2023-12-29
633,FT,FT,True,True,0.9877049180327869,488,False,2016-01-04,2023-12-29
634,FUL,FUL,True,True,0.9959016393442623,488,True,2016-01-04,2023-12-29
635,FUN,FUN,True,True,0.9959016393442623,488,True,2016-01-04,2023-12-29
636,G,G,True,True,1.0,488,True,2016-01-04,2023-12-29
637,GAB-G,GAB.PRG,True,True,0.9958762886597938,485,True,2016-01-04,2023-12-29
638,GAB-H,GAB.PRH,True,True,0.9958762886597938,485,True,2016-01-04,2023-12-29
639,GAM,GAM,True,True,0.9959016393442623,488,True,2016-01-04,2023-12-29
640,GAM-B,GAM.PRB,True,True,0.9958762886597938,485,False,2016-01-04,2023-12-29
641,GATX,GATX,True,True,0.9959016393442623,488,True,2016-01-04,2023-12-29
642,GBAB,GBAB,True,True,0.9959016393442623,488,True,2016-01-04,2023-12-29
643,GBL,GBL,True,True,1.0,488,False,2016-01-04,2022-10-06
644,GBX,GBX,True,True,0.9959016393442623,488,True,2016-01-04,2023-12-29
645,GCH,GCH,True,True,0.9877049180327869,488,False,2016-01-04,2018-04-27
646,GCO,GCO,True,True,0.9959016393442623,488,True,2016-01-04,2023-12-29
647,GD,GD,True,True,0.9959016393442623,488,True,2016-01-04,2023-12-29
648,GDL,GDL,True,True,0.9877049180327869,488,False,2016-01-04,2023-12-29
649,GDO,GDO,True,True,0.9918032786885246,488,False,2016-01-04,2023-12-29
650,GDOT,GDOT,True,True,0.9959016393442623,488,True,2016-01-04,2023-12-29
651,GDV,GDV,True,True,0.9918032786885246,488,True,2016-01-04,2023-12-29
652,GDV-A,GDV.PRA,True,True,0.9915074309978769,471,False,2016-01-04,2020-09-24
653,GDV-D,GDV.PRD,True,True,0.9956331877729258,458,False,2016-01-04,2019-11-15
654,GE,GE,True,True,0.9918032786885246,488,True,2016-01-04,2023-12-29
655,GEF,GEF,True,True,0.9959016393442623,488,True,2016-01-04,2023-12-29
656,GEF.B,GEF.B,True,True,0.9959016393442623,488,True,2016-01-04,2023-12-29
657,GEL,GEL,True,True,0.9918032786885246,488,True,2016-01-04,2023-12-29
658,GEO,GEO,True,False,0.48770491803278687,488,False,2016-01-04,2023-12-29
659,GES,GES,True,True,0.9959016393442623,488,False,2016-01-04,2023-12-29
660,GF,GF,True,True,0.9754098360655737,488,False,2016-01-04,2023-12-29
661,GFF,GFF,True,True,0.9959016393442623,488,True,2016-01-04,2023-12-29
662,GFY,GFY,True,True,0.9918032786885246,488,False,2016-01-04,2020-11-20
663,GG,GG,True,True,0.9959016393442623,488,False,2016-01-04,2019-04-17
664,GGG,GGG,True,False,0.4774590163934426,488,True,2016-01-04,2023-12-29
665,GGP,GGP,True,True,0.9918032786885246,488,False,2016-01-04,2018-08-27
666,GGT,GGT,True,True,0.9918032786885246,488,False,2016-01-04,2023-12-29
667,GHC,GHC,True,True,0.9959016393442623,488,True,2016-01-04,2023-12-29
668,GHL,GHL,True,True,0.9959016393442623,488,False,2016-01-04,2023-11-30
669,GHM,GHM,True,True,0.9959016393442623,488,True,2016-01-04,2023-12-29
670,GHY,GHY,True,True,0.9959016393442623,488,True,2016-01-04,2023-12-29
671,GIB,GIB,True,True,0.9959016393442623,488,True,2016-01-04,2023-12-29
672,GIL,GIL,True,True,0.9959016393442623,488,False,2016-01-04,2023-12-29
673,GIM,GIM,True,True,0.9959016393442623,488,False,2016-01-04,2023-12-29
674,GIS,GIS,True,True,0.9959016393442623,488,True,2016-01-04,2023-12-29
675,GLOG,GLOG,True,True,0.9959016393442623,488,False,2016-01-04,2021-06-08
676,GLP,GLP,True,True,0.9959016393442623,488,True,2016-01-04,2023-12-29
677,GLT,GLT,True,True,0.9959016393442623,488,False,2016-01-04,2023-12-29
678,GLW,GLW,True,True,0.9959016393442623,488,True,2016-01-04,2023-12-29
679,GM,GM,True,True,0.9959016393442623,488,True,2016-01-04,2023-12-29
680,GME,GME,True,False,0.9200819672131147,488,True,2016-01-04,2023-12-29
681,GMED,GMED,True,True,0.9959016393442623,488,True,2016-01-04,2023-12-29
682,GNC,GNC,True,True,0.9959016393442623,488,False,2016-01-04,2020-06-29
683,GNE-A,GNE.PRA,True,True,0.9877049180327869,488,False,2016-01-04,2023-06-15
684,GNRC,GNRC,True,True,0.9959016393442623,488,True,2016-01-04,2023-12-29
685,GOF,GOF,True,True,0.9795081967213115,488,False,2016-01-04,2023-12-29
686,GPC,GPC,True,True,0.9959016393442623,488,True,2016-01-04,2023-12-29
687,GPI,GPI,True,True,0.9959016393442623,488,True,2016-01-04,2023-12-29
688,GPK,GPK,True,True,0.9959016393442623,488,True,2016-01-04,2023-12-29
689,GPM,GPM,True,True,0.9959016393442623,488,False,2016-01-04,2021-10-22
690,GPN,GPN,True,True,0.9959016393442623,488,False,2016-01-04,2023-12-29
691,GPS,GPS,True,True,0.9959016393442623,488,False,2016-01-04,2023-12-29
692,GPX,GPX,True,True,0.9959016393442623,488,False,2016-01-04,2021-10-14
693,GRA,GRA,True,True,0.9959016393442623,488,False,2016-01-04,2021-09-21
694,GRC,GRC,True,True,0.9959016393442623,488,True,2016-01-04,2023-12-29
695,GRR,GRR,True,True,0.9959016393442623,488,False,2016-01-04,2018-04-27
696,GRX,GRX,True,True,0.9918032786885246,488,False,2016-01-04,2023-12-29
697,GS,GS,True,True,0.9959016393442623,488,True,2016-01-04,2023-12-29
698,GS-A,GS.PRA,True,True,0.9959016393442623,488,True,2016-01-04,2023-12-29
699,GS-B,GS.PRB,True,True,0.9918032786885246,488,False,2016-01-04,2019-06-14
700,GS-C,GS.PRC,True,True,0.9877049180327869,488,True,2016-01-04,2023-12-29
701,GS-D,GS.PRD,True,True,0.9959016393442623,488,True,2016-01-04,2023-12-29
702,GSH,GSH,True,True,0.9959016393442623,488,False,2016-01-04,2020-11-25
703,GSK,GSK,True,False,0.7725409836065574,488,True,2016-01-04,2023-12-29
704,GTS,GTS,True,True,0.9959016393442623,488,False,2016-01-04,2022-01-31
705,GTY,GTY,True,True,0.9959016393442623,488,True,2016-01-04,2023-12-29
706,GUT,GUT,True,True,0.9918032786885246,488,False,2016-01-04,2023-12-29
707,GVA,GVA,True,True,0.9959016393442623,488,True,2016-01-04,2023-12-29
708,GWR,GWR,True,True,0.9959016393442623,488,False,2016-01-04,2019-12-27
709,GWRE,GWRE,True,True,0.9959016393442623,488,True,2016-01-04,2023-12-29
710,GWW,GWW,True,True,0.9959016393442623,488,True,2016-01-04,2023-12-29
711,GXP,GXP,True,True,0.9959016393442623,488,False,2016-01-04,2018-06-04
712,GYB,GYB,True,True,0.9958762886597938,485,False,2016-01-04,2019-11-26
713,GYC,GYC,True,True,0.9909502262443439,442,False,2016-01-04,2021-02-11
714,GZT,GZT,True,True,0.9918032786885246,488,False,2016-01-04,2019-03-07
715,H,H,True,True,0.9959016393442623,488,True,2016-01-04,2023-12-29
716,HAE,HAE,True,True,0.9959016393442623,488,True,2016-01-04,2023-12-29
717,HAL,HAL,True,True,0.9959016393442623,488,True,2016-01-04,2023-12-29
718,HBI,HBI,True,True,0.9959016393442623,488,False,2016-01-04,2023-12-29
719,HCA,HCA,True,True,0.9959016393442623,488,True,2016-01-04,2023-12-29
720,HCI,HCI,True,True,0.9959016393442623,488,True,2016-01-04,2023-12-29
721,HCN,HCN,True,True,0.9959016393442623,488,False,2016-01-04,2023-12-29
722,HCN-I,HCN.PRI,True,True,0.9959016393442623,488,False,2016-01-04,2018-02-27
723,HCP,HCP,True,False,0.7991803278688525,488,False,2016-01-04,2023-12-29
724,HD,HD,True,True,0.9959016393442623,488,True,2016-01-04,2023-12-29
725,HDB,HDB,True,False,0.2725409836065574,488,True,2016-01-04,2023-12-29
726,HE,HE,True,True,0.9959016393442623,488,True,2016-01-04,2023-12-29
727,HEI,HEI,True,False,0.610655737704918,488,False,2016-01-04,2023-12-29
728,HEI.A,HEI.A,True,False,0.5327868852459017,488,False,2016-01-04,2023-12-29
729,HEP,HEP,True,True,0.9959016393442623,488,False,2016-01-04,2023-11-30
730,HEQ,HEQ,True,True,0.9877049180327869,488,False,2016-01-04,2023-12-29
731,HES,HES,True,True,0.9959016393442623,488,False,2016-01-04,2023-12-29
732,HF,HF,True,True,0.9959016393442623,488,False,2016-01-04,2019-07-01
733,HFC,HFC,True,True,0.9959016393442623,488,False,2016-01-04,2023-12-29
734,HHC,HHC,True,True,0.9959016393442623,488,False,2016-01-04,2023-12-29
735,HI,HI,True,True,0.9959016393442623,488,False,2016-01-04,2023-12-29
736,HIG,HIG,True,True,0.9959016393442623,488,True,2016-01-04,2023-12-29
737,HII,HII,True,True,0.9959016393442623,488,True,2016-01-04,2023-12-29
738,HIW,HIW,True,True,0.9959016393442623,488,True,2016-01-04,2023-12-29
739,HIX,HIX,True,True,0.9959016393442623,488,True,2016-01-04,2023-12-29
740,HJV,HJV,True,True,0.9877049180327869,488,False,2016-01-04,2020-05-18
741,HLF,HLF,True,False,0.4569672131147541,488,True,2016-01-04,2023-12-29
742,HLS,HLS,True,True,0.9959016393442623,488,False,2016-01-04,2023-12-29
743,HMC,HMC,True,True,0.9959016393442623,488,True,2016-01-04,2023-12-29
744,HMN,HMN,True,True,0.9959016393442623,488,True,2016-01-04,2023-12-29
745,HNI,HNI,True,True,0.9959016393442623,488,True,2016-01-04,2023-12-29
746,HNP,HNP,True,True,0.9959016393442623,488,False,2016-01-04,2022-07-07
747,HOG,HOG,True,True,0.9959016393442623,488,True,2016-01-04,2023-12-29
748,HON,HON,True,True,0.9938524590163934,488,True,2016-01-04,2023-12-29
749,HP,HP,True,True,0.9959016393442623,488,True,2016-01-04,2023-12-29
750,HPF,HPF,True,True,0.9918032786885246,488,False,2016-01-04,2023-12-29
751,HPI,HPI,True,True,0.9959016393442623,488,True,2016-01-04,2023-12-29
752,HPP,HPP,True,True,0.9959016393442623,488,True,2016-01-04,2023-12-29
753,HPS,HPS,True,True,0.9959016393442623,488,True,2016-01-04,2023-12-29
754,HQH,HQH,True,True,0.9959016393442623,488,True,2016-01-04,2023-12-29
755,HQL,HQL,True,True,0.9918032786885246,488,True,2016-01-04,2023-12-29
756,HR,HR,True,True,0.9959016393442623,488,True,2016-01-04,2023-12-29
757,HRB,HRB,True,True,0.9959016393442623,488,True,2016-01-04,2023-12-29
758,HRC,HRC,True,True,0.9959016393442623,488,False,2016-01-04,2021-12-10
759,HRG,HRG,True,True,0.9959016393442623,488,False,2016-01-04,2023-12-29
760,HRL,HRL,True,True,0.9774590163934426,488,False,2016-01-04,2023-12-29
761,HRS,HRS,True,True,0.9959016393442623,488,False,2016-01-04,2023-12-29
762,HSBC,HSBC,True,True,0.9959016393442623,488,True,2016-01-04,2023-12-29
763,HSEA,HSEA,True,True,0.9918032786885246,488,False,2016-01-04,2018-05-03
764,HSEB,HSEB,True,True,0.9959016393442623,488,False,2016-01-04,2018-05-03
765,HST,HST,True,True,0.9959016393442623,488,True,2016-01-04,2023-12-29
766,HSY,HSY,True,True,0.9918032786885246,488,True,2016-01-04,2023-12-29
767,HT,HT,True,True,0.9959016393442623,488,False,2016-01-04,2023-11-27
768,HTD,HTD,True,True,0.9959016393442623,488,True,2016-01-04,2023-12-29
769,HTGC,HTGC,True,True,0.9959016393442623,488,True,2016-01-04,2023-12-29
770,HTH,HTH,True,True,0.9959016393442623,488,True,2016-01-04,2023-12-29
771,HTY,HTY,True,True,0.9959016393442623,488,False,2016-01-04,2023-12-29
772,HUBB,HUBB,True,True,0.9959016393442623,488,True,2016-01-04,2023-12-29
773,HUM,HUM,True,True,0.9959016393442623,488,True,2016-01-04,2023-12-29
774,HUN,HUN,True,True,0.9959016393442623,488,True,2016-01-04,2023-12-29
775,HVT,HVT,True,True,0.9959016393442623,488,True,2016-01-04,2023-12-29
776,HVT.A,HVT.A,True,True,1.0,479,False,2016-01-06,2023-12-29
777,HXL,HXL,True,True,0.9959016393442623,488,True,2016-01-04,2023-12-29
778,HY,HY,True,True,0.9959016393442623,488,True,2016-01-04,2023-12-29
779,HYB,HYB,True,True,0.9918032786885246,488,False,2016-01-04,2023-12-29
780,HYI,HYI,True,True,0.9959016393442623,488,True,2016-01-04,2023-12-29
781,HYT,HYT,True,True,0.9959016393442623,488,True,2016-01-04,2023-12-29
782,HZO,HZO,True,True,0.9959016393442623,488,True,2016-01-04,2023-12-29
783,IAE,IAE,True,True,0.9959016393442623,488,False,2016-01-04,2023-12-29
784,IBA,IBA,True,True,0.9877049180327869,488,False,2016-01-04,2023-04-21
785,IBM,IBM,True,True,0.9959016393442623,488,True,2016-01-04,2023-12-29
786,IBN,IBN,True,True,0.9959016393442623,488,True,2016-01-04,2023-12-29
787,ICB,ICB,True,True,0.9918032786885246,488,False,2016-01-04,2018-06-01
788,IDA,IDA,True,True,0.9959016393442623,488,True,2016-01-04,2023-12-29
789,IDE,IDE,True,True,0.9959016393442623,488,True,2016-01-04,2023-12-29
790,IDT,IDT,True,True,0.9959016393442623,488,True,2016-01-04,2023-12-29
791,IEX,IEX,True,True,0.9959016393442623,488,True,2016-01-04,2023-12-29
792,IFF,IFF,True,True,0.9959016393442623,488,True,2016-01-04,2023-12-29
793,IFN,IFN,True,True,0.9959016393442623,488,True,2016-01-04,2023-12-29
794,IGA,IGA,True,True,0.9959016393442623,488,False,2016-01-04,2023-12-29
795,IGD,IGD,True,True,0.9959016393442623,488,True,2016-01-04,2023-12-29
796,IGI,IGI,True,True,0.9959016393442623,488,False,2016-01-04,2023-12-29
797,IGR,IGR,True,True,0.9918032786885246,488,True,2016-01-04,2023-12-29
798,IHC,IHC,True,True,0.9959016393442623,488,False,2016-01-04,2022-02-15
799,IHD,IHD,True,True,0.9836065573770492,488,False,2016-01-04,2023-12-29
800,IHG,IHG,True,False,0.7807377049180327,488,False,2016-01-04,2023-12-29
801,IID,IID,True,True,1.0,488,False,2016-01-04,2021-03-31
802,IIF,IIF,True,True,0.9959016393442623,488,False,2016-01-04,2023-12-29
803,IMAX,IMAX,True,True,0.9959016393442623,488,True,2016-01-04,2023-12-29
804,INB,INB,True,True,0.9918032786885246,488,False,2016-01-04,2019-12-20
805,INF,INF,True,True,0.9918032786885246,488,False,2016-01-04,2020-03-06
806,INFY,INFY,True,True,0.9918032786885246,488,False,2016-01-04,2023-12-29
807,ING,ING,True,True,0.9959016393442623,488,True,2016-01-04,2023-12-29
808,INGR,INGR,True,True,0.9959016393442623,488,True,2016-01-04,2023-12-29
809,INN,INN,True,True,0.9959016393442623,488,True,2016-01-04,2023-12-29
810,INSI,INSI,True,True,0.9959016393442623,488,False,2016-01-04,2023-12-29
811,INT,INT,True,True,0.9959016393442623,488,False,2016-01-04,2023-12-29
812,INXN,INXN,True,True,0.9959016393442623,488,False,2016-01-04,2020-03-12
813,IP,IP,True,True,0.9959016393442623,488,True,2016-01-04,2023-12-29
814,IPG,IPG,True,True,0.9959016393442623,488,False,2016-01-04,2023-12-29
815,IPHI,IPHI,True,True,0.9959016393442623,488,False,2016-01-04,2021-04-20
816,IR,IR,True,False,0.944672131147541,488,False,2016-01-04,2023-12-29
817,IRET,IRET,True,True,0.9959016393442623,488,False,2016-01-04,2023-12-29
818,IRL,IRL,True,True,0.9918032786885246,488,False,2016-01-04,2023-02-27
819,IRS,IRS,True,False,0.36885245901639346,488,True,2016-01-04,2023-12-29
820,ISD,ISD,True,True,0.9959016393442623,488,True,2016-01-04,2023-12-29
821,ISF,ISF,True,True,1.0,488,False,2016-01-04,2019-04-25
822,ISG,ISG,True,True,0.9918032786885246,488,False,2016-01-04,2020-03-13
823,IT,IT,True,True,0.9959016393442623,488,True,2016-01-04,2023-12-29
824,ITCB,ITCB,True,True,0.9959016393442623,488,False,2016-01-04,2023-11-17
825,ITG,ITG,True,True,0.9959016393442623,488,False,2016-01-04,2019-02-28
826,ITUB,ITUB,True,False,0.9323770491803278,488,True,2016-01-04,2023-12-29
827,ITW,ITW,True,True,0.9959016393442623,488,True,2016-01-04,2023-12-29
828,IVC,IVC,True,True,0.9959016393442623,488,False,2016-01-04,2023-01-31
829,IVR,IVR,True,True,0.9959016393442623,488,True,2016-01-04,2023-12-29
830,IVR-A,IVR.PRA,True,True,0.9959016393442623,488,False,2016-01-04,2021-06-15
831,IVZ,IVZ,True,True,0.9959016393442623,488,True,2016-01-04,2023-12-29
832,IX,IX,True,False,0.20491803278688525,488,True,2016-01-04,2023-12-29
833,JBL,JBL,True,True,0.9959016393442623,488,True,2016-01-04,2023-12-29
834,JBN,JBN,True,True,0.9877049180327869,488,False,2016-01-04,2020-05-18
835,JBR,JBR,True,True,0.995850622406639,482,False,2016-01-04,2020-05-18
836,JBT,JBT,True,True,0.9959016393442623,488,False,2016-01-04,2023-12-29
837,JCE,JCE,True,True,0.9918032786885246,488,True,2016-01-04,2023-12-29
838,JDD,JDD,True,True,0.9877049180327869,488,False,2016-01-04,2021-11-19
839,JEQ,JEQ,True,True,0.9959016393442623,488,False,2016-01-04,2023-12-29
840,JFR,JFR,True,True,0.9959016393442623,488,True,2016-01-04,2023-12-29
841,JHI,JHI,True,True,0.9918032786885246,488,False,2016-01-04,2023-12-29
842,JHS,JHS,True,True,0.9754098360655737,488,False,2016-01-04,2023-12-29
843,JHX,JHX,True,True,0.9959016393442623,488,False,2016-01-04,2023-12-29
844,JLL,JLL,True,True,0.9959016393442623,488,True,2016-01-04,2023-12-29
845,JLS,JLS,True,True,0.9877049180327869,488,False,2016-01-04,2023-12-29
846,JMF,JMF,True,True,0.9918032786885246,488,False,2016-01-04,2020-05-04
847,JMM,JMM,True,True,0.9959016393442623,488,False,2016-01-04,2023-12-29
848,JMT,JMT,True,True,0.9959016393442623,488,False,2016-01-04,2019-12-13
849,JNJ,JNJ,True,True,0.9959016393442623,488,True,2016-01-04,2023-12-29
850,JNPR,JNPR,True,True,0.9959016393442623,488,False,2016-01-04,2023-12-29
851,JOE,JOE,True,True,1.0,488,True,2016-01-04,2023-12-29
852,JOF,JOF,True,True,0.9918032786885246,488,False,2016-01-04,2023-12-29
853,JPC,JPC,True,True,0.9959016393442623,488,True,2016-01-04,2023-12-29
854,JPI,JPI,True,True,0.9959016393442623,488,False,2016-01-04,2023-12-29
855,JPM,JPM,True,True,0.9959016393442623,488,True,2016-01-04,2023-12-29
856,JPS,JPS,True,True,0.9959016393442623,488,False,2016-01-04,2023-11-03
857,JQC,JQC,True,True,0.9959016393442623,488,True,2016-01-04,2023-12-29
858,JRI,JRI,True,True,0.9959016393442623,488,True,2016-01-04,2023-12-29
859,JRO,JRO,True,True,0.9959016393442623,488,False,2016-01-04,2023-07-28
860,JRS,JRS,True,True,0.9877049180327869,488,False,2016-01-04,2023-12-29
861,JSD,JSD,True,True,0.9959016393442623,488,False,2016-01-04,2023-07-28
862,JTA,JTA,True,True,0.9959016393442623,488,False,2016-01-04,2021-11-19
863,JTD,JTD,True,True,0.9918032786885246,488,False,2016-01-04,2021-11-19
864,JW.A,JW.A,True,True,0.9959016393442623,488,False,2016-01-04,2022-03-31
865,JW.B,JW.B,True,True,0.9957173447537473,467,False,2016-01-04,2022-03-31
866,JWN,JWN,True,True,0.9959016393442623,488,False,2016-01-04,2023-12-29
867,K,K,True,True,0.9959016393442623,488,False,2016-01-04,2023-12-29
868,KAI,KAI,True,True,0.9959016393442623,488,True,2016-01-04,2023-12-29
869,KAMN,KAMN,True,True,0.9959016393442623,488,False,2016-01-04,2023-12-29
870,KAR,KAR,True,True,0.9959016393442623,488,False,2016-01-04,2023-12-29
871,KB,KB,True,True,0.9959016393442623,488,True,2016-01-04,2023-12-29
872,KBH,KBH,True,True,0.9959016393442623,488,True,2016-01-04,2023-12-29
873,KBR,KBR,True,True,1.0,488,True,2016-01-04,2023-12-29
874,KED,KED,True,True,0.9959016393442623,488,False,2016-01-04,2018-08-03
875,KEP,KEP,True,True,0.9959016393442623,488,True,2016-01-04,2023-12-29
876,KEX,KEX,True,True,0.9959016393442623,488,True,2016-01-04,2023-12-29
877,KEY,KEY,True,True,0.9959016393442623,488,True,2016-01-04,2023-12-29
878,KF,KF,True,True,0.9959016393442623,488,False,2016-01-04,2023-12-29
879,KFY,KFY,True,True,0.9959016393442623,488,True,2016-01-04,2023-12-29
880,KIM,KIM,True,True,0.9959016393442623,488,True,2016-01-04,2023-12-29
881,KIM-I,KIM.PRI,True,True,0.9959016393442623,488,False,2016-01-04,2019-08-15
882,KIM-J,KIM.PRJ,True,True,0.9959016393442623,488,False,2016-01-04,2019-11-29
883,KIM-K,KIM.PRK,True,True,0.9959016393442623,488,False,2016-01-04,2019-08-15
884,KKR,KKR,True,True,0.9959016393442623,488,True,2016-01-04,2023-12-29
885,KMB,KMB,True,True,1.0,488,True,2016-01-04,2023-12-29
886,KMF,KMF,True,True,0.9959016393442623,488,False,2016-01-04,2023-11-10
887,KMG,KMG,True,True,0.9959016393442623,488,False,2016-01-04,2018-11-14
888,KMI,KMI,True,True,0.9959016393442623,488,True,2016-01-04,2023-12-29
889,KMM,KMM,True,True,0.9877049180327869,488,False,2016-01-04,2018-11-09
890,KMPR,KMPR,True,True,0.9959016393442623,488,True,2016-01-04,2023-12-29
891,KMT,KMT,True,True,0.9959016393442623,488,True,2016-01-04,2023-12-29
892,KMX,KMX,True,True,0.9959016393442623,488,True,2016-01-04,2023-12-29
893,KND,KND,True,True,1.0,488,False,2016-01-04,2018-06-29
894,KNL,KNL,True,True,0.9959016393442623,488,False,2016-01-04,2021-07-16
895,KO,KO,True,True,0.9918032786885246,488,True,2016-01-04,2023-12-29
896,KOF,KOF,True,True,0.9959016393442623,488,True,2016-01-04,2023-12-29
897,KOP,KOP,True,True,0.9959016393442623,488,True,2016-01-04,2023-12-29
898,KORS,KORS,True,True,0.9959016393442623,488,False,2016-01-04,2023-12-29
899,KR,KR,True,True,0.9959016393442623,488,False,2016-01-04,2023-12-29
900,KRA,KRA,True,True,0.9959016393442623,488,False,2016-01-04,2022-03-14
901,KRC,KRC,True,True,0.9959016393442623,488,True,2016-01-04,2023-12-29
902,KS,KS,True,True,0.9959016393442623,488,False,2016-01-04,2018-11-02
903,KSM,KSM,True,True,0.9918032786885246,488,False,2016-01-04,2023-12-29
904,KSS,KSS,True,True,0.9959016393442623,488,True,2016-01-04,2023-12-29
905,KST,KST,True,True,0.9877049180327869,488,False,2016-01-04,2018-11-09
906,KSU,KSU,True,True,0.9959016393442623,488,False,2016-01-04,2021-12-13
907,KT,KT,True,True,0.9959016393442623,488,True,2016-01-04,2023-12-29
908,KTF,KTF,True,True,0.9918032786885246,488,True,2016-01-04,2023-12-29
909,KTP,KTP,True,True,0.9918032786885246,488,False,2016-01-04,2020-05-18
910,KW,KW,True,True,1.0,488,False,2016-01-04,2023-12-29
911,KWR,KWR,True,True,0.9959016393442623,488,True,2016-01-04,2023-12-29
912,KYE,KYE,True,True,0.9959016393442623,488,False,2016-01-04,2018-08-03
913,KYN,KYN,True,True,1.0,488,True,2016-01-04,2023-12-29
914,KYO,KYO,True,True,0.9959016393442623,488,False,2016-01-04,2018-06-25
915,L,L,True,True,0.9959016393442623,488,True,2016-01-04,2023-12-29
916,LAD,LAD,True,True,0.9959016393442623,488,True,2016-01-04,2023-12-29
917,LAZ,LAZ,True,True,0.9959016393442623,488,True,2016-01-04,2023-12-29
918,LB,LB,True,True,0.9959016393442623,488,False,2016-01-04,2023-12-29
919,LCI,LCI,True,True,0.9959016393442623,488,False,2016-01-04,2023-04-19
920,LCII,LCII,True,True,0.9959016393442623,488,True,2016-01-04,2023-12-29
921,LCM,LCM,True,True,0.9877049180327869,488,False,2016-01-04,2018-08-24
922,LDF,LDF,True,True,0.9959016393442623,488,False,2016-01-04,2018-11-16
923,LDL,LDL,True,True,0.9959016393442623,488,False,2016-01-04,2021-09-30
924,LDP,LDP,True,True,0.9959016393442623,488,True,2016-01-04,2023-12-29
925,LEA,LEA,True,True,0.9959016393442623,488,True,2016-01-04,2023-12-29
926,LEG,LEG,True,True,0.9959016393442623,488,False,2016-01-04,2023-12-29
927,LEN,LEN,True,True,0.9959016393442623,488,True,2016-01-04,2023-12-29
928,LEN.B,LEN.B,True,True,0.9959016393442623,488,True,2016-01-04,2023-12-29
929,LEO,LEO,True,True,0.9918032786885246,488,True,2016-01-04,2023-12-29
930,LFC,LFC,True,True,0.9959016393442623,488,False,2016-01-04,2022-09-01
931,LGI,LGI,True,True,0.9795081967213115,488,False,2016-01-04,2023-12-29
932,LH,LH,True,True,0.9959016393442623,488,True,2016-01-04,2023-12-29
933,LHO,LHO,True,True,0.9959016393442623,488,False,2016-01-04,2018-11-30
934,LII,LII,True,True,0.9959016393442623,488,True,2016-01-04,2023-12-29
935,LL,LL,True,True,0.9959016393442623,488,False,2016-01-04,2023-12-29
936,LLL,LLL,True,True,1.0,488,False,2016-01-04,2019-06-28
937,LLY,LLY,True,True,0.9959016393442623,488,True,2016-01-04,2023-12-29
938,LM,LM,True,True,0.9959016393442623,488,False,2016-01-04,2020-07-31
939,LMT,LMT,True,True,0.9959016393442623,488,True,2016-01-04,2023-12-29
940,LNC,LNC,True,True,0.9959016393442623,488,True,2016-01-04,2023-12-29
941,LNN,LNN,True,True,0.9959016393442623,488,True,2016-01-04,2023-12-29
942,LNT,LNT,True,False,0.9180327868852459,488,False,2016-01-04,2023-12-29
943,LOR,LOR,True,True,0.9877049180327869,488,False,2016-01-04,2019-12-03
944,LOW,LOW,True,True,0.9959016393442623,488,True,2016-01-04,2023-12-29
945,LPL,LPL,True,True,0.9959016393442623,488,True,2016-01-04,2023-12-29
946,LPT,LPT,True,True,0.9959016393442623,488,False,2016-01-04,2020-02-03
947,LPX,LPX,True,True,0.9959016393442623,488,True,2016-01-04,2023-12-29
948,LRN,LRN,True,True,0.9959016393442623,488,True,2016-01-04,2023-12-29
949,LSI,LSI,True,False,0.8504098360655737,488,False,2016-01-04,2023-07-19
950,LTC,LTC,True,True,0.9959016393442623,488,True,2016-01-04,2023-12-29
951,LUK,LUK,True,True,0.9959016393442623,488,False,2016-01-04,2023-12-29
952,LUV,LUV,True,True,0.9959016393442623,488,True,2016-01-04,2023-12-29
953,LVS,LVS,True,True,0.9959016393442623,488,True,2016-01-04,2023-12-29
954,LXFR,LXFR,True,True,0.9959016393442623,488,True,2016-01-04,2023-12-29
955,LXP,LXP,True,True,0.9959016393442623,488,True,2016-01-04,2023-12-29
956,LXP-C,LXP.PRC,True,True,0.9913232104121475,461,True,2016-01-04,2023-12-29
957,LYB,LYB,True,True,0.9959016393442623,488,True,2016-01-04,2023-12-29
958,LYV,LYV,True,True,0.9959016393442623,488,True,2016-01-04,2023-12-29
959,LZB,LZB,True,True,0.9959016393442623,488,True,2016-01-04,2023-12-29
960,M,M,True,True,0.9959016393442623,488,True,2016-01-04,2023-12-29
961,MA,MA,True,True,0.9959016393442623,488,True,2016-01-04,2023-12-29
962,MAA,MAA,True,True,0.9959016393442623,488,True,2016-01-04,2023-12-29
963,MAC,MAC,True,True,0.9959016393442623,488,True,2016-01-04,2023-12-29
964,MAIN,MAIN,True,True,0.9959016393442623,488,True,2016-01-04,2023-12-29
965,MAN,MAN,True,True,0.9959016393442623,488,True,2016-01-04,2023-12-29
966,MANU,MANU,True,True,0.9959016393442623,488,True,2016-01-04,2023-12-29
967,MAS,MAS,True,True,0.9959016393442623,488,True,2016-01-04,2023-12-29
968,MATX,MATX,True,True,0.9959016393442623,488,True,2016-01-04,2023-12-29
969,MAV,MAV,True,True,0.9918032786885246,488,False,2016-01-04,2023-12-29
970,MBI,MBI,True,True,0.9959016393442623,488,True,2016-01-04,2023-12-29
971,MBT,MBT,True,True,0.9959016393442623,488,False,2016-01-04,2022-02-25
972,MCA,MCA,True,True,0.9918032786885246,488,False,2016-01-04,2022-04-08
973,MCC,MCC,True,True,0.9959016393442623,488,False,2016-01-04,2023-12-29
974,MCD,MCD,True,True,0.9959016393442623,488,True,2016-01-04,2023-12-29
975,MCI,MCI,True,True,0.9936305732484076,314,False,2016-09-12,2023-12-29
976,MCK,MCK,True,True,0.9959016393442623,488,True,2016-01-04,2023-12-29
977,MCN,MCN,True,True,0.9836065573770492,488,False,2016-01-04,2023-12-29
978,MCO,MCO,True,True,0.9959016393442623,488,True,2016-01-04,2023-12-29
979,MCR,MCR,True,True,0.9959016393442623,488,False,2016-01-04,2023-12-29
980,MCS,MCS,True,True,1.0,488,True,2016-01-04,2023-12-29
981,MCY,MCY,True,True,0.9959016393442623,488,True,2016-01-04,2023-12-29
982,MD,MD,True,True,0.9959016393442623,488,True,2016-01-04,2023-12-29
983,MDC,MDC,True,True,0.9959016393442623,488,False,2016-01-04,2023-12-29
984,MDP,MDP,True,True,0.9959016393442623,488,False,2016-01-04,2021-12-01
985,MDU,MDU,True,True,0.9959016393442623,488,True,2016-01-04,2023-12-29
986,MED,MED,True,True,0.9959016393442623,488,True,2016-01-04,2023-12-29
987,MEI,MEI,True,True,0.9959016393442623,488,True,2016-01-04,2023-12-29
988,MEN,MEN,True,True,0.9959016393442623,488,False,2016-01-04,2021-04-16
989,MER-K,MER.PRK,True,True,0.9959016393442623,488,False,2016-01-04,2023-12-29
990,MER-P,MER.PRP,True,True,0.9918032786885246,488,False,2016-01-04,2018-04-30
991,MET,MET,True,False,0.7151639344262295,488,True,2016-01-04,2023-12-29
992,MET-A,MET.PRA,True,True,0.9959016393442623,488,True,2016-01-04,2023-12-29
993,MFA,MFA,True,True,0.9959016393442623,488,True,2016-01-04,2023-12-29
994,MFC,MFC,True,True,0.9959016393442623,488,True,2016-01-04,2023-12-29
995,MFD,MFD,True,True,0.9877049180327869,488,False,2016-01-04,2023-12-29
996,MFL,MFL,True,True,0.9959016393442623,488,False,2016-01-04,2022-04-08
997,MFM,MFM,True,True,0.9918032786885246,488,True,2016-01-04,2023-12-29
998,MFT,MFT,True,True,0.9918032786885246,488,False,2016-01-04,2021-04-09
999,MG,MG,True,True,0.9959016393442623,488,True,2016-01-04,2023-12-29
1000,MGA,MGA,True,True,0.9959016393442623,488,True,2016-01-04,2023-12-29
1001,MGM,MGM,True,True,0.9959016393442623,488,True,2016-01-04,2023-12-29
1002,MGU,MGU,True,True,0.9877049180327869,488,False,2016-01-04,2023-03-10
1003,MH-A,MH.PRA,True,True,0.9959016393442623,488,False,2016-01-04,2022-12-23
1004,MHD,MHD,True,True,0.9918032786885246,488,False,2016-01-04,2023-12-29
1005,MHF,MHF,True,True,0.9918032786885246,488,False,2016-01-04,2023-12-29
1006,MHI,MHI,True,True,0.9959016393442623,488,False,2016-01-04,2023-12-29
1007,MHK,MHK,True,True,0.9959016393442623,488,True,2016-01-04,2023-12-29
1008,MHN,MHN,True,True,0.9959016393442623,488,False,2016-01-04,2023-12-29
1009,MHO,MHO,True,True,0.9959016393442623,488,True,2016-01-04,2023-12-29
1010,MIC,MIC,True,True,0.9959016393442623,488,False,2016-01-04,2022-07-20
1011,MITT,MITT,True,True,0.9959016393442623,488,True,2016-01-04,2023-12-29
1012,MIY,MIY,True,True,0.9959016393442623,488,True,2016-01-04,2023-12-29
1013,MKC,MKC,True,False,0.6168032786885246,488,True,2016-01-04,2023-12-29
1014,MKC.V,MKC.V,True,False,0.7131147540983607,488,True,2016-01-04,2023-12-29
1015,MKL,MKL,True,True,0.9959016393442623,488,True,2016-01-04,2023-12-29
1016,MLI,MLI,True,False,0.9180327868852459,488,True,2016-01-04,2023-12-29
1017,MLM,MLM,True,True,0.9959016393442623,488,True,2016-01-04,2023-12-29
1018,MLR,MLR,True,True,0.9959016393442623,488,True,2016-01-04,2023-12-29
1019,MMC,MMC,True,True,0.9959016393442623,488,False,2016-01-04,2023-12-29
1020,MMD,MMD,True,True,0.9959016393442623,488,True,2016-01-04,2023-12-29
1021,MMM,MMM,True,True,0.9959016393442623,488,True,2016-01-04,2023-12-29
1022,MMP,MMP,True,True,0.9959016393442623,488,False,2016-01-04,2023-09-22
1023,MMS,MMS,True,True,0.9959016393442623,488,True,2016-01-04,2023-12-29
1024,MMT,MMT,True,True,0.9959016393442623,488,True,2016-01-04,2023-12-29
1025,MMU,MMU,True,True,0.9918032786885246,488,True,2016-01-04,2023-12-29
1026,MNE,MNE,True,True,0.9959016393442623,488,False,2016-01-04,2020-06-15
1027,MNP,MNP,True,True,0.9836065573770492,488,False,2016-01-04,2023-10-13
1028,MNR,MNR,True,True,0.9959016393442623,488,False,2016-01-04,2022-02-25
1029,MO,MO,True,True,0.9959016393442623,488,True,2016-01-04,2023-12-29
1030,MOD,MOD,True,True,0.9959016393442623,488,True,2016-01-04,2023-12-29
1031,MOG.A,MOG.A,True,True,0.9959016393442623,488,True,2016-01-04,2023-12-29
1032,MOG.B,MOG.B,True,True,0.9957716701902748,473,True,2016-01-04,2023-12-29
1033,MOH,MOH,True,True,0.9959016393442623,488,True,2016-01-04,2023-12-29
1034,MON,MON,True,True,0.9959016393442623,488,False,2016-01-04,2018-06-06
1035,MOS,MOS,True,True,1.0,488,True,2016-01-04,2023-12-29
1036,MOV,MOV,True,True,0.9959016393442623,488,True,2016-01-04,2023-12-29
1037,MP-D,MP.PRD,True,True,0.9957983193277311,476,False,2016-01-04,2018-09-20
1038,MPA,MPA,True,True,0.9918032786885246,488,False,2016-01-04,2023-12-29
1039,MPC,MPC,True,True,0.9959016393442623,488,True,2016-01-04,2023-12-29
1040,MPLX,MPLX,True,True,0.9959016393442623,488,True,2016-01-04,2023-12-29
1041,MPV,MPV,True,True,0.9872611464968153,314,False,2016-09-12,2023-12-29
1042,MPW,MPW,True,True,0.9959016393442623,488,False,2016-01-04,2023-12-29
1043,MPX,MPX,True,True,1.0,488,False,2016-01-04,2023-12-29
1044,MQT,MQT,True,True,0.9918032786885246,488,False,2016-01-04,2023-12-29
1045,MQY,MQY,True,True,0.9959016393442623,488,False,2016-01-04,2023-12-29
1046,MRC,MRC,True,True,0.9959016393442623,488,False,2016-01-04,2023-12-29
1047,MRK,MRK,True,True,0.9959016393442623,488,True,2016-01-04,2023-12-29
1048,MRO,MRO,True,True,0.9959016393442623,488,False,2016-01-04,2023-12-29
1049,MS,MS,True,True,0.9959016393442623,488,True,2016-01-04,2023-12-29
1050,MS-A,MS.PRA,True,True,0.9959016393442623,488,True,2016-01-04,2023-12-29
1051,MSCI,MSCI,True,True,0.9959016393442623,488,True,2016-01-04,2023-12-29
1052,MSD,MSD,True,True,0.9959016393442623,488,False,2016-01-04,2023-12-29
1053,MSF,MSF,True,True,0.9959016393442623,488,False,2016-01-04,2019-02-22
1054,MSI,MSI,True,True,0.9959016393442623,488,True,2016-01-04,2023-12-29
1055,MSL,MSL,True,True,1.0,488,False,2016-01-04,2019-09-20
1056,MSM,MSM,True,True,0.9959016393442623,488,True,2016-01-04,2023-12-29
1057,MSP,MSP,True,True,0.9836065573770492,488,False,2016-01-04,2018-10-05
1058,MTB,MTB,True,True,0.9959016393442623,488,True,2016-01-04,2023-12-29
1059,MTD,MTD,True,True,0.9959016393442623,488,True,2016-01-04,2023-12-29
1060,MTDR,MTDR,True,True,0.9959016393442623,488,True,2016-01-04,2023-12-29
1061,MTH,MTH,True,False,0.38729508196721313,488,True,2016-01-04,2023-12-29
1062,MTN,MTN,True,True,0.9959016393442623,488,True,2016-01-04,2023-12-29
1063,MTR,MTR,True,True,0.9918032786885246,488,False,2016-01-04,2023-12-29
1064,MTRN,MTRN,True,True,0.9959016393442623,488,True,2016-01-04,2023-12-29
1065,MTT,MTT,True,True,0.9877049180327869,488,False,2016-01-04,2021-04-30
1066,MTX,MTX,True,True,0.9959016393442623,488,True,2016-01-04,2023-12-29
1067,MTZ,MTZ,True,True,0.9959016393442623,488,True,2016-01-04,2023-12-29
1068,MUA,MUA,True,True,0.9918032786885246,488,False,2016-01-04,2023-12-29
1069,MUC,MUC,True,True,0.9959016393442623,488,True,2016-01-04,2023-12-29
1070,MUE,MUE,True,True,0.9918032786885246,488,False,2016-01-04,2023-12-29
1071,MUH,MUH,True,True,0.9918032786885246,488,False,2016-01-04,2021-03-05
1072,MUI,MUI,True,True,0.9959016393442623,488,False,2016-01-04,2023-12-29
1073,MUJ,MUJ,True,True,0.9918032786885246,488,True,2016-01-04,2023-12-29
1074,MUR,MUR,True,True,0.9959016393442623,488,True,2016-01-04,2023-12-29
1075,MUS,MUS,True,True,0.9918032786885246,488,False,2016-01-04,2021-03-05
1076,MVC,MVC,True,True,0.9959016393442623,488,False,2016-01-04,2020-12-23
1077,MVT,MVT,True,True,0.9877049180327869,488,False,2016-01-04,2023-12-29
1078,MWA,MWA,True,True,0.9959016393442623,488,True,2016-01-04,2023-12-29
1079,MXE,MXE,True,True,0.9959016393442623,488,False,2016-01-04,2023-12-29
1080,MXF,MXF,True,True,0.9959016393442623,488,False,2016-01-04,2023-12-29
1081,MXL,MXL,True,True,0.9959016393442623,488,True,2016-01-04,2023-12-29
1082,MYC,MYC,True,True,0.9877049180327869,488,False,2016-01-04,2022-04-08
1083,MYD,MYD,True,True,0.9959016393442623,488,False,2016-01-04,2023-12-29
1084,MYE,MYE,True,True,0.9959016393442623,488,True,2016-01-04,2023-12-29
1085,MYF,MYF,True,True,0.9918032786885246,488,False,2016-01-04,2021-04-16
1086,MYI,MYI,True,True,0.9959016393442623,488,True,2016-01-04,2023-12-29
1087,MYJ,MYJ,True,True,0.9918032786885246,488,False,2016-01-04,2022-04-08
1088,MYN,MYN,True,True,0.9959016393442623,488,True,2016-01-04,2023-12-29
1089,MZF,MZF,True,True,0.9897540983606558,488,False,2016-01-04,2018-08-03
1090,NAD,NAD,True,True,0.9959016393442623,488,True,2016-01-04,2023-12-29
1091,NAN,NAN,True,True,0.9918032786885246,488,False,2016-01-04,2023-12-29
1092,NAV,NAV,True,True,0.9959016393442623,488,False,2016-01-04,2021-06-30
1093,NAZ,NAZ,True,True,0.9774590163934426,488,False,2016-01-04,2023-12-29
1094,NBB,NBB,True,True,0.9959016393442623,488,False,2016-01-04,2023-12-29
1095,NBD,NBD,True,True,0.9959016393442623,488,False,2016-01-04,2018-11-16
1096,NBHC,NBHC,True,True,0.9959016393442623,488,True,2016-01-04,2023-12-29
1097,NBR,NBR,True,True,0.9959016393442623,488,True,2016-01-04,2023-12-29
1098,NCA,NCA,True,True,0.9754098360655737,488,False,2016-01-04,2023-12-29
1099,NCB,NCB,True,True,0.9959016393442623,488,False,2016-01-04,2021-03-05
1100,NCI,NCI,True,True,0.9959016393442623,488,False,2016-01-04,2019-10-10
1101,NCR,NCR,True,True,0.9959016393442623,488,False,2016-01-04,2023-12-29
1102,NCS,NCS,True,True,0.9959016393442623,488,False,2016-01-04,2022-07-22
1103,NDP,NDP,True,True,0.9959016393442623,488,False,2016-01-04,2023-12-29
1104,NEA,NEA,True,True,0.9959016393442623,488,True,2016-01-04,2023-12-29
1105,NEE,NEE,True,False,0.6147540983606558,488,True,2016-01-04,2023-12-29
1106,NEM,NEM,True,True,0.9959016393442623,488,True,2016-01-04,2023-12-29
1107,NEU,NEU,True,True,0.9959016393442623,488,True,2016-01-04,2023-12-29
1108,NEV,NEV,True,True,1.0,488,False,2016-01-04,2022-06-03
1109,NFG,NFG,True,True,0.9959016393442623,488,True,2016-01-04,2023-12-29
1110,NFJ,NFJ,True,True,0.9959016393442623,488,True,2016-01-04,2023-12-29
1111,NFX,NFX,True,True,0.9959016393442623,488,False,2016-01-04,2019-02-12
1112,NGG,NGG,True,False,0.9857142857142858,140,True,2017-05-22,2023-12-29
1113,NGL,NGL,True,True,0.9959016393442623,488,True,2016-01-04,2023-12-29
1114,NGS,NGS,True,True,0.9959016393442623,488,True,2016-01-04,2023-12-29
1115,NHF,NHF,True,True,0.9959016393442623,488,False,2016-01-04,2023-12-29
1116,NHI,NHI,True,True,0.9959016393442623,488,True,2016-01-04,2023-12-29
1117,NID,NID,True,True,0.9918032786885246,488,False,2016-01-04,2023-03-24
1118,NIE,NIE,True,True,0.9959016393442623,488,True,2016-01-04,2023-12-29
1119,NIM,NIM,True,True,0.9877049180327869,488,False,2016-01-04,2023-12-29
1120,NJR,NJR,True,True,0.9959016393442623,488,True,2016-01-04,2023-12-29
1121,NJV,NJV,True,True,0.9959016393442623,488,False,2016-01-04,2021-03-05
1122,NKE,NKE,True,True,0.9959016393442623,488,False,2016-01-04,2023-12-29
1123,NKG,NKG,True,True,0.9959016393442623,488,False,2016-01-04,2023-04-14
1124,NKX,NKX,True,True,0.9959016393442623,488,False,2016-01-04,2023-12-29
1125,NLY,NLY,True,True,0.9959016393442623,488,True,2016-01-04,2023-12-29
1126,NLY-C,NLY.PRC,True,True,0.9918032786885246,488,False,2016-01-04,2019-06-20
1127,NLY-D,NLY.PRD,True,True,0.9918032786885246,488,False,2016-01-04,2020-12-22
1128,NMFC,NMFC,True,True,0.9959016393442623,488,True,2016-01-04,2023-12-29
1129,NMI,NMI,True,True,0.9959016393442623,488,False,2016-01-04,2023-12-29
1130,NMT,NMT,True,True,0.9959016393442623,488,False,2016-01-04,2023-12-29
1131,NMY,NMY,True,True,0.9959016393442623,488,False,2016-01-04,2021-04-09
1132,NMZ,NMZ,True,True,0.9918032786885246,488,True,2016-01-04,2023-12-29
1133,NNC,NNC,True,True,0.9754098360655737,488,False,2016-01-04,2019-11-15
1134,NNI,NNI,True,True,0.9959016393442623,488,True,2016-01-04,2023-12-29
1135,NNN,NNN,True,True,0.9959016393442623,488,True,2016-01-04,2023-12-29
1136,NNY,NNY,True,True,0.9877049180327869,488,False,2016-01-04,2023-12-29
1137,NOAH,NOAH,True,True,0.9959016393442623,488,True,2016-01-04,2023-12-29
1138,NOC,NOC,True,True,0.9959016393442623,488,True,2016-01-04,2023-12-29
1139,NOM,NOM,True,True,0.9958246346555324,479,False,2016-01-04,2023-12-29
1140,NOV,NOV,True,True,0.9959016393442623,488,True,2016-01-04,2023-12-29
1141,NOW,NOW,True,False,0.3135245901639344,488,True,2016-01-04,2023-12-29
1142,NP,NP,True,True,0.9959016393442623,488,False,2016-01-04,2022-07-05
1143,NPK,NPK,True,True,0.9959016393442623,488,True,2016-01-04,2023-12-29
1144,NPN,NPN,True,True,0.9918032786885246,488,False,2016-01-04,2021-03-05
1145,NPO,NPO,True,True,0.9959016393442623,488,True,2016-01-04,2023-12-29
1146,NPV,NPV,True,True,0.9795081967213115,488,False,2016-01-04,2023-12-29
1147,NQP,NQP,True,True,0.9959016393442623,488,False,2016-01-04,2023-12-29
1148,NRG,NRG,True,True,0.9959016393442623,488,True,2016-01-04,2023-12-29
1149,NRK,NRK,True,True,0.9959016393442623,488,True,2016-01-04,2023-12-29
1150,NRP,NRP,True,True,0.9918032786885246,488,True,2016-01-04,2023-12-29
1151,NRT,NRT,True,True,0.9959016393442623,488,False,2016-01-04,2023-12-29
1152,NS,NS,True,True,0.9959016393442623,488,False,2016-01-04,2023-12-29
1153,NSC,NSC,True,True,0.9959016393442623,488,True,2016-01-04,2023-12-29
1154,NSH,NSH,True,True,0.9959016393442623,488,False,2016-01-04,2018-07-20
1155,NSL,NSL,True,True,0.9959016393442623,488,False,2016-01-04,2023-07-28
1156,NSM,NSM,True,True,0.9959016393442623,488,False,2016-01-04,2018-07-30
1157,NSP,NSP,True,False,0.47540983606557374,488,True,2016-01-04,2023-12-29
1158,NTC,NTC,True,True,0.9877049180327869,488,False,2016-01-04,2019-11-15
1159,NTG,NTG,True,True,0.9959016393442623,488,False,2016-01-04,2023-12-29
1160,NTL,NTL,True,True,0.9916492693110647,479,False,2016-01-04,2017-12-15
1161,NTX,NTX,True,True,0.9836065573770492,488,False,2016-01-04,2020-02-14
1162,NUE,NUE,True,True,0.9959016393442623,488,True,2016-01-04,2023-12-29
1163,NUO,NUO,True,True,0.9836065573770492,488,False,2016-01-04,2023-04-14
1164,NUS,NUS,True,True,0.9959016393442623,488,True,2016-01-04,2023-12-29
1165,NUV,NUV,True,True,0.9918032786885246,488,True,2016-01-04,2023-12-29
1166,NUW,NUW,True,True,0.9959016393442623,488,False,2016-01-04,2023-12-29
1167,NVG,NVG,True,True,0.9959016393442623,488,True,2016-01-04,2023-12-29
1168,NVR,NVR,True,True,0.9959016393442623,488,True,2016-01-04,2023-12-29
1169,NVS,NVS,True,True,0.9959016393442623,488,True,2016-01-04,2023-12-29
1170,NWE,NWE,True,True,0.9959016393442623,488,True,2016-01-04,2023-12-29
1171,NWL,NWL,True,True,0.9959016393442623,488,True,2016-01-04,2023-12-29
1172,NWN,NWN,True,True,0.9959016393442623,488,True,2016-01-04,2023-12-29
1173,NX,NX,True,True,0.9959016393442623,488,True,2016-01-04,2023-12-29
1174,NXC,NXC,True,True,0.9959016393442623,488,False,2016-01-04,2023-12-29
1175,NXJ,NXJ,True,True,0.9918032786885246,488,False,2016-01-04,2023-12-29
1176,NXN,NXN,True,True,0.9959016393442623,488,False,2016-01-04,2023-12-29
1177,NXP,NXP,True,True,0.9795081967213115,488,False,2016-01-04,2023-12-29
1178,NXQ,NXQ,True,True,0.9836065573770492,488,False,2016-01-04,2021-12-03
1179,NXR,NXR,True,True,0.9795081967213115,488,False,2016-01-04,2021-12-03
1180,NYCB,NYCB,True,True,0.9918032786885246,488,False,2016-01-04,2023-12-29
1181,NYT,NYT,True,True,0.9959016393442623,488,True,2016-01-04,2023-12-29
1182,NYV,NYV,True,True,0.991578947368421,475,False,2016-01-04,2021-04-09
1183,NZF,NZF,True,True,1.0,488,True,2016-01-04,2023-12-29
1184,O,O,True,True,0.9959016393442623,488,True,2016-01-04,2023-12-29
1185,OAK,OAK,True,True,0.9959016393442623,488,False,2016-01-04,2019-09-27
1186,OC,OC,True,True,0.9959016393442623,488,True,2016-01-04,2023-12-29
1187,ODC,ODC,True,False,0.42827868852459017,488,True,2016-01-04,2023-12-29
1188,OFC,OFC,True,True,0.9959016393442623,488,False,2016-01-04,2023-12-29
1189,OGE,OGE,True,True,0.9959016393442623,488,True,2016-01-04,2023-12-29
1190,OHI,OHI,True,True,0.9959016393442623,488,True,2016-01-04,2023-12-29
1191,OI,OI,True,True,0.9959016393442623,488,True,2016-01-04,2023-12-29
1192,OII,OII,True,True,0.9959016393442623,488,True,2016-01-04,2023-12-29
1193,OIS,OIS,True,True,0.9959016393442623,488,True,2016-01-04,2023-12-29
1194,OKE,OKE,True,True,0.9959016393442623,488,True,2016-01-04,2023-12-29
1195,OLN,OLN,True,True,0.9959016393442623,488,True,2016-01-04,2023-12-29
1196,OLP,OLP,True,True,0.9959016393442623,488,True,2016-01-04,2023-12-29
1197,OMC,OMC,True,True,0.9959016393442623,488,True,2016-01-04,2023-12-29
1198,OME,OME,True,True,0.9959016393442623,488,False,2016-01-04,2017-12-19
1199,OMI,OMI,True,True,0.9959016393442623,488,False,2016-01-04,2023-12-29
1200,OPY,OPY,True,True,0.9959016393442623,488,True,2016-01-04,2023-12-29
1201,ORA,ORA,True,True,0.9959016393442623,488,True,2016-01-04,2023-12-29
1202,ORAN,ORAN,True,True,0.9959016393442623,488,False,2016-01-04,2023-12-29
1203,ORCL,ORCL,True,True,0.9959016393442623,488,True,2016-01-04,2023-12-29
1204,ORI,ORI,True,True,0.9959016393442623,488,True,2016-01-04,2023-12-29
1205,OSK,OSK,True,True,0.9959016393442623,488,True,2016-01-04,2023-12-29
1206,OXM,OXM,True,True,0.9959016393442623,488,True,2016-01-04,2023-12-29
1207,OXY,OXY,True,True,0.9959016393442623,488,True,2016-01-04,2023-12-29
1208,PAA,PAA,True,True,0.9959016393442623,488,True,2016-01-04,2023-12-29
1209,PAC,PAC,True,True,0.9959016393442623,488,True,2016-01-04,2023-12-29
1210,PAG,PAG,True,True,0.9959016393442623,488,True,2016-01-04,2023-12-29
1211,PAI,PAI,True,True,0.9918032786885246,488,False,2016-01-04,2023-12-29
1212,PANW,PANW,True,False,0.44672131147540983,488,True,2016-01-04,2023-12-29
1213,PAY,PAY,True,True,0.9959016393442623,488,False,2016-01-04,2023-12-29
1214,PB,PB,True,True,0.9959016393442623,488,True,2016-01-04,2023-12-29
1215,PBA,PBA,True,True,0.9959016393442623,488,True,2016-01-04,2023-12-29
1216,PBF,PBF,True,True,0.9959016393442623,488,True,2016-01-04,2023-12-29
1217,PBH,PBH,True,True,0.9959016393442623,488,True,2016-01-04,2023-12-29
1218,PBI,PBI,True,True,0.9959016393442623,488,True,2016-01-04,2023-12-29
1219,PCF,PCF,True,True,0.9877049180327869,488,True,2016-01-04,2023-12-29
1220,PCG,PCG,True,True,0.9959016393442623,488,True,2016-01-04,2023-12-29
1221,PCK,PCK,True,True,0.9959016393442623,488,False,2016-01-04,2023-12-29
1222,PCM,PCM,True,True,0.9959016393442623,488,False,2016-01-04,2023-12-29
1223,PCN,PCN,True,True,0.9959016393442623,488,False,2016-01-04,2023-12-29
1224,PCQ,PCQ,True,True,0.9754098360655737,488,False,2016-01-04,2023-12-29
1225,PDI,PDI,True,True,0.9959016393442623,488,True,2016-01-04,2023-12-29
1226,PDM,PDM,True,True,0.9959016393442623,488,True,2016-01-04,2023-12-29
1227,PDT,PDT,True,True,0.9959016393442623,488,True,2016-01-04,2023-12-29
1228,PEB,PEB,True,True,0.9959016393442623,488,True,2016-01-04,2023-12-29
1229,PEG,PEG,True,True,0.9959016393442623,488,True,2016-01-04,2023-12-29
1230,PEI,PEI,True,True,0.9959016393442623,488,False,2016-01-04,2022-12-15
1231,PEI-B,PEI.PRB,True,True,0.9875,480,False,2016-01-04,2022-12-15
1232,PEO,PEO,True,True,0.9918032786885246,488,True,2016-01-04,2023-12-29
1233,PEP,PEP,True,True,0.9959016393442623,488,True,2016-01-04,2023-12-29
1234,PFD,PFD,True,True,0.9959016393442623,488,False,2016-01-04,2023-12-29
1235,PFE,PFE,True,True,0.9959016393442623,488,True,2016-01-04,2023-12-29
1236,PFG,PFG,True,True,0.9959016393442623,488,True,2016-01-04,2023-12-29
1237,PFH,PFH,True,True,0.9918032786885246,488,False,2016-01-04,2023-12-29
1238,PFK,PFK,True,True,0.9958677685950413,484,False,2016-01-04,2018-04-09
1239,PFL,PFL,True,True,0.9836065573770492,488,False,2016-01-04,2023-12-29
1240,PFN,PFN,True,True,0.9959016393442623,488,True,2016-01-04,2023-12-29
1241,PFO,PFO,True,True,0.9795081967213115,488,False,2016-01-04,2023-12-29
1242,PFS,PFS,True,True,0.9959016393442623,488,True,2016-01-04,2023-12-29
1243,PG,PG,True,True,0.9959016393442623,488,True,2016-01-04,2023-12-29
1244,PGP,PGP,True,True,0.9959016393442623,488,False,2016-01-04,2023-12-29
1245,PGR,PGR,True,True,0.9959016393442623,488,True,2016-01-04,2023-12-29
1246,PH,PH,True,True,0.9959016393442623,488,True,2016-01-04,2023-12-29
1247,PHD,PHD,True,True,0.9959016393442623,488,False,2016-01-04,2023-12-29
1248,PHG,PHG,True,True,0.9959016393442623,488,True,2016-01-04,2023-12-29
1249,PHH,PHH,True,True,0.9959016393442623,488,False,2016-01-04,2018-10-03
1250,PHI,PHI,True,True,0.9937304075235109,319,True,2016-09-02,2023-12-29
1251,PHK,PHK,True,True,0.9959016393442623,488,True,2016-01-04,2023-12-29
1252,PHM,PHM,True,True,0.9959016393442623,488,True,2016-01-04,2023-12-29
1253,PHT,PHT,True,True,0.9959016393442623,488,False,2016-01-04,2023-12-29
1254,PII,PII,True,True,0.9959016393442623,488,True,2016-01-04,2023-12-29
1255,PJC,PJC,True,False,0.3012295081967213,488,False,2016-01-04,2023-12-29
1256,PKE,PKE,True,True,0.9959016393442623,488,True,2016-01-04,2023-12-29
1257,PKG,PKG,True,True,0.9959016393442623,488,True,2016-01-04,2023-12-29
1258,PKI,PKI,True,True,0.9959016393442623,488,False,2016-01-04,2023-12-29
1259,PKO,PKO,True,True,0.9959016393442623,488,False,2016-01-04,2021-12-10
1260,PKX,PKX,True,True,0.9959016393442623,488,True,2016-01-04,2023-12-29
1261,PLD,PLD,True,True,0.9959016393442623,488,True,2016-01-04,2023-12-29
1262,PLOW,PLOW,True,True,0.9959016393442623,488,True,2016-01-04,2023-12-29
1263,PLT,PLT,True,True,0.9959016393442623,488,False,2016-01-04,2022-08-26
1264,PM,PM,True,True,0.9959016393442623,488,True,2016-01-04,2023-12-29
1265,PMC,PMC,True,True,0.9958932238193019,487,False,2016-01-04,2017-12-07
1266,PMF,PMF,True,True,0.9918032786885246,488,False,2016-01-04,2023-12-29
1267,PML,PML,True,True,0.9959016393442623,488,True,2016-01-04,2023-12-29
1268,PMM,PMM,True,True,1.0,488,True,2016-01-04,2023-12-29
1269,PMO,PMO,True,True,0.9959016393442623,488,True,2016-01-04,2023-12-29
1270,PMT,PMT,True,True,1.0,488,True,2016-01-04,2023-12-29
1271,PMX,PMX,True,True,0.9959016393442623,488,False,2016-01-04,2023-12-29
1272,PNC,PNC,True,True,0.9959016393442623,488,True,2016-01-04,2023-12-29
1273,PNC-P,PNC.PRP,True,True,0.9959016393442623,488,False,2016-01-04,2022-10-31
1274,PNC-Q,PNC.PRQ,True,True,0.9959016393442623,488,False,2016-01-04,2020-08-31
1275,PNF,PNF,True,True,0.9713114754098361,488,False,2016-01-04,2023-12-29
1276,PNI,PNI,True,True,0.9795081967213115,488,False,2016-01-04,2023-12-29
1277,PNM,PNM,True,True,0.9959016393442623,488,False,2016-01-04,2023-12-29
1278,PNW,PNW,True,True,0.9959016393442623,488,True,2016-01-04,2023-12-29
1279,POL,POL,True,True,0.9959016393442623,488,False,2016-01-04,2023-12-29
1280,POR,POR,True,True,0.9959016393442623,488,True,2016-01-04,2023-12-29
1281,POST,POST,True,True,0.9959016393442623,488,True,2016-01-04,2023-12-29
1282,POT,POT,True,True,0.9959016393442623,488,False,2016-01-04,2017-12-29
1283,PPL,PPL,True,True,0.9959016393442623,488,True,2016-01-04,2023-12-29
1284,PRA,PRA,True,True,0.9959016393442623,488,False,2016-01-04,2023-12-29
1285,PRI,PRI,True,True,0.9959016393442623,488,True,2016-01-04,2023-12-29
1286,PRLB,PRLB,True,True,0.9959016393442623,488,True,2016-01-04,2023-12-29
1287,PRO,PRO,True,True,0.9959016393442623,488,False,2016-01-04,2023-12-29
1288,PRU,PRU,True,True,0.9959016393442623,488,True,2016-01-04,2023-12-29
1289,PSA,PSA,True,True,0.9959016393442623,488,True,2016-01-04,2023-12-29
1290,PSA-U,PSA.PRU,True,True,0.9918032786885246,488,False,2016-01-04,2019-09-11
1291,PSA-V,PSA.PRV,True,True,1.0,488,False,2016-01-04,2020-06-09
1292,PSA-W,PSA.PRW,True,True,0.9877049180327869,488,False,2016-01-04,2020-09-29
1293,PSB,PSB,True,True,0.9959016393442623,488,False,2016-01-04,2022-07-19
1294,PSB-U,PSB.PRU,True,True,0.9959016393442623,488,False,2016-01-04,2019-11-01
1295,PSF,PSF,True,True,0.9877049180327869,488,False,2016-01-04,2023-12-29
1296,PSO,PSO,True,True,1.0,488,True,2016-01-04,2023-12-29
1297,PSX,PSX,True,True,0.9959016393442623,488,True,2016-01-04,2023-12-29
1298,PTR,PTR,True,True,0.9959016393442623,488,False,2016-01-04,2022-09-08
1299,PTY,PTY,True,True,0.9959016393442623,488,True,2016-01-04,2023-12-29
1300,PUK,PUK,True,True,0.9959016393442623,488,True,2016-01-04,2023-12-29
1301,PUK-A,PUK.PRA,True,True,0.9877049180327869,488,False,2016-01-04,2021-12-27
1302,PVH,PVH,True,True,0.9959016393442623,488,True,2016-01-04,2023-12-29
1303,PWR,PWR,True,True,0.9959016393442623,488,True,2016-01-04,2023-12-29
1304,PX,PX,True,True,0.9959016393442623,488,False,2016-01-04,2018-10-30
1305,PXD,PXD,True,True,0.9959016393442623,488,False,2016-01-04,2023-12-29
1306,PYN,PYN,True,True,0.9959016393442623,488,False,2016-01-04,2023-12-29
1307,PYS,PYS,True,True,0.9874739039665971,479,False,2016-01-04,2022-11-02
1308,PZC,PZC,True,True,0.9959016393442623,488,False,2016-01-04,2023-12-29
1309,PZN,PZN,True,True,0.9959016393442623,488,False,2016-01-04,2022-10-28
1310,QEP,QEP,True,True,0.9959016393442623,488,False,2016-01-04,2021-03-16
1311,QUAD,QUAD,True,True,0.9959016393442623,488,True,2016-01-04,2023-12-29
1312,R,R,True,True,0.9959016393442623,488,True,2016-01-04,2023-12-29
1313,RAS-A,RAS.PRA,True,True,0.9918032786885246,488,False,2016-01-04,2018-05-11
1314,RAS-B,RAS.PRB,True,True,0.991701244813278,482,False,2016-01-04,2018-05-11
1315,RAS-C,RAS.PRC,True,True,0.9958419958419958,481,False,2016-01-04,2018-05-11
1316,RBA,RBA,True,True,0.9959016393442623,488,True,2016-01-04,2023-12-29
1317,RBC,RBC,True,True,1.0,488,False,2016-01-04,2023-12-29
1318,RBS-S,RBS.PRS,True,True,0.9918032786885246,488,False,2016-01-04,2018-11-29
1319,RCI,RCI,True,True,0.9959016393442623,488,True,2016-01-04,2023-12-29
1320,RCL,RCL,True,True,0.9959016393442623,488,True,2016-01-04,2023-12-29
1321,RCS,RCS,True,True,0.9959016393442623,488,False,2016-01-04,2023-12-29
1322,RDC,RDC,True,True,0.9959016393442623,488,False,2016-01-04,2019-04-10
1323,RDN,RDN,True,True,0.9959016393442623,488,True,2016-01-04,2023-12-29
1324,RDS.A,RDS.A,True,True,0.9959016393442623,488,False,2016-01-04,2022-01-28
1325,RDS.B,RDS.B,True,True,0.9959016393442623,488,False,2016-01-04,2022-01-28
1326,RDY,RDY,True,True,0.9672131147540983,488,True,2016-01-04,2023-12-29
1327,RE,RE,True,True,0.9959016393442623,488,False,2016-01-04,2023-12-29
1328,REG,REG,True,True,0.9959016393442623,488,True,2016-01-04,2023-12-29
1329,RENN,RENN,True,True,0.9959016393442623,488,False,2016-01-04,2023-12-29
1330,RES,RES,True,True,0.9959016393442623,488,True,2016-01-04,2023-12-29
1331,RESI,RESI,True,True,0.9959016393442623,488,False,2016-01-04,2021-01-11
1332,REV,REV,True,True,0.9959016393442623,488,False,2016-01-04,2022-10-20
1333,REX,REX,True,False,0.375,488,True,2016-01-04,2023-12-29
1334,RF,RF,True,True,0.9959016393442623,488,True,2016-01-04,2023-12-29
1335,RF-A,RF.PRA,True,True,0.9959016393442623,488,False,2016-01-04,2021-06-14
1336,RFI,RFI,True,True,0.9754098360655737,488,True,2016-01-04,2023-12-29
1337,RGA,RGA,True,True,0.9959016393442623,488,True,2016-01-04,2023-12-29
1338,RGC,RGC,True,False,0.7561475409836066,488,False,2016-01-04,2018-02-28
1339,RGR,RGR,True,True,0.9959016393442623,488,True,2016-01-04,2023-12-29
1340,RGS,RGS,True,True,0.9959016393442623,488,True,2016-01-04,2023-12-29
1341,RH,RH,True,True,0.9959016393442623,488,True,2016-01-04,2023-12-29
1342,RHI,RHI,True,True,0.9959016393442623,488,True,2016-01-04,2023-12-29
1343,RHP,RHP,True,True,0.9959016393442623,488,True,2016-01-04,2023-12-29
1344,RHT,RHT,True,True,0.9959016393442623,488,False,2016-01-04,2019-07-08
1345,RIG,RIG,True,True,0.9959016393442623,488,True,2016-01-04,2023-12-29
1346,RIO,RIO,True,True,0.9959016393442623,488,True,2016-01-04,2023-12-29
1347,RJF,RJF,True,False,0.6926229508196722,488,True,2016-01-04,2023-12-29
1348,RL,RL,True,True,0.9959016393442623,488,True,2016-01-04,2023-12-29
1349,RLGY,RLGY,True,True,0.9959016393442623,488,False,2016-01-04,2023-12-29
1350,RLH,RLH,True,True,0.9959016393442623,488,False,2016-01-04,2021-03-17
1351,RLI,RLI,True,False,0.4651639344262295,488,True,2016-01-04,2023-12-29
1352,RLJ,RLJ,True,True,1.0,488,True,2016-01-04,2023-12-29
1353,RM,RM,True,True,0.9959016393442623,488,True,2016-01-04,2023-12-29
1354,RMD,RMD,True,True,0.9959016393442623,488,True,2016-01-04,2023-12-29
1355,RMT,RMT,True,True,1.0,488,True,2016-01-04,2023-12-29
1356,RNP,RNP,True,True,0.9959016393442623,488,True,2016-01-04,2023-12-29
1357,RNR,RNR,True,True,0.9959016393442623,488,True,2016-01-04,2023-12-29
1358,RNR-C,RNR.PRC,True,True,0.9959016393442623,488,False,2016-01-04,2020-02-25
1359,ROG,ROG,True,True,0.9959016393442623,488,True,2016-01-04,2023-12-29
1360,ROK,ROK,True,True,0.9959016393442623,488,True,2016-01-04,2023-12-29
1361,ROL,ROL,True,False,0.2930327868852459,488,True,2016-01-04,2023-12-29
1362,ROP,ROP,True,True,0.9959016393442623,488,True,2016-01-04,2023-12-29
1363,RPAI,RPAI,True,True,0.9959016393442623,488,False,2016-01-04,2021-10-21
1364,RPM,RPM,True,True,0.9959016393442623,488,True,2016-01-04,2023-12-29
1365,RPT,RPT,True,True,0.9918032786885246,488,False,2016-01-04,2023-12-29
1366,RPT-D,RPT.PRD,True,True,0.9918032786885246,488,False,2016-01-04,2023-12-29
1367,RQI,RQI,True,True,0.9918032786885246,488,True,2016-01-04,2023-12-29
1368,RRC,RRC,True,True,0.9959016393442623,488,True,2016-01-04,2023-12-29
1369,RRD,RRD,True,True,0.993801652892562,484,False,2016-01-04,2022-02-24
1370,RRTS,RRTS,True,True,0.9918032786885246,488,True,2016-01-04,2020-04-16
1371,RS,RS,True,True,0.9959016393442623,488,True,2016-01-04,2023-12-29
1372,RSG,RSG,True,True,0.9959016393442623,488,True,2016-01-04,2023-12-29
1373,RSO,RSO,True,True,0.9959016393442623,488,False,2016-01-04,2023-12-29
1374,RSO-A,RSO.PRA,True,True,0.9915966386554622,476,False,2016-01-04,2017-12-18
1375,RSO-B,RSO.PRB,True,True,0.9959016393442623,488,False,2016-01-04,2018-02-21
1376,RST,RST,True,True,0.9959016393442623,488,False,2016-01-04,2020-10-14
1377,RTEC,RTEC,True,True,0.9959016393442623,488,False,2016-01-04,2019-10-25
1378,RTN,RTN,True,True,0.9959016393442623,488,False,2016-01-04,2020-04-02
1379,RVT,RVT,True,True,0.9959016393442623,488,True,2016-01-04,2023-12-29
1380,RWT,RWT,True,True,0.9959016393442623,488,True,2016-01-04,2023-12-29
1381,RXN,RXN,True,True,0.9959016393442623,488,False,2016-01-04,2023-12-29
1382,RY,RY,True,True,0.9959016393442623,488,True,2016-01-04,2023-12-29
1383,RYN,RYN,True,True,0.9959016393442623,488,True,2016-01-04,2023-12-29
1384,SAH,SAH,True,True,0.9959016393442623,488,True,2016-01-04,2023-12-29
1385,SAM,SAM,True,True,0.9959016393442623,488,True,2016-01-04,2023-12-29
1386,SAN-A,SAN.PRA,True,True,0.995850622406639,482,False,2016-01-04,2018-04-27
1387,SAN-B,SAN.PRB,True,True,0.9918032786885246,488,False,2016-01-04,2020-12-04
1388,SAN-C,SAN.PRC,True,True,0.9917525773195877,485,False,2016-01-04,2018-04-27
1389,SAN-I,SAN.PRI,True,True,0.9849785407725322,466,False,2016-01-04,2018-05-22
1390,SAP,SAP,True,True,0.9959016393442623,488,True,2016-01-04,2023-12-29
1391,SAR,SAR,True,True,0.9959016393442623,488,False,2016-01-04,2023-12-29
1392,SBH,SBH,True,True,0.9959016393442623,488,True,2016-01-04,2023-12-29
1393,SBI,SBI,True,True,0.9754098360655737,488,False,2016-01-04,2023-12-29
1394,SBR,SBR,True,True,0.9959016393442623,488,True,2016-01-04,2023-12-29
1395,SCCO,SCCO,True,True,0.9959016393442623,488,True,2016-01-04,2023-12-29
1396,SCD,SCD,True,True,0.9959016393442623,488,True,2016-01-04,2023-12-29
1397,SCG,SCG,True,True,0.9959016393442623,488,False,2016-01-04,2018-12-31
1398,SCHW,SCHW,True,True,0.9959016393442623,488,True,2016-01-04,2023-12-29
1399,SCI,SCI,True,True,0.9959016393442623,488,True,2016-01-04,2023-12-29
1400,SCL,SCL,True,True,0.9959016393442623,488,True,2016-01-04,2023-12-29
1401,SCM,SCM,True,True,0.9959016393442623,488,True,2016-01-04,2023-12-29
1402,SCS,SCS,True,True,0.9959016393442623,488,False,2016-01-04,2023-12-29
1403,SCX,SCX,True,True,0.9959016393442623,488,False,2016-01-04,2023-12-29
1404,SEE,SEE,True,True,0.9959016393442623,488,False,2016-01-04,2023-12-29
1405,SEM,SEM,True,True,0.9959016393442623,488,False,2016-01-04,2023-12-29
1406,SEMG,SEMG,True,True,0.9959016393442623,488,False,2016-01-04,2019-12-04
1407,SEP,SEP,True,True,0.9959016393442623,488,False,2016-01-04,2018-12-14
1408,SF,SF,True,False,0.3524590163934426,488,True,2016-01-04,2023-12-29
1409,SFE,SFE,True,True,0.9959016393442623,488,False,2016-01-04,2023-12-29
1410,SFL,SFL,True,True,0.9959016393442623,488,True,2016-01-04,2023-12-29
1411,SGF,SGF,True,True,0.9713114754098361,488,False,2016-01-04,2018-04-27
1412,SHG,SHG,True,True,0.9959016393442623,488,True,2016-01-04,2023-12-29
1413,SHI,SHI,True,True,0.9918032786885246,488,False,2016-01-04,2022-09-02
1414,SHO,SHO,True,True,0.9959016393442623,488,True,2016-01-04,2023-12-29
1415,SHW,SHW,True,True,0.9959016393442623,488,True,2016-01-04,2023-12-29
1416,SIG,SIG,True,True,0.9959016393442623,488,True,2016-01-04,2023-12-29
1417,SIX,SIX,True,True,0.9959016393442623,488,False,2016-01-04,2023-12-29
1418,SJM,SJM,True,True,0.9959016393442623,488,True,2016-01-04,2023-12-29
1419,SJR,SJR,True,True,1.0,488,False,2016-01-04,2023-04-03
1420,SJW,SJW,True,True,0.9959016393442623,488,False,2016-01-04,2023-12-29
1421,SKM,SKM,True,False,0.6045081967213115,488,True,2016-01-04,2023-12-29
1422,SKT,SKT,True,True,0.9959016393442623,488,True,2016-01-04,2023-12-29
1423,SKX,SKX,True,True,0.9959016393442623,488,False,2016-01-04,2023-12-29
1424,SLB,SLB,True,True,0.9959016393442623,488,True,2016-01-04,2023-12-29
1425,SLCA,SLCA,True,True,0.9959016393442623,488,False,2016-01-04,2023-12-29
1426,SLF,SLF,True,True,0.9959016393442623,488,True,2016-01-04,2023-12-29
1427,SLG,SLG,True,True,0.9959016393442623,488,True,2016-01-04,2023-12-29
1428,SLG-I,SLG.PRI,True,True,0.991701244813278,482,True,2016-01-04,2023-12-29
1429,SM,SM,True,True,0.9959016393442623,488,True,2016-01-04,2023-12-29
1430,SMFG,SMFG,True,True,0.9959016393442623,488,True,2016-01-04,2023-12-29
1431,SMG,SMG,True,True,0.9959016393442623,488,True,2016-01-04,2023-12-29
1432,SMLP,SMLP,True,True,0.9959016393442623,488,False,2016-01-04,2023-12-29
1433,SMM,SMM,True,True,0.9959016393442623,488,False,2016-01-04,2022-09-08
1434,SMP,SMP,True,True,0.9959016393442623,488,True,2016-01-04,2023-12-29
1435,SNA,SNA,True,True,0.9959016393442623,488,True,2016-01-04,2023-12-29
1436,SNE,SNE,True,True,0.9959016393442623,488,False,2016-01-04,2023-12-29
1437,SNN,SNN,True,True,0.9959016393442623,488,True,2016-01-04,2023-12-29
1438,SNP,SNP,True,True,0.9959016393442623,488,False,2016-01-04,2022-09-08
1439,SNX,SNX,True,True,0.9959016393442623,488,True,2016-01-04,2023-12-29
1440,SNY,SNY,True,True,0.9959016393442623,488,True,2016-01-04,2023-12-29
1441,SO,SO,True,True,0.9959016393442623,488,True,2016-01-04,2023-12-29
1442,SON,SON,True,True,0.9959016393442623,488,True,2016-01-04,2023-12-29
1443,SOR,SOR,True,True,0.9959016393442623,488,True,2016-01-04,2023-12-29
1444,SPA,SPA,True,True,0.9959016393442623,488,False,2016-01-04,2019-03-01
1445,SPB,SPB,True,True,0.9959016393442623,488,False,2016-01-04,2018-07-13
1446,SPE,SPE,True,True,0.9918032786885246,488,False,2016-01-04,2023-12-29
1447,SPG,SPG,True,True,0.9959016393442623,488,True,2016-01-04,2023-12-29
1448,SPGI,SPGI,True,True,0.9959016393442623,488,True,2016-01-04,2023-12-29
1449,SPH,SPH,True,True,0.9959016393442623,488,True,2016-01-04,2023-12-29
1450,SPLP,SPLP,True,True,0.9918032786885246,488,False,2016-01-04,2023-12-29
1451,SPN,SPN,True,True,0.9959016393442623,488,False,2016-01-04,2020-09-17
1452,SPR,SPR,True,True,0.9959016393442623,488,False,2016-01-04,2023-12-29
1453,SPXX,SPXX,True,True,0.9959016393442623,488,False,2016-01-04,2023-12-29
1454,SQM,SQM,True,True,0.9959016393442623,488,True,2016-01-04,2023-12-29
1455,SRE,SRE,True,False,0.9200819672131147,488,True,2016-01-04,2023-12-29
1456,SRF,SRF,True,True,0.9959016393442623,488,False,2016-01-04,2020-05-29
1457,SRI,SRI,True,True,0.9959016393442623,488,True,2016-01-04,2023-12-29
1458,SSD,SSD,True,True,1.0,488,True,2016-01-04,2023-12-29
1459,SSL,SSL,True,True,0.9959016393442623,488,True,2016-01-04,2023-12-29
1460,SSP,SSP,True,True,0.9959016393442623,488,True,2016-01-04,2023-12-29
1461,SSTK,SSTK,True,True,0.9959016393442623,488,True,2016-01-04,2023-12-29
1462,SSW,SSW,True,True,0.9959016393442623,488,False,2016-01-04,2023-03-27
1463,SSW-D,SSW.PRD,True,True,0.9918032786885246,488,False,2016-01-04,2020-02-27
1464,ST,ST,True,True,0.9959016393442623,488,True,2016-01-04,2023-12-29
1465,STAG,STAG,True,True,0.9959016393442623,488,True,2016-01-04,2023-12-29
1466,STAR,STAR,True,False,0.8954918032786885,488,False,2016-01-04,2023-03-30
1467,STC,STC,True,True,0.9959016393442623,488,True,2016-01-04,2023-12-29
1468,STI,STI,True,True,0.9959016393442623,488,False,2016-01-04,2019-12-06
1469,STI-A,STI.PRA,True,True,0.9959016393442623,488,False,2016-01-04,2019-12-06
1470,STI-E,STI.PRE,True,True,0.9959016393442623,488,False,2016-01-04,2018-01-29
1471,STK,STK,True,True,0.9959016393442623,488,True,2016-01-04,2023-12-29
1472,STL,STL,True,True,0.9959016393442623,488,False,2016-01-04,2022-01-31
1473,STM,STM,True,True,0.9959016393442623,488,True,2016-01-04,2023-12-29
1474,STN,STN,True,True,0.9959016393442623,488,True,2016-01-04,2023-12-29
1475,STO,STO,True,True,0.9959016393442623,488,False,2016-01-04,2023-12-29
1476,STON,STON,True,True,0.9959016393442623,488,False,2016-01-04,2022-11-03
1477,STT,STT,True,True,0.9959016393442623,488,True,2016-01-04,2023-12-29
1478,STT-C,STT.PRC,True,True,0.9959016393442623,488,False,2016-01-04,2020-02-12
1479,STWD,STWD,True,True,0.9959016393442623,488,True,2016-01-04,2023-12-29
1480,STZ,STZ,True,True,0.9959016393442623,488,True,2016-01-04,2023-12-29
1481,STZ.B,STZ.B,True,True,0.9959016393442623,488,False,2016-01-04,2022-11-10
1482,SU,SU,True,True,0.9959016393442623,488,True,2016-01-04,2023-12-29
1483,SUI,SUI,True,True,0.9959016393442623,488,True,2016-01-04,2023-12-29
1484,SUI-A,SUI.PRA,True,True,1.0,464,False,2016-01-04,2017-11-13
1485,SUN,SUN,True,True,0.9959016393442623,488,True,2016-01-04,2023-12-29
1486,SUP,SUP,True,True,0.9959016393442623,488,False,2016-01-04,2023-12-29
1487,SVU,SVU,True,True,0.9959016393442623,488,False,2016-01-04,2018-10-19
1488,SWK,SWK,True,True,0.9959016393442623,488,True,2016-01-04,2023-12-29
1489,SWM,SWM,True,True,0.9959016393442623,488,False,2016-01-04,2023-12-29
1490,SWN,SWN,True,True,0.9959016393442623,488,False,2016-01-04,2023-12-29
1491,SWX,SWX,True,True,0.9959016393442623,488,True,2016-01-04,2023-12-29
1492,SWZ,SWZ,True,True,0.9959016393442623,488,False,2016-01-04,2023-12-29
1493,SXI,SXI,True,True,0.9959016393442623,488,True,2016-01-04,2023-12-29
1494,SXT,SXT,True,True,0.9959016393442623,488,True,2016-01-04,2023-12-29
1495,SYK,SYK,True,True,0.9959016393442623,488,True,2016-01-04,2023-12-29
1496,SYT,SYT,True,True,0.995850622406639,482,False,2016-01-04,2018-01-05
1497,SYX,SYX,True,True,0.9959016393442623,488,False,2016-01-04,2023-12-29
1498,SYY,SYY,True,True,0.9959016393442623,488,True,2016-01-04,2023-12-29
1499,SZC,SZC,True,True,0.9897540983606558,488,False,2016-01-04,2023-12-29
1500,T,T,True,True,0.9918032786885246,488,True,2016-01-04,2023-12-29
1501,TAP,TAP,True,True,0.9959016393442623,488,True,2016-01-04,2023-12-29
1502,TARO,TARO,True,True,0.9959016393442623,488,False,2016-01-04,2023-12-29
1503,TBI,TBI,True,True,0.9959016393442623,488,True,2016-01-04,2023-12-29
1504,TCAP,TCAP,True,True,0.9959016393442623,488,False,2016-01-04,2023-12-29
1505,TCF,TCF,True,True,0.9959016393442623,488,False,2016-01-04,2019-07-31
1506,TCF-C,TCF.PRC,True,False,0.9722222222222222,144,False,2017-05-08,2018-01-29
1507,TCO,TCO,True,True,0.9959016393442623,488,False,2016-01-04,2020-12-28
1508,TCO-J,TCO.PRJ,True,True,0.9876288659793815,485,False,2016-01-04,2020-12-28
1509,TCP,TCP,True,True,0.9959016393442623,488,False,2016-01-04,2021-03-02
1510,TD,TD,True,True,0.9959016393442623,488,True,2016-01-04,2023-12-29
1511,TDC,TDC,True,True,0.9959016393442623,488,True,2016-01-04,2023-12-29
1512,TDE,TDE,True,True,0.9959016393442623,488,False,2016-01-04,2021-05-11
1513,TDF,TDF,True,True,0.9918032786885246,488,False,2016-01-04,2023-12-29
1514,TDG,TDG,True,True,0.9959016393442623,488,True,2016-01-04,2023-12-29
1515,TDI,TDI,True,True,0.9959016393442623,488,False,2016-01-04,2021-08-31
1516,TDJ,TDJ,True,True,0.9918032786885246,488,False,2016-01-04,2021-05-11
1517,TDY,TDY,True,True,0.9959016393442623,488,True,2016-01-04,2023-12-29
1518,TEF,TEF,True,True,0.9959016393442623,488,False,2016-01-04,2023-12-29
1519,TEI,TEI,True,True,0.9959016393442623,488,True,2016-01-04,2023-12-29
1520,TEL,TEL,True,True,0.9959016393442623,488,True,2016-01-04,2023-12-29
1521,TEN,TEN,True,True,0.9959016393442623,488,False,2016-01-04,2022-11-16
1522,TEO,TEO,True,True,0.9959016393442623,488,True,2016-01-04,2023-12-29
1523,TER,TER,True,True,0.9959016393442623,488,True,2016-01-04,2023-12-29
1524,TEVA,TEVA,True,True,0.9959016393442623,488,True,2016-01-04,2023-12-29
1525,TEX,TEX,True,True,0.9918032786885246,488,True,2016-01-04,2023-12-29
1526,TFX,TFX,True,True,0.9959016393442623,488,True,2016-01-04,2023-12-29
1527,TG,TG,True,True,0.9959016393442623,488,True,2016-01-04,2023-12-29
1528,TGH,TGH,True,True,0.9959016393442623,488,False,2016-01-04,2023-12-29
1529,TGI,TGI,True,True,0.9959016393442623,488,False,2016-01-04,2023-12-29
1530,TGNA,TGNA,True,True,0.9938524590163934,488,False,2016-01-04,2023-12-29
1531,TGT,TGT,True,True,0.9959016393442623,488,True,2016-01-04,2023-12-29
1532,THC,THC,True,True,0.9959016393442623,488,True,2016-01-04,2023-12-29
1533,THG,THG,True,True,0.9959016393442623,488,True,2016-01-04,2023-12-29
1534,THO,THO,True,True,0.9959016393442623,488,True,2016-01-04,2023-12-29
1535,THR,THR,True,True,0.9959016393442623,488,False,2016-01-04,2023-12-29
1536,THS,THS,True,True,0.9959016393442623,488,False,2016-01-04,2023-12-29
1537,TI,TI,True,True,0.9959016393442623,488,False,2016-01-04,2019-07-05
1538,TIF,TIF,True,True,0.9959016393442623,488,False,2016-01-04,2021-01-06
1539,TISI,TISI,True,True,0.9959016393442623,488,True,2016-01-04,2023-12-29
1540,TJX,TJX,True,False,0.4610655737704918,488,True,2016-01-04,2023-12-29
1541,TKC,TKC,True,True,0.9959016393442623,488,True,2016-01-04,2023-12-29
1542,TKF,TKF,True,True,0.9959016393442623,488,False,2016-01-04,2017-12-22
1543,TKR,TKR,True,True,0.9959016393442623,488,True,2016-01-04,2023-12-29
1544,TLI,TLI,True,True,0.9959016393442623,488,False,2016-01-04,2020-11-20
1545,TLK,TLK,True,False,0.8176229508196722,488,False,2016-01-04,2023-12-29
1546,TLP,TLP,True,True,0.9959016393442623,488,False,2016-01-04,2019-02-26
1547,TLYS,TLYS,True,True,0.9959016393442623,488,True,2016-01-04,2023-12-29
1548,TM,TM,True,True,0.9959016393442623,488,True,2016-01-04,2023-12-29
1549,TMO,TMO,True,True,0.9959016393442623,488,True,2016-01-04,2023-12-29
1550,TNC,TNC,True,True,0.9959016393442623,488,True,2016-01-04,2023-12-29
1551,TNH,TNH,True,True,0.9918032786885246,488,False,2016-01-04,2018-03-29
1552,TOL,TOL,True,True,0.9959016393442623,488,True,2016-01-04,2023-12-29
1553,TOT,TOT,True,True,0.9959016393442623,488,False,2016-01-04,2023-12-29
1554,TOWR,TOWR,True,True,0.9959016393442623,488,False,2016-01-04,2019-09-27
1555,TPC,TPC,True,True,0.9959016393442623,488,True,2016-01-04,2023-12-29
1556,TPL,TPL,True,False,0.4979508196721312,488,True,2016-01-04,2023-12-29
1557,TPR,TPR,True,True,0.9959016393442623,488,True,2016-01-04,2023-12-29
1558,TPX,TPX,True,False,0.24180327868852458,488,False,2016-01-04,2023-12-29
1559,TPZ,TPZ,True,True,0.9959016393442623,488,False,2016-01-04,2023-12-29
1560,TR,TR,True,True,0.9959016393442623,488,True,2016-01-04,2023-12-29
1561,TRC,TRC,True,True,0.9959016393442623,488,True,2016-01-04,2023-12-29
1562,TREC,TREC,True,True,1.0,488,False,2016-01-04,2022-06-24
1563,TREX,TREX,True,False,0.3524590163934426,488,True,2016-01-04,2023-12-29
1564,TRGP,TRGP,True,True,0.9959016393442623,488,True,2016-01-04,2023-12-29
1565,TRI,TRI,True,False,0.7233606557377049,488,True,2016-01-04,2023-12-29
1566,TRK,TRK,True,True,0.9959016393442623,488,False,2016-01-04,2019-09-17
1567,TRN,TRN,True,True,0.9959016393442623,488,True,2016-01-04,2023-12-29
1568,TRNO,TRNO,True,True,0.9959016393442623,488,True,2016-01-04,2023-12-29
1569,TRP,TRP,True,True,0.9959016393442623,488,True,2016-01-04,2023-12-29
1570,TRV,TRV,True,True,0.9959016393442623,488,True,2016-01-04,2023-12-29
1571,TS,TS,True,True,0.9959016393442623,488,True,2016-01-04,2023-12-29
1572,TSI,TSI,True,True,0.9959016393442623,488,False,2016-01-04,2023-12-29
1573,TSM,TSM,True,True,0.9959016393442623,488,True,2016-01-04,2023-12-29
1574,TSN,TSN,True,True,0.9959016393442623,488,True,2016-01-04,2023-12-29
1575,TSS,TSS,True,True,0.9959016393442623,488,False,2016-01-04,2019-09-17
1576,TSU,TSU,True,True,0.9959016393442623,488,False,2016-01-04,2020-10-12
1577,TTC,TTC,True,False,0.8463114754098361,488,False,2016-01-04,2023-12-29
1578,TTF,TTF,True,True,0.9959016393442623,488,False,2016-01-04,2018-01-19
1579,TTM,TTM,True,True,0.9959016393442623,488,False,2016-01-04,2023-01-23
1580,TTP,TTP,True,True,0.9918032786885246,488,False,2016-01-04,2023-12-29
1581,TU,TU,True,False,0.45901639344262296,488,True,2016-01-04,2023-12-29
1582,TUP,TUP,True,True,0.9959016393442623,488,False,2016-01-04,2023-12-29
1583,TV,TV,True,True,0.9959016393442623,488,True,2016-01-04,2023-12-29
1584,TVC,TVC,True,True,0.9836065573770492,488,False,2016-01-04,2023-12-29
1585,TVE,TVE,True,True,0.9877049180327869,488,False,2016-01-04,2023-12-29
1586,TWN,TWN,True,True,0.9918032786885246,488,False,2016-01-04,2023-12-29
1587,TWO,TWO,True,False,1.0,25,False,2017-11-02,2023-12-29
1588,TWX,TWX,True,True,0.9959016393442623,488,False,2016-01-04,2018-06-14
1589,TX,TX,True,True,0.9959016393442623,488,True,2016-01-04,2023-12-29
1590,TXT,TXT,True,True,0.9959016393442623,488,True,2016-01-04,2023-12-29
1591,TY,TY,True,True,0.9959016393442623,488,True,2016-01-04,2023-12-29
1592,TYG,TYG,True,True,0.9918032786885246,488,True,2016-01-04,2023-12-29
1593,TYL,TYL,True,True,0.9959016393442623,488,True,2016-01-04,2023-12-29
1594,UAA,UAA,True,False,0.5995260663507109,422,True,2016-04-08,2023-12-29
1595,UAL,UAL,True,True,0.9959016393442623,488,True,2016-01-04,2023-12-29
1596,UBA,UBA,True,True,0.9959016393442623,488,False,2016-01-04,2023-08-17
1597,UBP,UBP,True,True,0.9958762886597938,485,False,2016-01-04,2023-08-17
1598,UDR,UDR,True,True,0.9959016393442623,488,True,2016-01-04,2023-12-29
1599,UFI,UFI,True,True,0.9959016393442623,488,True,2016-01-04,2023-12-29
1600,UFS,UFS,True,True,0.9959016393442623,488,False,2016-01-04,2021-11-29
1601,UGI,UGI,True,True,0.9959016393442623,488,True,2016-01-04,2023-12-29
1602,UGP,UGP,True,False,0.6168032786885246,488,True,2016-01-04,2023-12-29
1603,UHS,UHS,True,True,0.9959016393442623,488,True,2016-01-04,2023-12-29
1604,UHT,UHT,True,True,0.9959016393442623,488,True,2016-01-04,2023-12-29
1605,UIS,UIS,True,True,0.9959016393442623,488,True,2016-01-04,2023-12-29
1606,UL,UL,True,False,0.7991803278688525,488,True,2016-01-04,2023-12-29
1607,UMH,UMH,True,True,0.9959016393442623,488,True,2016-01-04,2023-12-29
1608,UN,UN,True,True,0.9959016393442623,488,False,2016-01-04,2020-11-27
1609,UNF,UNF,True,True,0.9959016393442623,488,True,2016-01-04,2023-12-29
1610,UNH,UNH,True,True,0.9959016393442623,488,True,2016-01-04,2023-12-29
1611,UNM,UNM,True,True,0.9959016393442623,488,True,2016-01-04,2023-12-29
1612,UNP,UNP,True,True,0.9959016393442623,488,True,2016-01-04,2023-12-29
1613,UPS,UPS,True,True,0.9959016393442623,488,True,2016-01-04,2023-12-29
1614,URI,URI,True,True,0.9959016393442623,488,True,2016-01-04,2023-12-29
1615,USB,USB,True,True,0.9959016393442623,488,True,2016-01-04,2023-12-29
1616,USB-H,USB.PRH,True,True,0.9918032786885246,488,True,2016-01-04,2023-12-29
1617,USB-M,USB.PRM,True,True,0.9918032786885246,488,False,2016-01-04,2022-01-14
1618,USG,USG,True,True,0.9959016393442623,488,False,2016-01-04,2019-04-23
1619,USM,USM,True,True,0.9959016393442623,488,False,2016-01-04,2023-12-29
1620,USNA,USNA,True,False,0.8627049180327869,488,False,2016-01-04,2023-12-29
1621,USPH,USPH,True,True,0.9959016393442623,488,True,2016-01-04,2023-12-29
1622,UTF,UTF,True,True,0.9959016393442623,488,True,2016-01-04,2023-12-29
1623,UTL,UTL,True,True,0.9959016393442623,488,True,2016-01-04,2023-12-29
1624,UTX,UTX,True,True,0.9959016393442623,488,False,2016-01-04,2023-12-29
1625,UVV,UVV,True,True,0.9959016393442623,488,True,2016-01-04,2023-12-29
1626,UZA,UZA,True,True,0.9877049180327869,488,False,2016-01-04,2021-08-31
1627,V,V,True,True,0.9959016393442623,488,True,2016-01-04,2023-12-29
1628,VAC,VAC,True,True,0.9959016393442623,488,True,2016-01-04,2023-12-29
1629,VAR,VAR,True,True,0.9959016393442623,488,False,2016-01-04,2021-04-14
1630,VBF,VBF,True,True,0.9836065573770492,488,True,2016-01-04,2023-12-29
1631,VC,VC,True,True,0.9959016393442623,488,True,2016-01-04,2023-12-29
1632,VCO,VCO,True,True,0.9918032786885246,488,False,2016-01-04,2018-07-12
1633,VCRA,VCRA,True,True,0.9959016393442623,488,False,2016-01-04,2022-02-22
1634,VER,VER,True,True,0.9959016393442623,488,False,2016-01-04,2021-10-29
1635,VET,VET,True,True,0.9959016393442623,488,True,2016-01-04,2023-12-29
1636,VFC,VFC,True,False,0.8483606557377049,488,True,2016-01-04,2023-12-29
1637,VGI,VGI,True,True,0.9959016393442623,488,False,2016-01-04,2023-12-29
1638,VGM,VGM,True,True,0.9918032786885246,488,True,2016-01-04,2023-12-29
1639,VGR,VGR,True,True,0.9959016393442623,488,False,2016-01-04,2023-12-29
1640,VIV,VIV,True,True,0.9959016393442623,488,True,2016-01-04,2023-12-29
1641,VKQ,VKQ,True,True,0.9959016393442623,488,True,2016-01-04,2023-12-29
1642,VLO,VLO,True,True,0.9959016393442623,488,True,2016-01-04,2023-12-29
1643,VLT,VLT,True,True,0.9836065573770492,488,False,2016-01-04,2023-12-29
1644,VLY,VLY,True,True,0.9959016393442623,488,True,2016-01-04,2023-12-29
1645,VMC,VMC,True,True,0.9959016393442623,488,True,2016-01-04,2023-12-29
1646,VMI,VMI,True,True,0.9959016393442623,488,True,2016-01-04,2023-12-29
1647,VMW,VMW,True,True,0.9959016393442623,488,False,2016-01-04,2023-10-27
1648,VNO,VNO,True,True,0.9528688524590164,488,True,2016-01-04,2023-12-29
1649,VNO-I,VNO.PRI,True,True,0.9877049180327869,488,False,2016-01-04,2017-12-13
1650,VNO-K,VNO.PRK,True,True,0.9959016393442623,488,False,2016-01-04,2021-10-12
1651,VNTV,VNTV,True,True,0.9959016393442623,488,False,2016-01-04,2019-07-30
1652,VPG,VPG,True,True,0.9959016393442623,488,True,2016-01-04,2023-12-29
1653,VPV,VPV,True,True,0.9877049180327869,488,True,2016-01-04,2023-12-29
1654,VR,VR,True,True,0.9959016393442623,488,False,2016-01-04,2018-07-17
1655,VSH,VSH,True,True,0.9959016393442623,488,True,2016-01-04,2023-12-29
1656,VTA,VTA,True,True,0.9959016393442623,488,False,2016-01-04,2021-10-28
1657,VTR,VTR,True,True,0.9959016393442623,488,True,2016-01-04,2023-12-29
1658,VVC,VVC,True,True,0.9959016393442623,488,False,2016-01-04,2019-01-31
1659,VVI,VVI,True,True,0.9959016393442623,488,False,2016-01-04,2023-12-29
1660,VZ,VZ,True,True,0.9959016393442623,488,True,2016-01-04,2023-12-29
1661,WAB,WAB,True,True,0.9959016393442623,488,True,2016-01-04,2023-12-29
1662,WAGE,WAGE,True,True,0.9959016393442623,488,False,2016-01-04,2019-08-29
1663,WAIR,WAIR,True,True,1.0,488,False,2016-01-04,2020-01-08
1664,WAL,WAL,True,True,0.9959016393442623,488,True,2016-01-04,2023-12-29
1665,WAT,WAT,True,True,0.9959016393442623,488,True,2016-01-04,2023-12-29
1666,WBC,WBC,True,True,0.9959016393442623,488,False,2016-01-04,2020-05-28
1667,WBK,WBK,True,True,0.9959016393442623,488,False,2016-01-04,2022-01-28
1668,WBS,WBS,True,True,0.9959016393442623,488,False,2016-01-04,2023-12-29
1669,WCC,WCC,True,True,1.0,488,True,2016-01-04,2023-12-29
1670,WCG,WCG,True,True,0.9959016393442623,488,False,2016-01-04,2020-01-23
1671,WCN,WCN,True,True,0.985655737704918,488,False,2016-01-04,2023-12-29
1672,WD,WD,True,True,0.9959016393442623,488,True,2016-01-04,2023-12-29
1673,WDR,WDR,True,True,0.9959016393442623,488,False,2016-01-04,2021-04-30
1674,WEA,WEA,True,True,0.9918032786885246,488,False,2016-01-04,2023-12-29
1675,WEC,WEC,True,True,0.9959016393442623,488,True,2016-01-04,2023-12-29
1676,WES,WES,True,True,0.9959016393442623,488,False,2016-01-04,2019-02-27
1677,WEX,WEX,True,True,0.9959016393442623,488,True,2016-01-04,2023-12-29
1678,WFC,WFC,True,True,0.9959016393442623,488,True,2016-01-04,2023-12-29
1679,WFC-J,WFC.PRJ,True,True,0.9959016393442623,488,False,2016-01-04,2018-07-24
1680,WFC-L,WFC.PRL,True,True,0.9959016393442623,488,True,2016-01-04,2023-12-29
1681,WFC-N,WFC.PRN,True,True,0.9959016393442623,488,False,2016-01-04,2021-06-14
1682,WFC-O,WFC.PRO,True,True,0.9959016393442623,488,False,2016-01-04,2021-09-14
1683,WGL,WGL,True,True,0.9959016393442623,488,False,2016-01-04,2018-07-06
1684,WGO,WGO,True,True,0.9959016393442623,488,True,2016-01-04,2023-12-29
1685,WGP,WGP,True,True,0.9959016393442623,488,False,2016-01-04,2023-12-29
1686,WHG,WHG,True,True,0.9959016393442623,488,True,2016-01-04,2023-12-29
1687,WHR,WHR,True,True,0.9959016393442623,488,True,2016-01-04,2023-12-29
1688,WIA,WIA,True,True,0.9918032786885246,488,False,2016-01-04,2023-12-29
1689,WIW,WIW,True,True,0.9959016393442623,488,False,2016-01-04,2023-12-29
1690,WLK,WLK,True,True,0.9918032786885246,488,True,2016-01-04,2023-12-29
1691,WLL,WLL,True,True,0.9959016393442623,488,False,2016-01-04,2022-06-30
1692,WM,WM,True,True,0.9959016393442623,488,True,2016-01-04,2023-12-29
1693,WMB,WMB,True,True,0.9959016393442623,488,True,2016-01-04,2023-12-29
1694,WMC,WMC,True,True,0.9959016393442623,488,False,2016-01-04,2023-12-05
1695,WMK,WMK,True,True,0.9959016393442623,488,True,2016-01-04,2023-12-29
1696,WMT,WMT,True,False,0.33811475409836067,488,True,2016-01-04,2023-12-29
1697,WNC,WNC,True,True,0.9959016393442623,488,True,2016-01-04,2023-12-29
1698,WNS,WNS,True,True,0.9959016393442623,488,False,2016-01-04,2023-12-29
1699,WOR,WOR,True,True,0.9959016393442623,488,True,2016-01-04,2023-12-29
1700,WPC,WPC,True,True,0.9959016393442623,488,True,2016-01-04,2023-12-29
1701,WPM,WPM,True,True,0.9959016393442623,488,True,2016-01-04,2023-12-29
1702,WPZ,WPZ,True,True,0.9959016393442623,488,False,2016-01-04,2018-08-10
1703,WR,WR,True,True,0.9918032786885246,488,False,2016-01-04,2018-06-04
1704,WRB,WRB,True,False,0.3422131147540984,488,True,2016-01-04,2023-12-29
1705,WRE,WRE,True,True,0.9959016393442623,488,False,2016-01-04,2023-12-29
1706,WRI,WRI,True,True,0.9959016393442623,488,False,2016-01-04,2021-08-03
1707,WSM,WSM,True,False,0.5020491803278688,488,True,2016-01-04,2023-12-29
1708,WSO,WSO,True,True,0.9959016393442623,488,True,2016-01-04,2023-12-29
1709,WSO.B,WSO.B,True,True,1.0,478,False,2016-01-07,2023-12-29
1710,WSR,WSR,True,True,0.9959016393442623,488,False,2016-01-04,2023-12-29
1711,WST,WST,True,True,0.9959016393442623,488,True,2016-01-04,2023-12-29
1712,WTM,WTM,True,True,0.9959016393442623,488,True,2016-01-04,2023-12-29
1713,WTR,WTR,True,True,0.9959016393442623,488,False,2016-01-04,2023-12-29
1714,WTS,WTS,True,True,0.9959016393442623,488,True,2016-01-04,2023-12-29
1715,WU,WU,True,True,0.9918032786885246,488,True,2016-01-04,2023-12-29
1716,WWE,WWE,True,True,0.9959016393442623,488,False,2016-01-04,2023-12-29
1717,WWW,WWW,True,True,0.9959016393442623,488,True,2016-01-04,2023-12-29
1718,WY,WY,True,True,0.9959016393442623,488,True,2016-01-04,2023-12-29
1719,WYN,WYN,True,True,0.9959016393442623,488,False,2016-01-04,2023-12-29
1720,X,X,True,True,0.9959016393442623,488,False,2016-01-04,2023-12-29
1721,XEC,XEC,True,True,0.9959016393442623,488,False,2016-01-04,2021-09-30
1722,XEL,XEL,True,True,0.9959016393442623,488,True,2016-01-04,2023-12-29
1723,XOM,XOM,True,True,0.9959016393442623,488,True,2016-01-04,2023-12-29
1724,XOXO,XOXO,True,True,0.9959016393442623,488,False,2016-01-04,2018-12-20
1725,XPO,XPO,True,True,0.9959016393442623,488,True,2016-01-04,2023-12-29
1726,XRX,XRX,True,False,0.7192622950819673,488,True,2016-01-04,2023-12-29
1727,XYL,XYL,True,True,0.9959016393442623,488,True,2016-01-04,2023-12-29
1728,Y,Y,True,True,0.9959016393442623,488,False,2016-01-04,2022-10-18
1729,YELP,YELP,True,True,0.9959016393442623,488,True,2016-01-04,2023-12-29
1730,YPF,YPF,True,True,0.9959016393442623,488,True,2016-01-04,2023-12-29
1731,YUM,YUM,True,True,1.0,488,True,2016-01-04,2023-12-29
1732,ZB-A,ZB.PRA,True,True,0.9914712153518124,469,False,2016-01-04,2019-12-31
1733,ZBH,ZBH,True,True,0.9959016393442623,488,True,2016-01-04,2023-12-29
1734,ZF,ZF,True,True,0.9877049180327869,488,False,2016-01-04,2019-11-15
1735,ZNH,ZNH,True,True,0.9958677685950413,484,False,2016-01-04,2023-02-02
1736,ZTR,ZTR,True,True,0.9867986798679867,303,True,2016-09-27,2023-12-29
