idx,ticker,symbol,has_data,identity_ok,share_raw,n_matched_eligible,share_split_adj,share_split_div_adj,share_split_genuine,first_bar,last_bar_through_2023,gap_truncated
0,A,A,True,True,0.9973009446693657,741,0.9973009446693657,0.9811066126855601,0.9973009446693657,2014-11-03,2023-12-29,False
1,AAN,,False,False,,0,,,,,,
2,AAP,AAP,True,True,0.9973009446693657,741,0.9973009446693657,0.9824561403508771,0.9973009446693657,2014-11-03,2023-12-29,False
3,AAT,AAT,True,True,0.9973009446693657,741,0.9973009446693657,0.9811066126855601,0.9973009446693657,2014-11-03,2023-12-29,False
4,AB,AB,True,True,0.9973009446693657,741,0.9973009446693657,0.9811066126855601,0.9973009446693657,2014-11-03,2023-12-29,False
5,ABB,,False,False,,0,,,,,,
6,ABBV,ABBV,True,True,0.9973009446693657,741,0.9973009446693657,0.9824561403508771,0.9973009446693657,2014-11-03,2023-12-29,False
7,ABC,,False,False,,0,,,,,,
8,ABG,ABG,True,True,0.9973009446693657,741,0.9973009446693657,0.9973009446693657,0.9973009446693657,2014-11-03,2023-12-29,False
9,ABM,ABM,True,True,0.9973009446693657,741,0.9973009446693657,0.9824561403508771,0.9973009446693657,2014-11-03,2023-12-29,False
10,ABR,ABR,True,True,0.9973009446693657,741,0.9973009446693657,0.9811066126855601,0.9973009446693657,2014-11-03,2023-12-29,False
11,ABT,ABT,True,True,0.9973009446693657,741,0.9973009446693657,0.9824561403508771,0.9973009446693657,2014-11-03,2023-12-29,False
12,ABX,ABX,True,False,0.0,0,0.0,0.0,0.0,2020-09-14,2023-12-29,False
13,ACC,,False,False,,0,,,,,,
14,ACCO,ACCO,True,True,0.9973009446693657,741,0.9973009446693657,0.9973009446693657,0.9973009446693657,2014-11-03,2023-12-29,False
15,ACH,ACH,True,False,0.004048582995951417,741,0.004048582995951417,0.004048582995951417,0.004048582995951417,2014-11-03,2023-12-29,False
16,ACM,ACM,True,True,0.9973009446693657,741,0.9973009446693657,0.9973009446693657,0.9973009446693657,2014-11-03,2023-12-29,False
17,ACN,ACN,True,True,0.9973009446693657,741,0.9973009446693657,0.9892037786774629,0.9973009446693657,2014-11-03,2023-12-29,False
18,ACP,ACP,True,True,0.97165991902834,741,0.97165991902834,0.9244264507422402,0.97165991902834,2014-11-03,2023-12-29,False
19,ACRE,ACRE,True,True,0.9973009446693657,741,0.9973009446693657,0.9824561403508771,0.9973009446693657,2014-11-03,2023-12-29,False
20,ADC,ADC,True,True,0.9973009446693657,741,0.9973009446693657,0.9824561403508771,0.9973009446693657,2014-11-03,2023-12-29,False
21,ADM,ADM,True,True,0.9973009446693657,741,0.9973009446693657,0.9811066126855601,0.9973009446693657,2014-11-03,2023-12-29,False
22,ADS,,False,False,,0,,,,,,
23,ADX,ADX,True,True,0.9757085020242915,741,0.9757085020242915,0.9608636977058029,0.9757085020242915,2014-11-03,2023-12-29,False
24,AEB,,False,False,,0,,,,,,
25,AED,,False,False,,0,,,,,,
26,AEE,AEE,True,True,0.9973009446693657,741,0.9973009446693657,0.9824561403508771,0.9973009446693657,2014-11-03,2023-12-29,False
27,AEH,,False,False,,0,,,,,,
28,AEL,,False,False,,0,,,,,,
29,AEM,AEM,True,True,0.9973009446693657,741,0.9973009446693657,0.979757085020243,0.9973009446693657,2014-11-03,2023-12-29,False
30,AEO,AEO,True,True,0.9973009446693657,741,0.9973009446693657,0.9824561403508771,0.9973009446693657,2014-11-03,2023-12-29,False
31,AEP,AEP,True,True,0.9973009446693657,741,0.9973009446693657,0.9811066126855601,0.9973009446693657,2014-11-03,2023-12-29,False
32,AER,AER,True,True,0.9973009446693657,741,0.9973009446693657,0.9973009446693657,0.9973009446693657,2014-11-03,2023-12-29,False
33,AES,AES,True,True,1.0,741,1.0,0.9838056680161943,1.0,2014-11-03,2023-12-29,False
34,AET,,False,False,,0,,,,,,
35,AFB,AFB,True,True,0.9811066126855601,741,0.9811066126855601,0.9325236167341431,0.9811066126855601,2014-11-03,2023-12-29,False
36,AFC,,False,False,,0,,,,,,
37,AFG,AFG,True,True,0.9973009446693657,741,0.9973009446693657,0.9770580296896086,0.9973009446693657,2014-11-03,2023-12-29,False
38,AFL,AFL,True,True,0.9973009446693657,741,0.9973009446693657,0.9811066126855601,0.9973009446693657,2014-11-03,2023-12-29,False
39,AFT,,False,False,,0,,,,,,
40,AGCO,AGCO,True,True,0.9973009446693657,741,0.9973009446693657,0.9811066126855601,0.9973009446693657,2014-11-03,2023-12-29,False
41,AGD,AGD,True,False,0.9365721997300944,741,0.9365721997300944,0.8906882591093117,0.9365721997300944,2014-11-03,2023-12-29,False
42,AGM,AGM,True,True,0.9973009446693657,741,0.9973009446693657,0.9824561403508771,0.9973009446693657,2014-11-03,2023-12-29,False
43,AGO,AGO,True,True,0.9973009446693657,741,0.9973009446693657,0.9811066126855601,0.9973009446693657,2014-11-03,2023-12-29,False
44,AGO-B,,False,False,,0,,,,,,
45,AGO-E,,False,False,,0,,,,,,
46,AGO-F,,False,False,,0,,,,,,
47,AGRO,AGRO,True,True,0.9973009446693657,741,0.9973009446693657,0.9973009446693657,0.9973009446693657,2014-11-03,2023-12-29,False
48,AGU,,False,False,,0,,,,,,
49,AGX,AGX,True,True,0.9973009446693657,741,0.9973009446693657,0.9932523616734144,0.9973009446693657,2014-11-03,2023-12-29,False
50,AHL,,False,False,,0,,,,,,
51,AHT-D,AHT-PD,True,True,0.9973009446693657,741,0.9973009446693657,0.9824561403508771,0.9973009446693657,2014-11-03,2023-12-29,False
52,AI,AI,True,False,0.0,0,0.0,0.0,0.0,2020-12-09,2023-12-29,False
53,AIG,AIG,True,True,0.9973009446693657,741,0.9973009446693657,0.9811066126855601,0.9973009446693657,2014-11-03,2023-12-29,False
54,AIN,AIN,True,True,0.9973009446693657,741,0.9973009446693657,0.9824561403508771,0.9973009446693657,2014-11-03,2023-12-29,False
55,AIR,AIR,True,True,0.9973009446693657,741,0.9973009446693657,0.9811066126855601,0.9973009446693657,2014-11-03,2023-12-29,False
56,AIT,AIT,True,True,1.0,741,1.0,0.9838056680161943,1.0,2014-11-03,2023-12-29,False
57,AIV,AIV,True,True,0.9973009446693657,741,0.9973009446693657,0.9811066126855601,0.9973009446693657,2014-11-03,2023-12-29,False
58,AIZ,AIZ,True,True,0.9973009446693657,741,0.9973009446693657,0.9811066126855601,0.9973009446693657,2014-11-03,2023-12-29,False
59,AJG,AJG,True,True,0.9973009446693657,741,0.9973009446693657,0.9811066126855601,0.9973009446693657,2014-11-03,2023-12-29,False
60,AKO.A,AKO-A,True,False,0.927007299270073,685,0.927007299270073,0.9138686131386862,0.927007299270073,2014-11-03,2023-12-29,False
61,AKO.B,AKO-B,True,True,0.9865047233468286,741,0.9865047233468286,0.9730094466936572,0.9865047233468286,2014-11-03,2023-12-29,False
62,AKP,,False,False,,0,,,,,,
63,AKR,AKR,True,True,0.9973009446693657,741,0.9973009446693657,0.9824561403508771,0.9973009446693657,2014-11-03,2023-12-29,False
64,AL,,False,False,,0,,,,,,
65,ALB,ALB,True,True,0.9973009446693657,741,0.9973009446693657,0.9824561403508771,0.9973009446693657,2014-11-03,2023-12-29,False
66,ALDW,,False,False,,0,,,,,,
67,ALE,,False,False,,0,,,,,,
68,ALEX,,False,False,,0,,,,,,
69,ALG,ALG,True,True,0.9973009446693657,741,0.9973009446693657,0.9811066126855601,0.9973009446693657,2014-11-03,2023-12-29,False
70,ALK,ALK,True,True,0.9973009446693657,741,0.9973009446693657,0.9811066126855601,0.9973009446693657,2014-11-03,2023-12-29,False
71,ALL,ALL,True,True,0.9973009446693657,741,0.9973009446693657,0.9811066126855601,0.9973009446693657,2014-11-03,2023-12-29,False
72,ALSN,ALSN,True,True,0.9973009446693657,741,0.9973009446693657,0.9811066126855601,0.9973009446693657,2014-11-03,2023-12-29,False
73,ALV,ALV,True,True,0.9973009446693657,741,0.9973009446693657,0.9811066126855601,0.9973009446693657,2014-11-03,2023-12-29,False
74,ALX,ALX,True,True,0.9973009446693657,741,0.9973009446693657,0.9811066126855601,0.9973009446693657,2014-11-03,2023-12-29,False
75,AME,AME,True,True,0.9973009446693657,741,0.9973009446693657,0.9811066126855601,0.9973009446693657,2014-11-03,2023-12-29,False
76,AMG,AMG,True,True,0.9973009446693657,741,0.9973009446693657,0.9919028340080972,0.9973009446693657,2014-11-03,2023-12-29,False
77,AMN,AMN,True,True,1.0,741,1.0,1.0,1.0,2014-11-03,2023-12-29,False
78,AMOV,,False,False,,0,,,,,,
79,AMP,AMP,True,True,0.9973009446693657,741,0.9973009446693657,0.9811066126855601,0.9973009446693657,2014-11-03,2023-12-29,False
80,AMX,AMX,True,True,0.9973009446693657,741,0.9973009446693657,0.9878542510121457,0.9973009446693657,2014-11-03,2023-12-29,False
81,AN,AN,True,True,0.9973009446693657,741,0.9973009446693657,0.9973009446693657,0.9973009446693657,2014-11-03,2023-12-29,False
82,ANDV,,False,False,,0,,,,,,
83,ANDX,,False,False,,0,,,,,,
84,ANF,ANF,True,True,0.9973009446693657,741,0.9973009446693657,0.9811066126855601,0.9973009446693657,2014-11-03,2023-12-29,False
85,ANH-A,,False,False,,0,,,,,,
86,ANTM,,False,False,,0,,,,,,
87,AOD,AOD,True,True,0.9946018893387314,741,0.9946018893387314,0.9487179487179487,0.9946018893387314,2014-11-03,2023-12-29,False
88,AON,AON,True,True,0.9973009446693657,741,0.9973009446693657,0.9811066126855601,0.9973009446693657,2014-11-03,2023-12-29,False
89,AOS,AOS,True,False,0.6815114709851552,741,0.6815114709851552,0.6734143049932524,0.6815114709851552,2014-11-03,2023-12-29,False
90,AP,AP,True,True,0.9946018893387314,741,0.9946018893387314,0.9811066126855601,0.9946018893387314,2014-11-03,2023-12-29,False
91,APA,APA,True,True,0.9973009446693657,741,0.9973009446693657,0.9811066126855601,0.9973009446693657,2014-11-03,2023-12-29,False
92,APB,,False,False,,0,,,,,,
93,APC,,False,False,,0,,,,,,
94,APD,APD,True,True,0.9973009446693657,741,0.9959514170040485,0.9811066126855601,0.9973009446693657,2014-11-03,2023-12-29,False
95,APF,,False,False,,0,,,,,,
96,APO,APO,True,True,0.9973009446693657,741,0.9973009446693657,0.9811066126855601,0.9973009446693657,2014-11-03,2023-12-29,False
97,APTS,,False,False,,0,,,,,,
98,APTV,APTV,True,True,0.9973009446693657,741,0.9959514170040485,0.979757085020243,0.9973009446693657,2014-11-03,2023-12-29,False
99,APU,,False,False,,0,,,,,,
100,ARDC,ARDC,True,True,0.9838056680161943,741,0.9838056680161943,0.9352226720647774,0.9838056680161943,2014-11-03,2023-12-29,False
101,ARE,ARE,True,True,0.9973009446693657,741,0.9973009446693657,0.9824561403508771,0.9973009446693657,2014-11-03,2023-12-29,False
102,ARI,ARI,True,True,1.0,741,1.0,0.9851551956815114,1.0,2014-11-03,2023-12-29,False
103,ARNC,,False,False,,0,,,,,,
104,ARR,ARR,True,True,0.9959514170040485,741,0.9973009446693657,0.9500674763832658,0.9973009446693657,2014-11-03,2023-12-29,False
105,ARR-A,,False,False,,0,,,,,,
106,ARW,ARW,True,True,0.9973009446693657,741,0.9973009446693657,0.9973009446693657,0.9973009446693657,2014-11-03,2023-12-29,False
107,ASA,ASA,True,True,0.9622132253711201,741,0.9622132253711201,0.9541160593792173,0.9622132253711201,2014-11-03,2023-12-29,False
108,ASB,ASB,True,True,0.9973009446693657,741,0.9973009446693657,0.9811066126855601,0.9973009446693657,2014-11-03,2023-12-29,False
109,ASGN,,False,False,,0,,,,,,
110,ASR,ASR,True,True,0.9973009446693657,741,0.9973009446693657,0.9932523616734144,0.9973009446693657,2014-11-03,2023-12-29,False
111,ATGE,,False,False,,0,,,,,,
112,ATI,ATI,True,True,0.9973009446693657,741,0.9973009446693657,0.9878542510121457,0.9973009446693657,2014-11-03,2023-12-29,False
113,ATO,ATO,True,True,0.9973009446693657,741,0.9973009446693657,0.9811066126855601,0.9973009446693657,2014-11-03,2023-12-29,False
114,ATR,ATR,True,True,0.9973009446693657,741,0.9973009446693657,0.9811066126855601,0.9973009446693657,2014-11-03,2023-12-29,False
115,ATU,,False,False,,0,,,,,,
116,AU,AU,True,True,0.9973009446693657,741,0.9973009446693657,0.9959514170040485,0.9973009446693657,2014-11-03,2023-12-29,False
117,AVA,AVA,True,True,0.9973009446693657,741,0.9973009446693657,0.9811066126855601,0.9973009446693657,2014-11-03,2023-12-29,False
118,AVB,,False,False,,0,,,,,,
119,AVD,AVD,True,True,0.9973009446693657,741,0.9973009446693657,0.9878542510121457,0.9973009446693657,2014-11-03,2023-12-29,False
120,AVK,AVK,True,True,0.9838056680161943,741,0.9838056680161943,0.9392712550607287,0.9838056680161943,2014-11-03,2023-12-29,False
121,AVT,AVT,True,True,0.9973009446693657,741,0.9973009446693657,0.9811066126855601,0.9973009446693657,2014-11-03,2023-12-29,False
122,AVX,AVX,True,False,0.0,0,0.0,0.0,0.0,2021-07-08,2023-12-29,False
123,AVY,AVY,True,True,0.9973009446693657,741,0.9973009446693657,0.9811066126855601,0.9973009446693657,2014-11-03,2023-12-29,False
124,AWF,AWF,True,True,0.9595141700404858,741,0.9595141700404858,0.9136302294197031,0.9595141700404858,2014-11-03,2023-12-29,False
125,AWI,AWI,True,True,0.9973009446693657,741,0.9973009446693657,0.9973009446693657,0.9973009446693657,2014-11-03,2023-12-29,False
126,AWK,AWK,True,True,0.9973009446693657,741,0.9973009446693657,0.9811066126855601,0.9973009446693657,2014-11-03,2023-12-29,False
127,AWR,AWR,True,True,0.9973009446693657,741,0.9973009446693657,0.9811066126855601,0.9973009446693657,2014-11-03,2023-12-29,False
128,AXE,,False,False,,0,,,,,,
129,AXL,,False,False,,0,,,,,,
130,AXP,AXP,True,True,0.9973009446693657,741,0.9973009446693657,0.9811066126855601,0.9973009446693657,2014-11-03,2023-12-29,False
131,AXS,AXS,True,True,0.9973009446693657,741,0.9973009446693657,0.9824561403508771,0.9973009446693657,2014-11-03,2023-12-29,False
132,AYI,AYI,True,True,0.9973009446693657,741,0.9973009446693657,0.9811066126855601,0.9973009446693657,2014-11-03,2023-12-29,False
133,AYR,,False,False,,0,,,,,,
134,AZN,AZN,True,False,0.893387314439946,741,0.8947368421052632,0.8879892037786775,0.8947368421052632,2014-11-03,2023-12-29,False
135,AZO,AZO,True,True,0.9973009446693657,741,0.9973009446693657,0.9973009446693657,0.9973009446693657,2014-11-03,2023-12-29,False
136,AZZ,AZZ,True,True,0.9973009446693657,741,0.9973009446693657,0.9811066126855601,0.9973009446693657,2014-11-03,2023-12-29,False
137,B,B,True,False,0.002699055330634278,741,0.002699055330634278,0.002699055330634278,0.002699055330634278,2014-11-03,2023-12-29,False
138,BA,BA,True,True,0.9973009446693657,741,0.9973009446693657,0.9811066126855601,0.9973009446693657,2014-11-03,2023-12-29,False
139,BAC,BAC,True,True,0.9973009446693657,741,0.9973009446693657,0.9811066126855601,0.9973009446693657,2014-11-03,2023-12-29,False
140,BAC-D,,False,False,,0,,,,,,
141,BAC-E,BAC-PE,True,True,0.9973009446693657,741,0.9973009446693657,0.9811066126855601,0.9973009446693657,2014-11-03,2023-12-29,False
142,BAC-I,,False,False,,0,,,,,,
143,BAC-L,BAC-PL,True,True,0.9973009446693657,741,0.9973009446693657,0.9838056680161943,0.9973009446693657,2014-11-03,2023-12-29,False
144,BAF,,False,False,,0,,,,,,
145,BAH,BAH,True,True,0.9973009446693657,741,0.9973009446693657,0.9811066126855601,0.9973009446693657,2014-11-03,2023-12-29,False
146,BAK,BAK,True,True,0.9973009446693657,741,0.9973009446693657,0.9919028340080972,0.9973009446693657,2014-11-03,2023-12-29,False
147,BAM,BAM,True,False,0.0,0,0.0,0.0,0.0,2022-12-01,2023-12-29,False
148,BAP,BAP,True,True,0.9973009446693657,741,0.9973009446693657,0.99055330634278,0.9973009446693657,2014-11-03,2023-12-29,False
149,BAX,BAX,True,True,0.9973009446693657,741,0.9959514170040485,0.979757085020243,0.9973009446693657,2014-11-03,2023-12-29,False
150,BB,BB,True,False,0.9325236167341431,741,0.9325236167341431,0.9325236167341431,0.9325236167341431,2014-11-03,2023-12-29,False
151,BBF,,False,False,,0,,,,,,
152,BBK,,False,False,,0,,,,,,
153,BBL,,False,False,,0,,,,,,
154,BBN,BBN,True,True,0.970310391363023,741,0.970310391363023,0.9271255060728745,0.970310391363023,2014-11-03,2023-12-29,False
155,BBT,BBT,True,False,0.009446693657219974,741,0.009446693657219974,0.008097165991902834,0.009446693657219974,2014-11-03,2023-12-29,False
156,BBT-D,,False,False,,0,,,,,,
157,BBT-E,,False,False,,0,,,,,,
158,BBT-F,,False,False,,0,,,,,,
159,BBVA,BBVA,True,True,0.9973009446693657,741,0.9973009446693657,0.9838056680161943,0.9973009446693657,2014-11-03,2023-12-29,False
160,BBY,BBY,True,True,0.9973009446693657,741,0.9973009446693657,0.9811066126855601,0.9973009446693657,2014-11-03,2023-12-29,False
161,BC,BC,True,True,0.9973009446693657,741,0.9973009446693657,0.9811066126855601,0.9973009446693657,2014-11-03,2023-12-29,False
162,BCE,BCE,True,True,0.9973009446693657,741,0.9973009446693657,0.9824561403508771,0.9973009446693657,2014-11-03,2023-12-29,False
163,BCH,BCH,True,True,0.9973009446693657,741,0.9959514170040485,0.9919028340080972,0.9973009446693657,2014-11-03,2023-12-29,False
164,BCO,BCO,True,True,0.9973009446693657,741,0.9973009446693657,0.9811066126855601,0.9973009446693657,2014-11-03,2023-12-29,False
165,BCR,,False,False,,0,,,,,,
166,BCS,BCS,True,True,0.9973009446693657,741,0.9973009446693657,0.9865047233468286,0.9973009446693657,2014-11-03,2023-12-29,False
167,BCS-D,,False,False,,0,,,,,,
168,BCX,BCX,True,True,0.9811066126855601,741,0.9811066126855601,0.9338731443994602,0.9811066126855601,2014-11-03,2023-12-29,False
169,BDC,BDC,True,True,0.9973009446693657,741,0.9973009446693657,0.9824561403508771,0.9973009446693657,2014-11-03,2023-12-29,False
170,BDJ,BDJ,True,True,0.9946018893387314,741,0.9946018893387314,0.9473684210526315,0.9946018893387314,2014-11-03,2023-12-29,False
171,BDN,BDN,True,True,0.9973009446693657,741,0.9973009446693657,0.9811066126855601,0.9973009446693657,2014-11-03,2023-12-29,False
172,BDX,BDX,True,True,0.9973009446693657,741,0.9973009446693657,0.9811066126855601,0.9973009446693657,2014-11-03,2023-12-29,False
173,BEL,,False,False,,0,,,,,,
174,BEN,BEN,True,True,0.9973009446693657,741,0.9973009446693657,0.9824561403508771,0.9973009446693657,2014-11-03,2023-12-29,False
175,BEP,BEP,True,True,0.9865047233468286,741,0.9865047233468286,0.9689608636977058,0.9865047233468286,2014-11-03,2023-12-29,False
176,BERY,,False,False,,0,,,,,,
177,BF.A,BF-A,True,False,0.8879892037786775,741,0.8893387314439946,0.8744939271255061,0.8893387314439946,2014-11-03,2023-12-29,False
178,BF.B,BF-B,True,False,0.7408906882591093,741,0.7408906882591093,0.7327935222672065,0.7408906882591093,2014-11-03,2023-12-29,False
179,BFK,,False,False,,0,,,,,,
180,BFO,,False,False,,0,,,,,,
181,BFS,BFS,True,True,0.9973009446693657,741,0.9973009446693657,0.9811066126855601,0.9973009446693657,2014-11-03,2023-12-29,False
182,BFZ,,False,False,,0,,,,,,
183,BG,BG,True,True,0.9973009446693657,741,0.9973009446693657,0.9811066126855601,0.9973009446693657,2014-11-03,2023-12-29,False
184,BGB,BGB,True,True,0.9946018893387314,741,0.9946018893387314,0.9473684210526315,0.9946018893387314,2014-11-03,2023-12-29,False
185,BGC,BGC,True,False,0.002699055330634278,741,0.002699055330634278,0.002699055330634278,0.002699055330634278,2014-11-03,2023-12-29,False
186,BGG,,False,False,,0,,,,,,
187,BGH,BGH,True,True,0.9730094466936572,741,0.9730094466936572,0.9244264507422402,0.9730094466936572,2014-11-03,2023-12-29,False
188,BGR,BGR,True,True,0.9838056680161943,741,0.9838056680161943,0.9365721997300944,0.9838056680161943,2014-11-03,2023-12-29,False
189,BGS,BGS,True,True,0.9973009446693657,741,0.9973009446693657,0.9824561403508771,0.9973009446693657,2014-11-03,2023-12-29,False
190,BGT,BGT,True,True,0.9784075573549258,741,0.9784075573549258,0.9325236167341431,0.9784075573549258,2014-11-03,2023-12-29,False
191,BGX,BGX,True,True,0.9676113360323887,741,0.9676113360323887,0.9203778677462888,0.9676113360323887,2014-11-03,2023-12-29,False
192,BGY,BGY,True,True,0.9892037786774629,741,0.9892037786774629,0.941970310391363,0.9892037786774629,2014-11-03,2023-12-29,False
193,BH,BH,True,True,0.9973009446693657,741,0.9973009446693657,0.9973009446693657,0.9973009446693657,2014-11-03,2023-12-29,False
194,BHE,BHE,True,True,0.9973009446693657,741,0.9973009446693657,0.9973009446693657,0.9973009446693657,2014-11-03,2023-12-29,False
195,BHK,BHK,True,True,0.9892037786774629,741,0.9892037786774629,0.9433198380566802,0.9892037786774629,2014-11-03,2023-12-29,False
196,BHLB,,False,False,,0,,,,,,
197,BHP,BHP,True,True,0.9959514170040485,741,0.9959514170040485,0.9878542510121457,0.9959514170040485,2014-11-03,2023-12-29,False
198,BID,,False,False,,0,,,,,,
199,BIF,,False,False,,0,,,,,,
200,BIG,,False,False,,0,,,,,,
201,BIO,BIO,True,True,0.9973009446693657,741,0.9973009446693657,0.9973009446693657,0.9973009446693657,2014-11-03,2023-12-29,False
202,BIO.B,BIO-B,True,False,0.9222222222222223,720,0.9222222222222223,0.9222222222222223,0.9222222222222223,2014-11-03,2023-12-29,False
203,BIP,BIP,True,False,0.6612685560053981,741,0.6626180836707153,0.6491228070175439,0.6626180836707153,2014-11-03,2023-12-29,False
204,BITA,,False,False,,0,,,,,,
205,BJZ,,False,False,,0,,,,,,
206,BK,,False,False,,0,,,,,,
207,BK-C,,False,False,,0,,,,,,
208,BKD,BKD,True,True,0.9973009446693657,741,0.9973009446693657,0.9973009446693657,0.9973009446693657,2014-11-03,2023-12-29,False
209,BKE,BKE,True,True,0.9973009446693657,741,0.9973009446693657,0.9824561403508771,0.9973009446693657,2014-11-03,2023-12-29,False
210,BKH,BKH,True,True,0.9973009446693657,741,0.9973009446693657,0.9811066126855601,0.9973009446693657,2014-11-03,2023-12-29,False
211,BKK,,False,False,,0,,,,,,
212,BKN,,False,False,,0,,,,,,
213,BKS,,False,False,,0,,,,,,
214,BKT,BKT,True,True,0.9622132253711201,741,0.9622132253711201,0.9190283400809717,0.9622132253711201,2014-11-03,2023-12-29,False
215,BKU,BKU,True,True,0.9973009446693657,741,0.9973009446693657,0.9824561403508771,0.9973009446693657,2014-11-03,2023-12-29,False
216,BLH,,False,False,,0,,,,,,
217,BLK,BLK,True,True,0.9973009446693657,741,0.9973009446693657,0.9811066126855601,0.9973009446693657,2014-11-03,2023-12-29,False
218,BLL,,False,False,,0,,,,,,
219,BLW,BLW,True,False,0.9446693657219973,741,0.9446693657219973,0.9014844804318488,0.9446693657219973,2014-11-03,2023-12-29,False
220,BLX,BLX,True,True,0.9973009446693657,741,0.9973009446693657,0.9851551956815114,0.9973009446693657,2014-11-03,2023-12-29,False
221,BMA,BMA,True,True,0.9973009446693657,741,0.9973009446693657,0.9932523616734144,0.9973009446693657,2014-11-03,2023-12-29,False
222,BME,BME,True,True,0.951417004048583,741,0.951417004048583,0.9055330634278003,0.951417004048583,2014-11-03,2023-12-29,False
223,BMI,BMI,True,False,0.6761133603238867,741,0.6774628879892037,0.6653171390013495,0.6774628879892037,2014-11-03,2023-12-29,False
224,BML-G,BML-PG,True,True,0.997289972899729,738,0.997289972899729,0.981029810298103,0.997289972899729,2014-11-03,2023-12-29,False
225,BML-H,BML-PH,True,True,0.9973009446693657,741,0.9973009446693657,0.9811066126855601,0.9973009446693657,2014-11-03,2023-12-29,False
226,BML-I,,False,False,,0,,,,,,
227,BML-J,BML-PJ,True,True,0.9973009446693657,741,0.9973009446693657,0.9811066126855601,0.9973009446693657,2014-11-03,2023-12-29,False
228,BML-L,BML-PL,True,True,1.0,741,1.0,0.9838056680161943,1.0,2014-11-03,2023-12-29,False
229,BMO,BMO,True,True,0.9973009446693657,741,0.9973009446693657,0.9811066126855601,0.9973009446693657,2014-11-03,2023-12-29,False
230,BMS,,False,False,,0,,,,,,
231,BMY,BMY,True,True,0.9973009446693657,741,0.9973009446693657,0.9824561403508771,0.9973009446693657,2014-11-03,2023-12-29,False
232,BNJ,BNJ,True,False,0.0,0,0.0,0.0,0.0,2020-11-27,2023-12-29,False
233,BNS,BNS,True,True,0.9973009446693657,741,0.9973009446693657,0.979757085020243,0.9973009446693657,2014-11-03,2023-12-29,False
234,BNY,BNY,True,False,0.008097165991902834,741,0.008097165991902834,0.008097165991902834,0.008097165991902834,2014-11-03,2023-12-29,False
235,BOE,BOE,True,True,0.9811066126855601,741,0.9811066126855601,0.9338731443994602,0.9811066126855601,2014-11-03,2023-12-29,False
236,BOH,BOH,True,True,0.9973009446693657,741,0.9973009446693657,0.9811066126855601,0.9973009446693657,2014-11-03,2023-12-29,False
237,BP,BP,True,True,0.9973009446693657,741,0.9973009446693657,0.9811066126855601,0.9973009446693657,2014-11-03,2023-12-29,False
238,BPI,,False,False,,0,,,,,,
239,BPK,,False,False,,0,,,,,,
240,BPL,,False,False,,0,,,,,,
241,BPT,,False,False,,0,,,,,,
242,BQH,,False,False,,0,,,,,,
243,BR,BR,True,True,0.9973009446693657,741,0.9973009446693657,0.9824561403508771,0.9973009446693657,2014-11-03,2023-12-29,False
244,BRC,BRC,True,True,0.9973009446693657,741,0.9973009446693657,0.9811066126855601,0.9973009446693657,2014-11-03,2023-12-29,False
245,BRFS,,False,False,,0,,,,,,
246,BRK.B,BRK-B,True,True,0.9973009446693657,741,0.9973009446693657,0.9973009446693657,0.9973009446693657,2014-11-03,2023-12-29,False
247,BRO,BRO,True,True,0.9973009446693657,741,0.9973009446693657,0.9811066126855601,0.9973009446693657,2014-11-03,2023-12-29,False
248,BRS,,False,False,,0,,,,,,
249,BRT,BRT,True,False,0.8690958164642375,741,0.8690958164642375,0.8677462887989204,0.8690958164642375,2014-11-03,2023-12-29,False
250,BSAC,BSAC,True,True,0.9973009446693657,741,0.9973009446693657,0.9932523616734144,0.9973009446693657,2014-11-03,2023-12-29,False
251,BSD,,False,False,,0,,,,,,
252,BSE,,False,False,,0,,,,,,
253,BSL,BSL,True,False,0.9379217273954116,741,0.9379217273954116,0.893387314439946,0.9379217273954116,2014-11-03,2023-12-29,False
254,BSMX,,False,False,,0,,,,,,
255,BSX,BSX,True,True,0.9973009446693657,741,0.9973009446693657,0.9973009446693657,0.9973009446693657,2014-11-03,2023-12-29,False
256,BT,,False,False,,0,,,,,,
257,BTA,,False,False,,0,,,,,,
258,BTI,BTI,True,False,0.9176788124156545,741,0.9190283400809717,0.9136302294197031,0.9190283400809717,2014-11-03,2023-12-29,False
259,BTO,BTO,True,True,0.9649122807017544,741,0.9649122807017544,0.9487179487179487,0.9649122807017544,2014-11-03,2023-12-29,False
260,BTT,BTT,True,True,0.9811066126855601,741,0.9811066126855601,0.9338731443994602,0.9811066126855601,2014-11-03,2023-12-29,False
261,BTZ,BTZ,True,True,0.9838056680161943,741,0.9838056680161943,0.9379217273954116,0.9838056680161943,2014-11-03,2023-12-29,False
262,BUD,BUD,True,True,0.9973009446693657,741,0.9973009446693657,0.9892037786774629,0.9973009446693657,2014-11-03,2023-12-29,False
263,BUI,BUI,True,False,0.9352226720647774,741,0.9352226720647774,0.8920377867746289,0.9352226720647774,2014-11-03,2023-12-29,False
264,BWA,BWA,True,True,0.9973009446693657,741,0.9973009446693657,0.9811066126855601,0.9973009446693657,2014-11-03,2023-12-29,False
265,BWG,BWG,True,True,0.9811066126855601,741,0.9811066126855601,0.9352226720647774,0.9811066126855601,2014-11-03,2023-12-29,False
266,BWP,,False,False,,0,,,,,,
267,BWXT,BWXT,True,True,0.9919028340080972,741,0.99055330634278,0.9757085020242915,0.9919028340080972,2014-11-03,2023-12-29,False
268,BX,BX,True,True,0.9959514170040485,741,0.9959514170040485,0.979757085020243,0.9959514170040485,2014-11-03,2023-12-29,False
269,BXMX,,False,False,,0,,,,,,
270,BXP,BXP,True,True,0.9973009446693657,741,0.9973009446693657,0.9824561403508771,0.9973009446693657,2014-11-03,2023-12-29,False
271,BYD,BYD,True,True,0.9973009446693657,741,0.9973009446693657,0.9946018893387314,0.9973009446693657,2014-11-03,2023-12-29,False
272,BYM,,False,False,,0,,,,,,
273,BZH,BZH,True,True,0.9973009446693657,741,0.9973009446693657,0.9973009446693657,0.9973009446693657,2014-11-03,2023-12-29,False
274,C,C,True,True,0.9973009446693657,741,0.9973009446693657,0.9811066126855601,0.9973009446693657,2014-11-03,2023-12-29,False
275,C-N,,False,False,,0,,,,,,
276,C-P,,False,False,,0,,,,,,
277,CACI,CACI,True,True,0.9973009446693657,741,0.9973009446693657,0.9973009446693657,0.9973009446693657,2014-11-03,2023-12-29,False
278,CAE,CAE,True,True,0.9919028340080972,741,0.9919028340080972,0.9770580296896086,0.9919028340080972,2014-11-03,2023-12-29,False
279,CAF,CAF,True,True,0.9838056680161943,741,0.9838056680161943,0.9784075573549258,0.9838056680161943,2014-11-03,2023-12-29,False
280,CAG,CAG,True,True,0.9973009446693657,741,0.9959514170040485,0.979757085020243,0.9973009446693657,2014-11-03,2023-12-29,False
281,CAH,CAH,True,True,0.9973009446693657,741,0.9973009446693657,0.9824561403508771,0.9973009446693657,2014-11-03,2023-12-29,False
282,CAJ,,False,False,,0,,,,,,
283,CAL,CAL,True,True,0.9973009446693657,741,0.9973009446693657,0.9824561403508771,0.9973009446693657,2014-11-03,2023-12-29,False
284,CAPL,CAPL,True,True,0.9919028340080972,741,0.9919028340080972,0.9757085020242915,0.9919028340080972,2014-11-03,2023-12-29,False
285,CAT,CAT,True,True,0.9973009446693657,741,0.9973009446693657,0.9811066126855601,0.9973009446693657,2014-11-03,2023-12-29,False
286,CATO,CATO,True,True,0.9973009446693657,741,0.9973009446693657,0.9811066126855601,0.9973009446693657,2014-11-03,2023-12-29,False
287,CB,CB,True,True,0.9946018893387314,741,0.9946018893387314,0.979757085020243,0.9946018893387314,2014-11-03,2023-12-29,False
288,CBB,,False,False,,0,,,,,,
289,CBB-B,,False,False,,0,,,,,,
290,CBD,,False,False,,0,,,,,,
291,CBG,,False,False,,0,,,,,,
292,CBI,,False,False,,0,,,,,,
293,CBL,CBL,True,False,0.0,0,0.0,0.0,0.0,2021-11-02,2023-12-29,False
294,CBL-D,,False,False,,0,,,,,,
295,CBL-E,,False,False,,0,,,,,,
296,CBM,,False,False,,0,,,,,,
297,CBS,,False,False,,0,,,,,,
298,CBS.A,,False,False,,0,,,,,,
299,CBT,CBT,True,True,0.9973009446693657,741,0.9973009446693657,0.9811066126855601,0.9973009446693657,2014-11-03,2023-12-29,False
300,CBU,CBU,True,True,0.9973009446693657,741,0.9973009446693657,0.979757085020243,0.9973009446693657,2014-11-03,2023-12-29,False
301,CBZ,CBZ,True,True,0.9973009446693657,741,0.9973009446693657,0.9973009446693657,0.9973009446693657,2014-11-03,2023-12-29,False
302,CCC,CCC,True,False,0.0,0,0.0,0.0,0.0,2020-10-05,2023-12-29,False
303,CCJ,CCJ,True,True,0.9973009446693657,741,0.9973009446693657,0.9824561403508771,0.9973009446693657,2014-11-03,2023-12-29,False
304,CCK,CCK,True,True,0.9973009446693657,741,0.9973009446693657,0.9973009446693657,0.9973009446693657,2014-11-03,2023-12-29,False
305,CCL,CCL,True,True,0.997289972899729,738,0.997289972899729,0.981029810298103,0.997289972899729,2014-11-03,2023-12-29,False
306,CCU,CCU,True,True,0.9973009446693657,741,0.9973009446693657,0.99055330634278,0.9973009446693657,2014-11-03,2023-12-29,False
307,CDR-B,CDR-PB,True,True,0.9972640218878249,731,0.9972640218878249,0.9808481532147743,0.9972640218878249,2014-11-03,2023-12-29,False
308,CE,CE,True,True,0.9973009446693657,741,0.9973009446693657,0.9811066126855601,0.9973009446693657,2014-11-03,2023-12-29,False
309,CEA,,False,False,,0,,,,,,
310,CEE,CEE,True,False,0.8852901484480432,741,0.8852901484480432,0.8839406207827261,0.8852901484480432,2014-11-03,2023-12-29,False
311,CEM,,False,False,,0,,,,,,
312,CEO,,False,False,,0,,,,,,
313,CF,CF,True,True,0.9838056680161943,741,0.9851551956815114,0.9689608636977058,0.9851551956815114,2014-11-03,2023-12-29,False
314,CFC-B,,False,False,,0,,,,,,
315,CFR,CFR,True,True,0.9973009446693657,741,0.9973009446693657,0.9811066126855601,0.9973009446693657,2014-11-03,2023-12-29,False
316,CFX,,False,False,,0,,,,,,
317,CHA,,False,False,,0,,,,,,
318,CHD,CHD,True,False,0.7004048582995951,741,0.7004048582995951,0.6855600539811066,0.7004048582995951,2014-11-03,2023-12-29,False
319,CHE,CHE,True,True,0.9973009446693657,741,0.9973009446693657,0.9811066126855601,0.9973009446693657,2014-11-03,2023-12-29,False
320,CHH,CHH,True,True,0.9973009446693657,741,0.9973009446693657,0.9824561403508771,0.9973009446693657,2014-11-03,2023-12-29,False
321,CHK-D,,False,False,,0,,,,,,
322,CHL,,False,False,,0,,,,,,
323,CHN,,False,False,,0,,,,,,
324,CHS,,False,False,,0,,,,,,
325,CHSP,,False,False,,0,,,,,,
326,CHT,CHT,True,True,0.9973009446693657,741,0.9973009446693657,0.9932523616734144,0.9973009446693657,2014-11-03,2023-12-29,False
327,CHU,,False,False,,0,,,,,,
328,CI,CI,True,True,0.9973009446693657,741,0.9973009446693657,0.9932523616734144,0.9973009446693657,2014-11-03,2023-12-29,False
329,CIA,CIA,True,True,0.9973009446693657,741,0.9973009446693657,0.9973009446693657,0.9973009446693657,2014-11-03,2023-12-29,False
330,CIB,CIB,True,True,0.9973009446693657,741,0.9973009446693657,0.9824561403508771,0.9973009446693657,2014-11-03,2023-12-29,False
331,CIEN,CIEN,True,True,0.9973009446693657,741,0.9973009446693657,0.9973009446693657,0.9973009446693657,2014-11-03,2023-12-29,False
332,CII,CII,True,True,0.9851551956815114,741,0.9851551956815114,0.9379217273954116,0.9851551956815114,2014-11-03,2023-12-29,False
333,CIM,CIM,True,True,0.9986504723346828,741,1.0,0.9838056680161943,1.0,2014-11-03,2023-12-29,False
334,CIR,,False,False,,0,,,,,,
335,CIT,,False,False,,0,,,,,,
336,CKH,,False,False,,0,,,,,,
337,CL,CL,True,True,0.9973009446693657,741,0.9973009446693657,0.9811066126855601,0.9973009446693657,2014-11-03,2023-12-29,False
338,CLB,CLB,True,True,0.9973009446693657,741,0.9973009446693657,0.979757085020243,0.9973009446693657,2014-11-03,2023-12-29,False
339,CLDT,CLDT,True,True,0.9973009446693657,741,0.9973009446693657,0.9487179487179487,0.9973009446693657,2014-11-03,2023-12-29,False
340,CLGX,,False,False,,0,,,,,,
341,CLH,CLH,True,True,0.9973009446693657,741,0.9973009446693657,0.9973009446693657,0.9973009446693657,2014-11-03,2023-12-29,False
342,CLI,,False,False,,0,,,,,,
343,CLR,,False,False,,0,,,,,,
344,CLS,CLS,True,True,1.0,741,1.0,1.0,1.0,2014-11-03,2023-12-29,False
345,CLW,CLW,True,True,0.9973009446693657,741,0.9973009446693657,0.9973009446693657,0.9973009446693657,2014-11-03,2023-12-29,False
346,CLX,CLX,True,True,0.9973009446693657,741,0.9973009446693657,0.9811066126855601,0.9973009446693657,2014-11-03,2023-12-29,False
347,CM,CM,True,True,0.9973009446693657,741,0.9973009446693657,0.9824561403508771,0.9973009446693657,2014-11-03,2023-12-29,False
348,CMA,,False,False,,0,,,,,,
349,CMC,CMC,True,True,0.9973009446693657,741,0.9973009446693657,0.9811066126855601,0.9973009446693657,2014-11-03,2023-12-29,False
350,CMD,,False,False,,0,,,,,,
351,CMG,CMG,True,True,0.9973009446693657,741,0.9973009446693657,0.9973009446693657,0.9973009446693657,2014-11-03,2023-12-29,False
352,CMI,CMI,True,True,0.9973009446693657,741,0.9973009446693657,0.9811066126855601,0.9973009446693657,2014-11-03,2023-12-29,False
353,CMO,,False,False,,0,,,,,,
354,CMP,CMP,True,True,0.9973009446693657,741,0.9973009446693657,0.9811066126855601,0.9973009446693657,2014-11-03,2023-12-29,False
355,CMRE,CMRE,True,True,0.9973009446693657,741,0.9973009446693657,0.9811066126855601,0.9973009446693657,2014-11-03,2023-12-29,False
356,CMS,CMS,True,True,0.9973009446693657,741,0.9973009446693657,0.9811066126855601,0.9973009446693657,2014-11-03,2023-12-29,False
357,CNA,CNA,True,True,0.9973009446693657,741,0.9973009446693657,0.9811066126855601,0.9973009446693657,2014-11-03,2023-12-29,False
358,CNC,CNC,True,True,0.9919028340080972,741,0.9932523616734144,0.9932523616734144,0.9932523616734144,2014-11-03,2023-12-29,False
359,CNI,CNI,True,True,0.9973009446693657,741,0.9973009446693657,0.9811066126855601,0.9973009446693657,2014-11-03,2023-12-29,False
360,CNK,CNK,True,True,0.9973009446693657,741,0.9973009446693657,0.9811066126855601,0.9973009446693657,2014-11-03,2023-12-29,False
361,CNO,CNO,True,True,0.9973009446693657,741,0.9973009446693657,0.9811066126855601,0.9973009446693657,2014-11-03,2023-12-29,False
362,CNP,CNP,True,True,0.9973009446693657,741,0.9973009446693657,0.9811066126855601,0.9973009446693657,2014-11-03,2023-12-29,False
363,CNQ,CNQ,True,True,0.9959514170040485,741,0.9959514170040485,0.9811066126855601,0.9959514170040485,2014-11-03,2023-12-29,False
364,CNS,CNS,True,True,0.9973009446693657,741,0.9973009446693657,0.9811066126855601,0.9973009446693657,2014-11-03,2023-12-29,False
365,CODI,CODI,True,True,0.9973009446693657,741,0.9973009446693657,0.9811066126855601,0.9973009446693657,2014-11-03,2023-12-29,False
366,COF,COF,True,True,0.9973009446693657,741,0.9973009446693657,0.9811066126855601,0.9973009446693657,2014-11-03,2023-12-29,False
367,COF-P,,False,False,,0,,,,,,
368,COG,,False,False,,0,,,,,,
369,COL,,False,False,,0,,,,,,
370,COO,COO,True,True,0.9973009446693657,741,0.9973009446693657,0.9892037786774629,0.9973009446693657,2014-11-03,2023-12-29,False
371,COP,COP,True,True,0.9973009446693657,741,0.9973009446693657,0.9811066126855601,0.9973009446693657,2014-11-03,2023-12-29,False
372,COR,COR,True,False,0.008097165991902834,741,0.008097165991902834,0.008097165991902834,0.008097165991902834,2014-11-03,2023-12-29,False
373,COT,,False,False,,0,,,,,,
374,CP,CP,True,True,0.9973009446693657,741,0.9973009446693657,0.9824561403508771,0.9973009446693657,2014-11-03,2023-12-29,False
375,CPA,CPA,True,True,0.9973009446693657,741,0.9973009446693657,0.9811066126855601,0.9973009446693657,2014-11-03,2023-12-29,False
376,CPB,CPB,True,True,0.9973009446693657,741,0.9973009446693657,0.9824561403508771,0.9973009446693657,2014-11-03,2023-12-29,False
377,CPF,CPF,True,True,0.9973009446693657,741,0.9973009446693657,0.9811066126855601,0.9973009446693657,2014-11-03,2023-12-29,False
378,CPG,,False,False,,0,,,,,,
379,CPK,CPK,True,True,0.9973009446693657,741,0.9973009446693657,0.9824561403508771,0.9973009446693657,2014-11-03,2023-12-29,False
380,CPL,,False,False,,0,,,,,,
381,CPN,,False,False,,0,,,,,,
382,CPT,CPT,True,True,0.9973009446693657,741,0.9973009446693657,0.9811066126855601,0.9973009446693657,2014-11-03,2023-12-29,False
383,CR,CR,True,False,0.0,0,0.0,0.0,0.0,2023-03-29,2023-12-29,False
384,CRH,CRH,True,True,0.9973009446693657,741,0.9973009446693657,0.99055330634278,0.9973009446693657,2014-11-03,2023-12-29,False
385,CRI,CRI,True,True,0.9973009446693657,741,0.9973009446693657,0.9811066126855601,0.9973009446693657,2014-11-03,2023-12-29,False
386,CRL,CRL,True,True,0.9973009446693657,741,0.9973009446693657,0.9973009446693657,0.9973009446693657,2014-11-03,2023-12-29,False
387,CRM,CRM,True,True,0.9973009446693657,741,0.9973009446693657,0.9973009446693657,0.9973009446693657,2014-11-03,2023-12-29,False
388,CRR,,False,False,,0,,,,,,
389,CRS,CRS,True,True,0.9973009446693657,741,0.9973009446693657,0.9811066126855601,0.9973009446693657,2014-11-03,2023-12-29,False
390,CRT,CRT,True,False,0.873144399460189,741,0.873144399460189,0.8286099865047234,0.873144399460189,2014-11-03,2023-12-29,False
391,CRY,,False,False,,0,,,,,,
392,CS,,False,False,,0,,,,,,
393,CSL,CSL,True,True,0.9973009446693657,741,0.9973009446693657,0.9811066126855601,0.9973009446693657,2014-11-03,2023-12-29,False
394,CSS,,False,False,,0,,,,,,
395,CSU,,False,False,,0,,,,,,
396,CSV,CSV,True,True,0.9973009446693657,741,0.9973009446693657,0.9811066126855601,0.9973009446693657,2014-11-03,2023-12-29,False
397,CTB,,False,False,,0,,,,,,
398,CTL,,False,False,,0,,,,,,
399,CTR,,False,False,,0,,,,,,
400,CTS,CTS,True,True,0.9973009446693657,741,0.9973009446693657,0.9824561403508771,0.9973009446693657,2014-11-03,2023-12-29,False
401,CTW,,False,False,,0,,,,,,
402,CUB,,False,False,,0,,,,,,
403,CUBE,CUBE,True,True,0.9973009446693657,741,0.9973009446693657,0.9824561403508771,0.9973009446693657,2014-11-03,2023-12-29,False
404,CUBI,CUBI,True,True,0.9973009446693657,741,0.9973009446693657,0.9973009446693657,0.9973009446693657,2014-11-03,2023-12-29,False
405,CUK,,False,False,,0,,,,,,
406,CULP,CULP,True,True,0.9973009446693657,741,0.9973009446693657,0.9824561403508771,0.9973009446693657,2014-11-03,2023-12-29,False
407,CUZ,CUZ,True,True,0.9973009446693657,741,0.9959514170040485,0.9811066126855601,0.9973009446693657,2014-11-03,2023-12-29,False
408,CVA,,False,False,,0,,,,,,
409,CVE,CVE,True,True,0.9973009446693657,741,0.9973009446693657,0.9824561403508771,0.9973009446693657,2014-11-03,2023-12-29,False
410,CVG,,False,False,,0,,,,,,
411,CVI,CVI,True,True,0.9973009446693657,741,0.9973009446693657,0.9811066126855601,0.9973009446693657,2014-11-03,2023-12-29,False
412,CVS,CVS,True,True,0.9973009446693657,741,0.9973009446693657,0.9811066126855601,0.9973009446693657,2014-11-03,2023-12-29,False
413,CVX,CVX,True,True,0.9973009446693657,741,0.9973009446693657,0.9811066126855601,0.9973009446693657,2014-11-03,2023-12-29,False
414,CW,CW,True,True,0.9973009446693657,741,0.9973009446693657,0.9811066126855601,0.9973009446693657,2014-11-03,2023-12-29,False
415,CWT,CWT,True,True,0.9973009446693657,741,0.9973009446693657,0.9811066126855601,0.9973009446693657,2014-11-03,2023-12-29,False
416,CXH,,False,False,,0,,,,,,
417,CXO,,False,False,,0,,,,,,
418,CXW,CXW,True,True,0.9973009446693657,741,0.9973009446693657,0.9824561403508771,0.9973009446693657,2014-11-03,2023-12-29,False
419,CYD,CYD,True,True,0.9946018893387314,741,0.9946018893387314,0.99055330634278,0.9946018893387314,2014-11-03,2023-12-29,False
420,CYS,,False,False,,0,,,,,,
421,CYS-A,,False,False,,0,,,,,,
422,D,D,True,True,0.9973009446693657,741,0.9973009446693657,0.9811066126855601,0.9973009446693657,2014-11-03,2023-12-29,False
423,DAL,DAL,True,True,1.0,741,1.0,0.9838056680161943,1.0,2014-11-03,2023-12-29,False
424,DAN,DAN,True,True,0.9973009446693657,741,0.9973009446693657,0.9811066126855601,0.9973009446693657,2014-11-03,2023-12-29,False
425,DAR,DAR,True,True,0.9973009446693657,741,0.9973009446693657,0.9973009446693657,0.9973009446693657,2014-11-03,2023-12-29,False
426,DB,DB,True,True,0.9959514170040485,741,0.9959514170040485,0.9932523616734144,0.9959514170040485,2014-11-03,2023-12-29,False
427,DBD,DBD,True,False,0.0,0,0.0,0.0,0.0,2023-08-14,2023-12-29,False
428,DBL,DBL,True,True,0.9554655870445344,741,0.9554655870445344,0.9109311740890689,0.9554655870445344,2014-11-03,2023-12-29,False
429,DCI,DCI,True,True,0.9973009446693657,741,0.9973009446693657,0.9811066126855601,0.9973009446693657,2014-11-03,2023-12-29,False
430,DCM,,False,False,,0,,,,,,
431,DCO,DCO,True,True,0.9973009446693657,741,0.9973009446693657,0.9973009446693657,0.9973009446693657,2014-11-03,2023-12-29,False
432,DCP,,False,False,,0,,,,,,
433,DDD,DDD,True,True,0.9973009446693657,741,0.9973009446693657,0.9973009446693657,0.9973009446693657,2014-11-03,2023-12-29,False
434,DDF,,False,False,,0,,,,,,
435,DDR,,False,False,,0,,,,,,
436,DDR-J,,False,False,,0,,,,,,
437,DDS,DDS,True,True,0.9973009446693657,741,0.9973009446693657,0.9824561403508771,0.9973009446693657,2014-11-03,2023-12-29,False
438,DDT,DDT,True,False,0.8286099865047234,741,0.8286099865047234,0.815114709851552,0.8286099865047234,2014-11-03,2023-12-29,False
439,DE,DE,True,True,0.9973009446693657,741,0.9973009446693657,0.9824561403508771,0.9973009446693657,2014-11-03,2023-12-29,False
440,DECK,DECK,True,True,0.9973009446693657,741,0.9973009446693657,0.9973009446693657,0.9973009446693657,2014-11-03,2023-12-29,False
441,DEI,DEI,True,True,0.9973009446693657,741,0.9973009446693657,0.9824561403508771,0.9973009446693657,2014-11-03,2023-12-29,False
442,DEL,,False,False,,0,,,,,,
443,DEO,DEO,True,True,0.9973009446693657,741,0.9973009446693657,0.9892037786774629,0.9973009446693657,2014-11-03,2023-12-29,False
444,DEX,,False,False,,0,,,,,,
445,DFS,,False,False,,0,,,,,,
446,DG,DG,True,True,0.9973009446693657,741,0.9973009446693657,0.9824561403508771,0.9973009446693657,2014-11-03,2023-12-29,False
447,DGX,DGX,True,True,0.9973009446693657,741,0.9973009446693657,0.9811066126855601,0.9973009446693657,2014-11-03,2023-12-29,False
448,DHG,,False,False,,0,,,,,,
449,DHI,DHI,True,True,0.9973009446693657,741,0.9973009446693657,0.9811066126855601,0.9973009446693657,2014-11-03,2023-12-29,False
450,DHR,DHR,True,True,0.9973009446693657,741,0.9959514170040485,0.9811066126855601,0.9973009446693657,2014-11-03,2023-12-29,False
451,DIN,DIN,True,True,0.9973009446693657,741,0.9973009446693657,0.9824561403508771,0.9973009446693657,2014-11-03,2023-12-29,False
452,DIS,DIS,True,True,0.9973009446693657,741,0.9973009446693657,0.9892037786774629,0.9973009446693657,2014-11-03,2023-12-29,False
453,DKL,DKL,True,True,0.9838056680161943,741,0.9838056680161943,0.9676113360323887,0.9838056680161943,2014-11-03,2023-12-29,False
454,DKS,DKS,True,True,0.9973009446693657,741,0.9973009446693657,0.9811066126855601,0.9973009446693657,2014-11-03,2023-12-29,False
455,DKT,,False,False,,0,,,,,,
456,DLB,DLB,True,True,0.9973009446693657,741,0.9973009446693657,0.9811066126855601,0.9973009446693657,2014-11-03,2023-12-29,False
457,DLR,DLR,True,True,0.9973009446693657,741,0.9973009446693657,0.9824561403508771,0.9973009446693657,2014-11-03,2023-12-29,False
458,DLX,DLX,True,True,0.9973009446693657,741,0.9973009446693657,0.9811066126855601,0.9973009446693657,2014-11-03,2023-12-29,False
459,DMO,DMO,True,False,0.9433198380566802,741,0.9433198380566802,0.9001349527665317,0.9433198380566802,2014-11-03,2023-12-29,False
460,DNB,,False,False,,0,,,,,,
461,DNI,,False,False,,0,,,,,,
462,DNP,DNP,True,False,0.9365721997300944,741,0.9365721997300944,0.8906882591093117,0.9365721997300944,2014-11-03,2023-12-29,False
463,DO,,False,False,,0,,,,,,
464,DOV,DOV,True,True,0.9973009446693657,741,0.9973009446693657,0.9811066126855601,0.9973009446693657,2014-11-03,2023-12-29,False
465,DPG,DPG,True,True,0.9811066126855601,741,0.9811066126855601,0.9662618083670715,0.9811066126855601,2014-11-03,2023-12-29,False
466,DPS,,False,False,,0,,,,,,
467,DPZ,DPZ,True,True,0.9973009446693657,741,0.9973009446693657,0.9824561403508771,0.9973009446693657,2014-11-03,2023-12-29,False
468,DRE,,False,False,,0,,,,,,
469,DRH,DRH,True,True,0.9973009446693657,741,0.9973009446693657,0.9824561403508771,0.9973009446693657,2014-11-03,2023-12-29,False
470,DRI,DRI,True,True,0.9973009446693657,741,0.9959514170040485,0.979757085020243,0.9973009446693657,2014-11-03,2023-12-29,False
471,DRQ,,False,False,,0,,,,,,
472,DS-B,,False,False,,0,,,,,,
473,DSM,DSM,True,True,0.970310391363023,741,0.970310391363023,0.9271255060728745,0.970310391363023,2014-11-03,2023-12-29,False
474,DST,,False,False,,0,,,,,,
475,DSU,DSU,True,True,0.9959514170040485,741,0.9973009446693657,0.951417004048583,0.9973009446693657,2014-11-03,2023-12-29,False
476,DSW,,False,False,,0,,,,,,
477,DTE,DTE,True,True,0.9973009446693657,741,0.9973009446693657,0.9824561403508771,0.9973009446693657,2014-11-03,2023-12-29,False
478,DTF,DTF,True,False,0.8947368421052632,741,0.8947368421052632,0.854251012145749,0.8947368421052632,2014-11-03,2023-12-29,False
479,DTK,,False,False,,0,,,,,,
480,DUC,,False,False,,0,,,,,,
481,DUK,DUK,True,True,0.9973009446693657,741,0.9973009446693657,0.9811066126855601,0.9973009446693657,2014-11-03,2023-12-29,False
482,DVA,DVA,True,True,0.9973009446693657,741,0.9973009446693657,0.9973009446693657,0.9973009446693657,2014-11-03,2023-12-29,False
483,DVN,DVN,True,True,0.9973009446693657,741,0.9973009446693657,0.9824561403508771,0.9973009446693657,2014-11-03,2023-12-29,False
484,DX,DX,True,True,0.9946018893387314,741,0.9946018893387314,0.979757085020243,0.9946018893387314,2014-11-03,2023-12-29,False
485,DX-A,,False,False,,0,,,,,,
486,DXB,,False,False,,0,,,,,,
487,DY,DY,True,True,0.9973009446693657,741,0.9973009446693657,0.9973009446693657,0.9973009446693657,2014-11-03,2023-12-29,False
488,DYN,DYN,True,False,0.0,0,0.0,0.0,0.0,2020-09-17,2023-12-29,False
489,E,E,True,True,0.9973009446693657,741,0.9973009446693657,0.99055330634278,0.9973009446693657,2014-11-03,2023-12-29,False
490,EAT,EAT,True,True,0.997289972899729,738,0.997289972899729,0.981029810298103,0.997289972899729,2014-11-03,2023-12-29,False
491,EBF,EBF,True,True,0.9973009446693657,741,0.9973009446693657,0.9824561403508771,0.9973009446693657,2014-11-03,2023-12-29,False
492,EBS,EBS,True,True,0.9973009446693657,741,0.9973009446693657,0.9973009446693657,0.9973009446693657,2014-11-03,2023-12-29,False
493,EC,EC,True,True,0.9973009446693657,741,0.9973009446693657,0.9946018893387314,0.9973009446693657,2014-11-03,2023-12-29,False
494,ECL,ECL,True,True,0.9973009446693657,741,0.9973009446693657,0.9824561403508771,0.9973009446693657,2014-11-03,2023-12-29,False
495,ED,ED,True,True,0.9973009446693657,741,0.9973009446693657,0.9811066126855601,0.9973009446693657,2014-11-03,2023-12-29,False
496,EDD,EDD,True,True,0.9811066126855601,741,0.9811066126855601,0.9662618083670715,0.9811066126855601,2014-11-03,2023-12-29,False
497,EDF,EDF,True,True,0.9811066126855601,741,0.9811066126855601,0.9338731443994602,0.9811066126855601,2014-11-03,2023-12-29,False
498,EDI,,False,False,,0,,,,,,
499,EDR,,False,False,,0,,,,,,
500,EDU,EDU,True,True,0.9973009446693657,741,0.9973009446693657,0.9946018893387314,0.9973009446693657,2014-11-03,2023-12-29,False
501,EE,EE,True,False,0.0,0,0.0,0.0,0.0,2022-04-13,2023-12-29,False
502,EEA,EEA,True,False,0.7462887989203779,741,0.7462887989203779,0.7422402159244265,0.7462887989203779,2014-11-03,2023-12-29,False
503,EEP,,False,False,,0,,,,,,
504,EEQ,,False,False,,0,,,,,,
505,EFC,EFC,True,True,0.9973009446693657,741,0.9973009446693657,0.9811066126855601,0.9973009446693657,2014-11-03,2023-12-29,False
506,EFR,EFR,True,True,0.970310391363023,741,0.970310391363023,0.9244264507422402,0.970310391363023,2014-11-03,2023-12-29,False
507,EFT,EFT,True,True,0.9865047233468286,741,0.9865047233468286,0.9406207827260459,0.9865047233468286,2014-11-03,2023-12-29,False
508,EFX,EFX,True,True,0.9973009446693657,741,0.9973009446693657,0.9811066126855601,0.9973009446693657,2014-11-03,2023-12-29,False
509,EGF,,False,False,,0,,,,,,
510,EGHT,EGHT,True,True,0.9837837837837838,740,0.9837837837837838,0.9837837837837838,0.9837837837837838,2014-11-03,2023-12-29,False
511,EGN,,False,False,,0,,,,,,
512,EGP,EGP,True,True,0.9973009446693657,741,0.9973009446693657,0.9824561403508771,0.9973009446693657,2014-11-03,2023-12-29,False
513,EHI,EHI,True,True,0.9757085020242915,741,0.9757085020242915,0.9298245614035088,0.9757085020242915,2014-11-03,2023-12-29,False
514,EIG,EIG,True,True,0.9973009446693657,741,0.9973009446693657,0.9811066126855601,0.9973009446693657,2014-11-03,2023-12-29,False
515,EIX,EIX,True,True,0.9973009446693657,741,0.9973009446693657,0.9824561403508771,0.9973009446693657,2014-11-03,2023-12-29,False
516,EL,EL,True,True,0.9973009446693657,741,0.9973009446693657,0.9811066126855601,0.9973009446693657,2014-11-03,2023-12-29,False
517,ELLI,,False,False,,0,,,,,,
518,ELS,ELS,True,True,0.9973009446693657,741,0.9973009446693657,0.9824561403508771,0.9973009446693657,2014-11-03,2023-12-29,False
519,ELY,,False,False,,0,,,,,,
520,EMD,EMD,True,True,0.9973009446693657,741,0.9973009446693657,0.9541160593792173,0.9973009446693657,2014-11-03,2023-12-29,False
521,EME,EME,True,True,0.9973009446693657,741,0.9973009446693657,0.9811066126855601,0.9973009446693657,2014-11-03,2023-12-29,False
522,EMF,EMF,True,True,0.9568151147098516,741,0.9568151147098516,0.9541160593792173,0.9568151147098516,2014-11-03,2023-12-29,False
523,EMN,EMN,True,True,0.9973009446693657,741,0.9973009446693657,0.9824561403508771,0.9973009446693657,2014-11-03,2023-12-29,False
524,EMO,EMO,True,True,0.9865047233468286,741,0.9865047233468286,0.970310391363023,0.9865047233468286,2014-11-03,2023-12-29,False
525,EMR,EMR,True,True,0.9973009446693657,741,0.9973009446693657,0.9811066126855601,0.9973009446693657,2014-11-03,2023-12-29,False
526,ENB,ENB,True,True,0.9973009446693657,741,0.9973009446693657,0.9811066126855601,0.9973009446693657,2014-11-03,2023-12-29,False
527,ENIA,,False,False,,0,,,,,,
528,ENLK,,False,False,,0,,,,,,
529,ENS,ENS,True,True,0.9973009446693657,741,0.9973009446693657,0.9824561403508771,0.9973009446693657,2014-11-03,2023-12-29,False
530,ENV,,False,False,,0,,,,,,
531,EOCC,,False,False,,0,,,,,,
532,EOD,EOD,True,True,0.9784075573549258,741,0.9784075573549258,0.9635627530364372,0.9784075573549258,2014-11-03,2023-12-29,False
533,EOG,EOG,True,True,0.9973009446693657,741,0.9973009446693657,0.9811066126855601,0.9973009446693657,2014-11-03,2023-12-29,False
534,EOI,EOI,True,True,0.970310391363023,741,0.970310391363023,0.9244264507422402,0.970310391363023,2014-11-03,2023-12-29,False
535,EOS,EOS,True,True,0.9581646423751687,741,0.9581646423751687,0.9136302294197031,0.9581646423751687,2014-11-03,2023-12-29,False
536,EOT,EOT,True,False,0.9203778677462888,741,0.9203778677462888,0.8744939271255061,0.9203778677462888,2014-11-03,2023-12-29,False
537,EP-C,,False,False,,0,,,,,,
538,EPAM,EPAM,True,True,0.9973009446693657,741,0.9973009446693657,0.9973009446693657,0.9973009446693657,2014-11-03,2023-12-29,False
539,EPC,EPC,True,True,0.9824561403508771,741,0.9824561403508771,0.9784075573549258,0.9824561403508771,2014-11-03,2023-12-29,False
540,EPD,EPD,True,True,0.9973009446693657,741,0.9973009446693657,0.9811066126855601,0.9973009446693657,2014-11-03,2023-12-29,False
541,EPR,EPR,True,True,0.9973009446693657,741,0.9973009446693657,0.9500674763832658,0.9973009446693657,2014-11-03,2023-12-29,False
542,EPR-C,EPR-PC,True,True,1.0,741,1.0,0.9851551956815114,1.0,2014-11-03,2023-12-29,False
543,EPR-E,EPR-PE,True,True,0.9972451790633609,726,0.9972451790633609,0.9820936639118457,0.9972451790633609,2014-11-03,2023-12-29,False
544,EQC,,False,False,,0,,,,,,
545,EQC-D,,False,False,,0,,,,,,
546,EQM,,False,False,,0,,,,,,
547,EQR,,False,False,,0,,,,,,
548,EQT,EQT,True,True,0.9973009446693657,741,0.9973009446693657,0.9811066126855601,0.9973009446693657,2014-11-03,2023-12-29,False
549,ERJ,,False,False,,0,,,,,,
550,ES,ES,True,True,0.9973009446693657,741,0.9973009446693657,0.9824561403508771,0.9973009446693657,2014-11-03,2023-12-29,False
551,ESE,ESE,True,True,0.9973009446693657,741,0.9973009446693657,0.9824561403508771,0.9973009446693657,2014-11-03,2023-12-29,False
552,ESL,,False,False,,0,,,,,,
553,ESS,ESS,True,True,0.9973009446693657,741,0.9973009446693657,0.9824561403508771,0.9973009446693657,2014-11-03,2023-12-29,False
554,ESTE,,False,False,,0,,,,,,
555,ETB,ETB,True,False,0.9365721997300944,741,0.9365721997300944,0.8947368421052632,0.9365721997300944,2014-11-03,2023-12-29,False
556,ETG,ETG,True,True,0.9527665317139001,741,0.9527665317139001,0.9068825910931174,0.9527665317139001,2014-11-03,2023-12-29,False
557,ETH,,False,False,,0,,,,,,
558,ETJ,ETJ,True,True,0.9919028340080972,741,0.9919028340080972,0.9446693657219973,0.9919028340080972,2014-11-03,2023-12-29,False
559,ETM,,False,False,,0,,,,,,
560,ETN,ETN,True,True,0.9973009446693657,741,0.9973009446693657,0.9811066126855601,0.9973009446693657,2014-11-03,2023-12-29,False
561,ETO,ETO,True,False,0.9379217273954116,741,0.9379217273954116,0.8920377867746289,0.9379217273954116,2014-11-03,2023-12-29,False
562,ETP,,False,False,,0,,,,,,
563,ETR,ETR,True,True,1.0,741,1.0,0.9838056680161943,1.0,2014-11-03,2023-12-29,False
564,ETV,ETV,True,True,0.9811066126855601,741,0.9811066126855601,0.9338731443994602,0.9811066126855601,2014-11-03,2023-12-29,False
565,ETW,ETW,True,True,0.9649122807017544,741,0.9649122807017544,0.9176788124156545,0.9649122807017544,2014-11-03,2023-12-29,False
566,ETY,ETY,True,True,0.9973009446693657,741,0.9973009446693657,0.9500674763832658,0.9973009446693657,2014-11-03,2023-12-29,False
567,EV,,False,False,,0,,,,,,
568,EVF,EVF,True,True,0.9838056680161943,741,0.9838056680161943,0.9365721997300944,0.9838056680161943,2014-11-03,2023-12-29,False
569,EVG,EVG,True,False,0.9473684210526315,741,0.9473684210526315,0.9014844804318488,0.9473684210526315,2014-11-03,2023-12-29,False
570,EVN,EVN,True,True,0.970310391363023,741,0.970310391363023,0.9244264507422402,0.970310391363023,2014-11-03,2023-12-29,False
571,EVR,EVR,True,True,0.9973009446693657,741,0.9973009446693657,0.9811066126855601,0.9973009446693657,2014-11-03,2023-12-29,False
572,EVT,EVT,True,True,0.9757085020242915,741,0.9757085020242915,0.9311740890688259,0.9757085020242915,2014-11-03,2023-12-29,False
573,EW,EW,True,True,0.979757085020243,741,0.9811066126855601,0.9811066126855601,0.9811066126855601,2014-11-03,2023-12-29,False
574,EXC,EXC,True,True,0.9973009446693657,741,0.9973009446693657,0.9811066126855601,0.9973009446693657,2014-11-03,2023-12-29,False
575,EXD,,False,False,,0,,,,,,
576,EXG,EXG,True,True,0.9973009446693657,741,0.9973009446693657,0.9500674763832658,0.9973009446693657,2014-11-03,2023-12-29,False
577,EXP,EXP,True,True,0.997289972899729,738,0.997289972899729,0.9823848238482384,0.997289972899729,2014-11-03,2023-12-29,False
578,EXPR,,False,False,,0,,,,,,
579,EXR,EXR,True,True,0.9973009446693657,741,0.9973009446693657,0.9824561403508771,0.9973009446693657,2014-11-03,2023-12-29,False
580,F,F,True,True,0.9973009446693657,741,0.9973009446693657,0.9811066126855601,0.9973009446693657,2014-11-03,2023-12-29,False
581,FAF,FAF,True,True,0.9973009446693657,741,0.9973009446693657,0.9811066126855601,0.9973009446693657,2014-11-03,2023-12-29,False
582,FAM,,False,False,,0,,,,,,
583,FBC,,False,False,,0,,,,,,
584,FBHS,,False,False,,0,,,,,,
585,FBR,,False,False,,0,,,,,,
586,FC,FC,True,True,1.0,741,1.0,1.0,1.0,2014-11-03,2023-12-29,False
587,FCF,FCF,True,True,0.9973009446693657,741,0.9973009446693657,0.9811066126855601,0.9973009446693657,2014-11-03,2023-12-29,False
588,FCFS,FCFS,True,True,0.9973009446693657,741,0.9973009446693657,0.9865047233468286,0.9973009446693657,2014-11-03,2023-12-29,False
589,FCN,FCN,True,True,0.9973009446693657,741,0.9973009446693657,0.9973009446693657,0.9973009446693657,2014-11-03,2023-12-29,False
590,FCT,,False,False,,0,,,,,,
591,FDP,,False,False,,0,,,,,,
592,FDS,FDS,True,True,0.9973009446693657,741,0.9973009446693657,0.9811066126855601,0.9973009446693657,2014-11-03,2023-12-29,False
593,FDX,FDX,True,True,0.9973009446693657,741,0.9973009446693657,0.9811066126855601,0.9973009446693657,2014-11-03,2023-12-29,False
594,FE,FE,True,True,0.9973009446693657,741,0.9973009446693657,0.9811066126855601,0.9973009446693657,2014-11-03,2023-12-29,False
595,FEI,,False,False,,0,,,,,,
596,FEO,,False,False,,0,,,,,,
597,FET,FET,True,True,0.9973009446693657,741,0.9973009446693657,0.9973009446693657,0.9973009446693657,2014-11-03,2023-12-29,False
598,FF,FF,True,True,0.9973009446693657,741,0.9973009446693657,0.979757085020243,0.9973009446693657,2014-11-03,2023-12-29,False
599,FFA,FFA,True,False,0.921727395411606,741,0.921727395411606,0.9082321187584346,0.921727395411606,2014-11-03,2023-12-29,False
600,FFC,FFC,True,True,0.9757085020242915,741,0.9757085020242915,0.9284750337381916,0.9757085020242915,2014-11-03,2023-12-29,False
601,FFG,,False,False,,0,,,,,,
602,FHN,FHN,True,True,0.9973009446693657,741,0.9973009446693657,0.9811066126855601,0.9973009446693657,2014-11-03,2023-12-29,False
603,FHY,,False,False,,0,,,,,,
604,FICO,FICO,True,True,0.9973009446693657,741,0.9973009446693657,0.9851551956815114,0.9973009446693657,2014-11-03,2023-12-29,False
605,FIF,,False,False,,0,,,,,,
606,FII,,False,False,,0,,,,,,
607,FIS,FIS,True,True,0.9973009446693657,741,0.9973009446693657,0.9824561403508771,0.9973009446693657,2014-11-03,2023-12-29,False
608,FIX,FIX,True,True,0.9973009446693657,741,0.9973009446693657,0.9811066126855601,0.9973009446693657,2014-11-03,2023-12-29,False
609,FL,,False,False,,0,,,,,,
610,FLC,FLC,True,False,0.9406207827260459,741,0.9406207827260459,0.893387314439946,0.9406207827260459,2014-11-03,2023-12-29,False
611,FLO,FLO,True,True,0.9973009446693657,741,0.9973009446693657,0.9811066126855601,0.9973009446693657,2014-11-03,2023-12-29,False
612,FLR,FLR,True,True,0.9973009446693657,741,0.9973009446693657,0.9811066126855601,0.9973009446693657,2014-11-03,2023-12-29,False
613,FLS,FLS,True,True,0.9973009446693657,741,0.9973009446693657,0.9824561403508771,0.9973009446693657,2014-11-03,2023-12-29,False
614,FLT,,False,False,,0,,,,,,
615,FLY,,False,False,,0,,,,,,
616,FMC,FMC,True,True,0.9973009446693657,741,0.9973009446693657,0.9824561403508771,0.9973009446693657,2014-11-03,2023-12-29,False
617,FMN,FMN,True,False,0.9055330634278003,741,0.9055330634278003,0.8609986504723347,0.9055330634278003,2014-11-03,2023-12-29,False
618,FMO,,False,False,,0,,,,,,
619,FMS,FMS,True,True,0.9973009446693657,741,0.9973009446693657,0.9932523616734144,0.9973009446693657,2014-11-03,2023-12-29,False
620,FMX,FMX,True,True,0.9973009446693657,741,0.9973009446693657,0.9892037786774629,0.9973009446693657,2014-11-03,2023-12-29,False
621,FMY,FMY,True,False,0.6950067476383266,741,0.6950067476383266,0.6612685560053981,0.6950067476383266,2014-11-03,2023-12-29,False
622,FN,FN,True,True,0.9973009446693657,741,0.9973009446693657,0.9973009446693657,0.9973009446693657,2014-11-03,2023-12-29,False
623,FNB,FNB,True,True,0.9973009446693657,741,0.9973009446693657,0.9811066126855601,0.9973009446693657,2014-11-03,2023-12-29,False
624,FNV,FNV,True,True,0.9973009446693657,741,0.9973009446693657,0.9811066126855601,0.9973009446693657,2014-11-03,2023-12-29,False
625,FOF,FOF,True,False,0.9230769230769231,741,0.9230769230769231,0.8974358974358975,0.9230769230769231,2014-11-03,2023-12-29,False
626,FPT,,False,False,,0,,,,,,
627,FR,FR,True,True,0.9973009446693657,741,0.9973009446693657,0.9824561403508771,0.9973009446693657,2014-11-03,2023-12-29,False
628,FRA,FRA,True,True,0.9946018893387314,741,0.9946018893387314,0.9500674763832658,0.9946018893387314,2014-11-03,2023-12-29,False
629,FRC,,False,False,,0,,,,,,
630,FRT,FRT,True,True,0.9973009446693657,741,0.9973009446693657,0.9824561403508771,0.9973009446693657,2014-11-03,2023-12-29,False
631,FSD,,False,False,,0,,,,,,
632,FSS,FSS,True,True,0.9973009446693657,741,0.9973009446693657,0.9811066126855601,0.9973009446693657,2014-11-03,2023-12-29,False
633,FT,FT,True,False,0.835357624831309,741,0.835357624831309,0.796221322537112,0.835357624831309,2014-11-03,2023-12-29,False
634,FUL,FUL,True,True,0.9973009446693657,741,0.9973009446693657,0.9811066126855601,0.9973009446693657,2014-11-03,2023-12-29,False
635,FUN,FUN,True,True,0.9973009446693657,741,0.9973009446693657,0.9811066126855601,0.9973009446693657,2014-11-03,2023-12-29,False
636,G,G,True,True,1.0,741,1.0,0.9946018893387314,1.0,2014-11-03,2023-12-29,False
637,GAB-G,GAB-PG,True,True,0.997289972899729,738,0.997289972899729,0.983739837398374,0.997289972899729,2014-11-03,2023-12-29,False
638,GAB-H,GAB-PH,True,True,0.9972789115646259,735,0.9972789115646259,0.9891156462585035,0.9972789115646259,2014-11-03,2023-12-29,False
639,GAM,GAM,True,True,0.9770580296896086,741,0.9770580296896086,0.970310391363023,0.9770580296896086,2014-11-03,2023-12-29,False
640,GAM-B,,False,False,,0,,,,,,
641,GATX,GATX,True,True,0.9973009446693657,741,0.9973009446693657,0.9824561403508771,0.9973009446693657,2014-11-03,2023-12-29,False
642,GBAB,GBAB,True,True,0.9676113360323887,741,0.9676113360323887,0.9230769230769231,0.9676113360323887,2014-11-03,2023-12-29,False
643,GBL,,False,False,,0,,,,,,
644,GBX,GBX,True,True,0.9973009446693657,741,0.9973009446693657,0.9811066126855601,0.9973009446693657,2014-11-03,2023-12-29,False
645,GCH,,False,False,,0,,,,,,
646,GCO,GCO,True,True,0.9973009446693657,741,0.9973009446693657,0.9973009446693657,0.9973009446693657,2014-11-03,2023-12-29,False
647,GD,GD,True,True,0.9973009446693657,741,0.9973009446693657,0.9811066126855601,0.9973009446693657,2014-11-03,2023-12-29,False
648,GDL,GDL,True,False,0.7989203778677463,741,0.7989203778677463,0.7840755735492577,0.7989203778677463,2014-11-03,2023-12-29,False
649,GDO,GDO,True,False,0.9311740890688259,741,0.9311740890688259,0.8879892037786775,0.9311740890688259,2014-11-03,2023-12-29,False
650,GDOT,GDOT,True,True,0.9973009446693657,741,0.9973009446693657,0.9973009446693657,0.9973009446693657,2014-11-03,2023-12-29,False
651,GDV,GDV,True,True,0.9743589743589743,741,0.9743589743589743,0.9271255060728745,0.9743589743589743,2014-11-03,2023-12-29,False
652,GDV-A,,False,False,,0,,,,,,
653,GDV-D,,False,False,,0,,,,,,
654,GE,GE,True,True,0.9946018893387314,741,0.9946018893387314,0.979757085020243,0.9946018893387314,2014-11-03,2023-12-29,False
655,GEF,GEF,True,True,0.9973009446693657,741,0.9973009446693657,0.9824561403508771,0.9973009446693657,2014-11-03,2023-12-29,False
656,GEF.B,GEF-B,True,True,0.9946018893387314,741,0.9946018893387314,0.9811066126855601,0.9946018893387314,2014-11-03,2023-12-29,False
657,GEL,GEL,True,True,0.9946018893387314,741,0.9946018893387314,0.9784075573549258,0.9946018893387314,2014-11-03,2023-12-29,False
658,GEO,GEO,True,False,0.46153846153846156,741,0.46288798920377866,0.45209176788124156,0.46288798920377866,2014-11-03,2023-12-29,False
659,GES,,False,False,,0,,,,,,
660,GF,GF,True,False,0.8812415654520918,741,0.8812415654520918,0.8798920377867746,0.8812415654520918,2014-11-03,2023-12-29,False
661,GFF,GFF,True,True,0.9973009446693657,741,0.9973009446693657,0.9811066126855601,0.9973009446693657,2014-11-03,2023-12-29,False
662,GFY,,False,False,,0,,,,,,
663,GG,,False,False,,0,,,,,,
664,GGG,GGG,True,True,0.9973009446693657,741,0.9973009446693657,0.9811066126855601,0.9973009446693657,2014-11-03,2023-12-29,False
665,GGP,,False,False,,0,,,,,,
666,GGT,GGT,True,False,0.9338731443994602,741,0.9338731443994602,0.9176788124156545,0.9338731443994602,2014-11-03,2023-12-29,False
667,GHC,GHC,True,True,0.9973009446693657,741,0.9959514170040485,0.979757085020243,0.9973009446693657,2014-11-03,2023-12-29,False
668,GHL,,False,False,,0,,,,,,
669,GHM,GHM,True,True,0.9973009446693657,741,0.9973009446693657,0.9811066126855601,0.9973009446693657,2014-11-03,2023-12-29,False
670,GHY,GHY,True,True,0.9919028340080972,741,0.9919028340080972,0.9487179487179487,0.9919028340080972,2014-11-03,2023-12-29,False
671,GIB,GIB,True,True,0.9973009446693657,741,0.9973009446693657,0.9973009446693657,0.9973009446693657,2014-11-03,2023-12-29,False
672,GIL,GIL,True,False,0.9379217273954116,741,0.9379217273954116,0.921727395411606,0.9379217273954116,2014-11-03,2023-12-29,False
673,GIM,,False,False,,0,,,,,,
674,GIS,GIS,True,True,0.9973009446693657,741,0.9973009446693657,0.9811066126855601,0.9973009446693657,2014-11-03,2023-12-29,False
675,GLOG,,False,False,,0,,,,,,
676,GLP,GLP,True,True,0.9973009446693657,741,0.9973009446693657,0.9811066126855601,0.9973009446693657,2014-11-03,2023-12-29,False
677,GLT,,False,False,,0,,,,,,
678,GLW,GLW,True,True,0.9973009446693657,741,0.9973009446693657,0.9811066126855601,0.9973009446693657,2014-11-03,2023-12-29,False
679,GM,GM,True,True,0.9973009446693657,741,0.9973009446693657,0.9811066126855601,0.9973009446693657,2014-11-03,2023-12-29,False
680,GME,GME,True,True,0.9973009446693657,741,0.9973009446693657,0.9811066126855601,0.9973009446693657,2014-11-03,2023-12-29,False
681,GMED,GMED,True,True,0.9973009446693657,741,0.9973009446693657,0.9973009446693657,0.9973009446693657,2014-11-03,2023-12-29,False
682,GNC,,False,False,,0,,,,,,
683,GNE-A,,False,False,,0,,,,,,
684,GNRC,GNRC,True,True,0.9973009446693657,741,0.9973009446693657,0.9973009446693657,0.9973009446693657,2014-11-03,2023-12-29,False
685,GOF,GOF,True,False,0.9460188933873145,741,0.9460188933873145,0.9014844804318488,0.9460188933873145,2014-11-03,2023-12-29,False
686,GPC,GPC,True,True,0.9973009446693657,741,0.9973009446693657,0.9811066126855601,0.9973009446693657,2014-11-03,2023-12-29,False
687,GPI,GPI,True,True,0.9973009446693657,741,0.9973009446693657,0.9811066126855601,0.9973009446693657,2014-11-03,2023-12-29,False
688,GPK,GPK,True,True,0.9973009446693657,741,0.9973009446693657,0.9811066126855601,0.9973009446693657,2014-11-03,2023-12-29,False
689,GPM,,False,False,,0,,,,,,
690,GPN,GPN,True,False,0.9311740890688259,741,0.9325236167341431,0.9190283400809717,0.9325236167341431,2014-11-03,2023-12-29,False
691,GPS,,False,False,,0,,,,,,
692,GPX,,False,False,,0,,,,,,
693,GRA,,False,False,,0,,,,,,
694,GRC,GRC,True,True,0.9973009446693657,741,0.9973009446693657,0.9811066126855601,0.9973009446693657,2014-11-03,2023-12-29,False
695,GRR,,False,False,,0,,,,,,
696,GRX,GRX,True,False,0.9176788124156545,741,0.9176788124156545,0.9041835357624831,0.9176788124156545,2014-11-03,2023-12-29,False
697,GS,GS,True,True,0.9973009446693657,741,0.9973009446693657,0.9811066126855601,0.9973009446693657,2014-11-03,2023-12-29,False
698,GS-A,GS-PA,True,True,0.9973009446693657,741,0.9973009446693657,0.9811066126855601,0.9973009446693657,2014-11-03,2023-12-29,False
699,GS-B,,False,False,,0,,,,,,
700,GS-C,GS-PC,True,True,0.9973009446693657,741,0.9973009446693657,0.9811066126855601,0.9973009446693657,2014-11-03,2023-12-29,False
701,GS-D,GS-PD,True,True,0.9973009446693657,741,0.9973009446693657,0.9811066126855601,0.9973009446693657,2014-11-03,2023-12-29,False
702,GSH,,False,False,,0,,,,,,
703,GSK,GSK,True,True,0.9973009446693657,741,0.9973009446693657,0.9811066126855601,0.9973009446693657,2014-11-03,2023-12-29,False
704,GTS,,False,False,,0,,,,,,
705,GTY,GTY,True,True,0.9973009446693657,741,0.9973009446693657,0.9811066126855601,0.9973009446693657,2014-11-03,2023-12-29,False
706,GUT,GUT,True,False,0.8070175438596491,741,0.8070175438596491,0.7678812415654521,0.8070175438596491,2014-11-03,2023-12-29,False
707,GVA,GVA,True,True,0.9973009446693657,741,0.9973009446693657,0.9824561403508771,0.9973009446693657,2014-11-03,2023-12-29,False
708,GWR,,False,False,,0,,,,,,
709,GWRE,GWRE,True,True,0.9973009446693657,741,0.9973009446693657,0.9973009446693657,0.9973009446693657,2014-11-03,2023-12-29,False
710,GWW,GWW,True,True,0.9973009446693657,741,0.9973009446693657,0.9811066126855601,0.9973009446693657,2014-11-03,2023-12-29,False
711,GXP,,False,False,,0,,,,,,
712,GYB,,False,False,,0,,,,,,
713,GYC,,False,False,,0,,,,,,
714,GZT,,False,False,,0,,,,,,
715,H,H,True,True,0.9973009446693657,741,0.9973009446693657,0.9973009446693657,0.9973009446693657,2014-11-03,2023-12-29,False
716,HAE,HAE,True,True,0.9973009446693657,741,0.9973009446693657,0.9973009446693657,0.9973009446693657,2014-11-03,2023-12-29,False
717,HAL,HAL,True,True,0.9973009446693657,741,0.9973009446693657,0.9811066126855601,0.9973009446693657,2014-11-03,2023-12-29,False
718,HBI,,False,False,,0,,,,,,
719,HCA,HCA,True,True,0.9973009446693657,741,0.9973009446693657,0.9973009446693657,0.9973009446693657,2014-11-03,2023-12-29,False
720,HCI,HCI,True,True,0.9973009446693657,741,0.9973009446693657,0.9811066126855601,0.9973009446693657,2014-11-03,2023-12-29,False
721,HCN,,False,False,,0,,,,,,
722,HCN-I,,False,False,,0,,,,,,
723,HCP,,False,False,,0,,,,,,
724,HD,HD,True,True,0.9973009446693657,741,0.9973009446693657,0.9811066126855601,0.9973009446693657,2014-11-03,2023-12-29,False
725,HDB,HDB,True,True,0.9973009446693657,741,0.9973009446693657,0.9932523616734144,0.9973009446693657,2014-11-03,2023-12-29,False
726,HE,HE,True,True,0.9973009446693657,741,0.9973009446693657,0.9811066126855601,0.9973009446693657,2014-11-03,2023-12-29,False
727,HEI,HEI,True,False,0.873144399460189,741,0.8744939271255061,0.8663967611336032,0.873144399460189,2014-11-03,2023-12-29,False
728,HEI.A,HEI-A,True,False,0.7638326585695007,741,0.7651821862348178,0.757085020242915,0.7638326585695007,2014-11-03,2023-12-29,False
729,HEP,,False,False,,0,,,,,,
730,HEQ,HEQ,True,False,0.941970310391363,741,0.941970310391363,0.9257759784075573,0.941970310391363,2014-11-03,2023-12-29,False
731,HES,,False,False,,0,,,,,,
732,HF,HF,True,False,0.0,0,0.0,0.0,0.0,2023-08-03,2023-12-29,False
733,HFC,,False,False,,0,,,,,,
734,HHC,,False,False,,0,,,,,,
735,HI,,False,False,,0,,,,,,
736,HIG,HIG,True,True,0.9973009446693657,741,0.9973009446693657,0.9811066126855601,0.9973009446693657,2014-11-03,2023-12-29,False
737,HII,HII,True,True,0.9973009446693657,741,0.9973009446693657,0.9811066126855601,0.9973009446693657,2014-11-03,2023-12-29,False
738,HIW,HIW,True,True,0.9973009446693657,741,0.9973009446693657,0.979757085020243,0.9973009446693657,2014-11-03,2023-12-29,False
739,HIX,HIX,True,True,0.9865047233468286,741,0.9865047233468286,0.9392712550607287,0.9865047233468286,2014-11-03,2023-12-29,False
740,HJV,,False,False,,0,,,,,,
741,HLF,HLF,True,True,0.9973009446693657,741,0.9973009446693657,0.9973009446693657,0.9973009446693657,2014-11-03,2023-12-29,False
742,HLS,,False,False,,0,,,,,,
743,HMC,HMC,True,True,0.9973009446693657,741,0.9973009446693657,0.9878542510121457,0.9973009446693657,2014-11-03,2023-12-29,False
744,HMN,HMN,True,True,0.9973009446693657,741,0.9973009446693657,0.9824561403508771,0.9973009446693657,2014-11-03,2023-12-29,False
745,HNI,HNI,True,True,0.9973009446693657,741,0.9973009446693657,0.9811066126855601,0.9973009446693657,2014-11-03,2023-12-29,False
746,HNP,,False,False,,0,,,,,,
747,HOG,HOG,True,True,0.9973009446693657,741,0.9973009446693657,0.9824561403508771,0.9973009446693657,2014-11-03,2023-12-29,False
748,HON,HON,True,True,0.9973009446693657,741,0.9959514170040485,0.979757085020243,0.9973009446693657,2014-11-03,2023-12-29,False
749,HP,HP,True,True,0.9973009446693657,741,0.9973009446693657,0.9811066126855601,0.9973009446693657,2014-11-03,2023-12-29,False
750,HPF,HPF,True,False,0.9365721997300944,741,0.9365721997300944,0.893387314439946,0.9365721997300944,2014-11-03,2023-12-29,False
751,HPI,HPI,True,True,0.9554655870445344,741,0.9554655870445344,0.9122807017543859,0.9554655870445344,2014-11-03,2023-12-29,False
752,HPP,HPP,True,True,0.9973009446693657,741,0.9973009446693657,0.9824561403508771,0.9973009446693657,2014-11-03,2023-12-29,False
753,HPS,HPS,True,True,0.951417004048583,741,0.951417004048583,0.9095816464237517,0.951417004048583,2014-11-03,2023-12-29,False
754,HQH,HQH,True,True,0.9932523616734144,741,0.9932523616734144,0.9757085020242915,0.9932523616734144,2014-11-03,2023-12-29,False
755,HQL,HQL,True,True,0.9811066126855601,741,0.9811066126855601,0.9649122807017544,0.9811066126855601,2014-11-03,2023-12-29,False
756,HR,HR,True,True,0.9973009446693657,741,0.9973009446693657,0.9811066126855601,0.9973009446693657,2014-11-03,2023-12-29,False
757,HRB,HRB,True,True,0.9973009446693657,741,0.9973009446693657,0.9811066126855601,0.9973009446693657,2014-11-03,2023-12-29,False
758,HRC,,False,False,,0,,,,,,
759,HRG,,False,False,,0,,,,,,
760,HRL,HRL,True,False,0.7786774628879892,741,0.7800269905533064,0.7678812415654521,0.7800269905533064,2014-11-03,2023-12-29,False
761,HRS,,False,False,,0,,,,,,
762,HSBC,HSBC,True,True,0.9973009446693657,741,0.9973009446693657,0.9824561403508771,0.9973009446693657,2014-11-03,2023-12-29,False
763,HSEA,,False,False,,0,,,,,,
764,HSEB,,False,False,,0,,,,,,
765,HST,HST,True,True,0.9973009446693657,741,0.9973009446693657,0.9824561403508771,0.9973009446693657,2014-11-03,2023-12-29,False
766,HSY,HSY,True,True,0.9973009446693657,741,0.9973009446693657,0.9811066126855601,0.9973009446693657,2014-11-03,2023-12-29,False
767,HT,,False,False,,0,,,,,,
768,HTD,HTD,True,True,0.9676113360323887,741,0.9676113360323887,0.921727395411606,0.9676113360323887,2014-11-03,2023-12-29,False
769,HTGC,HTGC,True,True,0.9973009446693657,741,0.9973009446693657,0.9811066126855601,0.9973009446693657,2014-11-03,2023-12-29,False
770,HTH,HTH,True,True,0.9973009446693657,741,0.9973009446693657,0.99055330634278,0.9973009446693657,2014-11-03,2023-12-29,False
771,HTY,,False,False,,0,,,,,,
772,HUBB,HUBB,True,True,0.9973009446693657,741,0.9973009446693657,0.9811066126855601,0.9973009446693657,2014-11-03,2023-12-29,False
773,HUM,HUM,True,True,0.9973009446693657,741,0.9973009446693657,0.9824561403508771,0.9973009446693657,2014-11-03,2023-12-29,False
774,HUN,HUN,True,True,0.9973009446693657,741,0.9973009446693657,0.9824561403508771,0.9973009446693657,2014-11-03,2023-12-29,False
775,HVT,HVT,True,True,0.9973009446693657,741,0.9973009446693657,0.9811066126855601,0.9973009446693657,2014-11-03,2023-12-29,False
776,HVT.A,HVT-A,True,False,0.9247606019151847,731,0.9247606019151847,0.9097127222982216,0.9247606019151847,2014-11-03,2023-12-29,False
777,HXL,HXL,True,True,0.9973009446693657,741,0.9973009446693657,0.9811066126855601,0.9973009446693657,2014-11-03,2023-12-29,False
778,HY,HY,True,True,0.9973009446693657,741,0.9973009446693657,0.9811066126855601,0.9973009446693657,2014-11-03,2023-12-29,False
779,HYB,,False,False,,0,,,,,,
780,HYI,HYI,True,True,0.9595141700404858,741,0.9595141700404858,0.9136302294197031,0.9595141700404858,2014-11-03,2023-12-29,False
781,HYT,HYT,True,True,0.9946018893387314,741,0.9946018893387314,0.9487179487179487,0.9946018893387314,2014-11-03,2023-12-29,False
782,HZO,HZO,True,True,0.9973009446693657,741,0.9973009446693657,0.9973009446693657,0.9973009446693657,2014-11-03,2023-12-29,False
783,IAE,IAE,True,False,0.9406207827260459,741,0.9406207827260459,0.9257759784075573,0.9406207827260459,2014-11-03,2023-12-29,False
784,IBA,,False,False,,0,,,,,,
785,IBM,IBM,True,True,0.9973009446693657,741,0.9973009446693657,0.9811066126855601,0.9973009446693657,2014-11-03,2023-12-29,False
786,IBN,IBN,True,True,0.9973009446693657,741,0.9959514170040485,0.9932523616734144,0.9973009446693657,2014-11-03,2023-12-29,False
787,ICB,,False,False,,0,,,,,,
788,IDA,IDA,True,True,0.9973009446693657,741,0.9973009446693657,0.9811066126855601,0.9973009446693657,2014-11-03,2023-12-29,False
789,IDE,IDE,True,True,0.9635627530364372,741,0.9635627530364372,0.9487179487179487,0.9635627530364372,2014-11-03,2023-12-29,False
790,IDT,IDT,True,True,0.9959514170040485,741,0.9959514170040485,0.979757085020243,0.9959514170040485,2014-11-03,2023-12-29,False
791,IEX,IEX,True,True,0.9973009446693657,741,0.9973009446693657,0.9811066126855601,0.9973009446693657,2014-11-03,2023-12-29,False
792,IFF,IFF,True,True,0.9973009446693657,741,0.9973009446693657,0.9824561403508771,0.9973009446693657,2014-11-03,2023-12-29,False
793,IFN,IFN,True,True,0.9973009446693657,741,0.9973009446693657,0.99055330634278,0.9973009446693657,2014-11-03,2023-12-29,False
794,IGA,IGA,True,False,0.9352226720647774,741,0.9352226720647774,0.9203778677462888,0.9352226720647774,2014-11-03,2023-12-29,False
795,IGD,IGD,True,True,0.9973009446693657,741,0.9973009446693657,0.9500674763832658,0.9973009446693657,2014-11-03,2023-12-29,False
796,IGI,IGI,True,False,0.9460188933873145,741,0.9460188933873145,0.902834008097166,0.9460188933873145,2014-11-03,2023-12-29,False
797,IGR,IGR,True,True,0.9919028340080972,741,0.9919028340080972,0.9446693657219973,0.9919028340080972,2014-11-03,2023-12-29,False
798,IHC,,False,False,,0,,,,,,
799,IHD,IHD,True,False,0.9487179487179487,741,0.9487179487179487,0.9338731443994602,0.9487179487179487,2014-11-03,2023-12-29,False
800,IHG,IHG,True,False,0.8326585695006747,741,0.8326585695006747,0.8286099865047234,0.8326585695006747,2014-11-03,2023-12-29,False
801,IID,,False,False,,0,,,,,,
802,IIF,IIF,True,False,0.9460188933873145,741,0.9460188933873145,0.941970310391363,0.9460188933873145,2014-11-03,2023-12-29,False
803,IMAX,IMAX,True,True,0.9973009446693657,741,0.9973009446693657,0.9973009446693657,0.9973009446693657,2014-11-03,2023-12-29,False
804,INB,,False,False,,0,,,,,,
805,INF,,False,False,,0,,,,,,
806,INFY,INFY,True,False,0.9136302294197031,741,0.9149797570850202,0.9082321187584346,0.9149797570850202,2014-11-03,2023-12-29,False
807,ING,ING,True,True,0.9973009446693657,741,0.9973009446693657,0.9892037786774629,0.9973009446693657,2014-11-03,2023-12-29,False
808,INGR,INGR,True,True,0.9973009446693657,741,0.9973009446693657,0.9824561403508771,0.9973009446693657,2014-11-03,2023-12-29,False
809,INN,INN,True,True,0.9973009446693657,741,0.9973009446693657,0.9892037786774629,0.9973009446693657,2014-11-03,2023-12-29,False
810,INSI,,False,False,,0,,,,,,
811,INT,,False,False,,0,,,,,,
812,INXN,,False,False,,0,,,,,,
813,IP,IP,True,True,0.9973009446693657,741,0.9973009446693657,0.9811066126855601,0.9973009446693657,2014-11-03,2023-12-29,False
814,IPG,,False,False,,0,,,,,,
815,IPHI,,False,False,,0,,,,,,
816,IR,IR,True,False,0.00684931506849315,146,0.00684931506849315,0.00684931506849315,0.00684931506849315,2017-05-12,2023-12-29,False
817,IRET,,False,False,,0,,,,,,
818,IRL,,False,False,,0,,,,,,
819,IRS,IRS,True,True,0.9946018893387314,741,0.9946018893387314,0.9932523616734144,0.9946018893387314,2014-11-03,2023-12-29,False
820,ISD,ISD,True,True,0.9892037786774629,741,0.9892037786774629,0.9446693657219973,0.9892037786774629,2014-11-03,2023-12-29,False
821,ISF,,False,False,,0,,,,,,
822,ISG,,False,False,,0,,,,,,
823,IT,IT,True,True,0.9973009446693657,741,0.9973009446693657,0.9973009446693657,0.9973009446693657,2014-11-03,2023-12-29,False
824,ITCB,,False,False,,0,,,,,,
825,ITG,,False,False,,0,,,,,,
826,ITUB,ITUB,True,True,0.9973009446693657,741,0.9959514170040485,0.9365721997300944,0.9973009446693657,2014-11-03,2023-12-29,False
827,ITW,ITW,True,True,0.9973009446693657,741,0.9973009446693657,0.9824561403508771,0.9973009446693657,2014-11-03,2023-12-29,False
828,IVC,,False,False,,0,,,,,,
829,IVR,IVR,True,True,0.9973009446693657,741,0.9973009446693657,0.9824561403508771,0.9973009446693657,2014-11-03,2023-12-29,False
830,IVR-A,,False,False,,0,,,,,,
831,IVZ,IVZ,True,True,0.9973009446693657,741,0.9973009446693657,0.9811066126855601,0.9973009446693657,2014-11-03,2023-12-29,False
832,IX,IX,True,True,0.9973009446693657,741,0.9973009446693657,0.9973009446693657,0.9973009446693657,2014-11-03,2023-12-29,False
833,JBL,JBL,True,True,0.9973009446693657,741,0.9973009446693657,0.9811066126855601,0.9973009446693657,2014-11-03,2023-12-29,False
834,JBN,,False,False,,0,,,,,,
835,JBR,,False,False,,0,,,,,,
836,JBT,,False,False,,0,,,,,,
837,JCE,JCE,True,True,0.9595141700404858,741,0.9595141700404858,0.9446693657219973,0.9595141700404858,2014-11-03,2023-12-29,False
838,JDD,,False,False,,0,,,,,,
839,JEQ,,False,False,,0,,,,,,
840,JFR,JFR,True,True,0.9676113360323887,741,0.9676113360323887,0.9230769230769231,0.9676113360323887,2014-11-03,2023-12-29,False
841,JHI,JHI,True,False,0.9041835357624831,741,0.9041835357624831,0.8906882591093117,0.9041835357624831,2014-11-03,2023-12-29,False
842,JHS,JHS,True,False,0.8893387314439946,741,0.8893387314439946,0.8744939271255061,0.8893387314439946,2014-11-03,2023-12-29,False
843,JHX,JHX,True,False,0.8110661268556005,741,0.8124156545209177,0.8083670715249662,0.8124156545209177,2014-11-03,2023-12-29,False
844,JLL,JLL,True,True,0.9973009446693657,741,0.9973009446693657,0.9892037786774629,0.9973009446693657,2014-11-03,2023-12-29,False
845,JLS,JLS,True,False,0.9460188933873145,741,0.9460188933873145,0.902834008097166,0.9460188933873145,2014-11-03,2023-12-29,False
846,JMF,,False,False,,0,,,,,,
847,JMM,JMM,True,False,0.7557354925775979,741,0.7557354925775979,0.7125506072874493,0.7557354925775979,2014-11-03,2023-12-29,False
848,JMT,,False,False,,0,,,,,,
849,JNJ,JNJ,True,True,0.9973009446693657,741,0.9973009446693657,0.9811066126855601,0.9973009446693657,2014-11-03,2023-12-29,False
850,JNPR,,False,False,,0,,,,,,
851,JOE,JOE,True,True,1.0,741,1.0,1.0,1.0,2014-11-03,2023-12-29,False
852,JOF,JOF,True,False,0.8299595141700404,741,0.8299595141700404,0.8272604588394062,0.8299595141700404,2014-11-03,2023-12-29,False
853,JPC,JPC,True,True,0.9757085020242915,741,0.9757085020242915,0.9298245614035088,0.9757085020242915,2014-11-03,2023-12-29,False
854,JPI,,False,False,,0,,,,,,
855,JPM,JPM,True,True,0.9973009446693657,741,0.9973009446693657,0.9811066126855601,0.9973009446693657,2014-11-03,2023-12-29,False
856,JPS,,False,False,,0,,,,,,
857,JQC,JQC,True,True,0.9919028340080972,741,0.9919028340080972,0.9460188933873145,0.9919028340080972,2014-11-03,2023-12-29,False
858,JRI,JRI,True,True,0.9622132253711201,741,0.9622132253711201,0.9163292847503374,0.9622132253711201,2014-11-03,2023-12-29,False
859,JRO,,False,False,,0,,,,,,
860,JRS,JRS,True,False,0.9352226720647774,741,0.9352226720647774,0.9203778677462888,0.9352226720647774,2014-11-03,2023-12-29,False
861,JSD,,False,False,,0,,,,,,
862,JTA,,False,False,,0,,,,,,
863,JTD,,False,False,,0,,,,,,
864,JW.A,,False,False,,0,,,,,,
865,JW.B,,False,False,,0,,,,,,
866,JWN,,False,False,,0,,,,,,
867,K,,False,False,,0,,,,,,
868,KAI,KAI,True,True,0.9973009446693657,741,0.9973009446693657,0.9824561403508771,0.9973009446693657,2014-11-03,2023-12-29,False
869,KAMN,,False,False,,0,,,,,,
870,KAR,,False,False,,0,,,,,,
871,KB,KB,True,True,0.9973009446693657,741,0.9973009446693657,0.9973009446693657,0.9973009446693657,2014-11-03,2023-12-29,False
872,KBH,KBH,True,True,0.9973009446693657,741,0.9973009446693657,0.9811066126855601,0.9973009446693657,2014-11-03,2023-12-29,False
873,KBR,KBR,True,True,1.0,741,1.0,0.9851551956815114,1.0,2014-11-03,2023-12-29,False
874,KED,,False,False,,0,,,,,,
875,KEP,KEP,True,True,0.9973009446693657,741,0.9973009446693657,0.9973009446693657,0.9973009446693657,2014-11-03,2023-12-29,False
876,KEX,KEX,True,True,0.9973009446693657,741,0.9973009446693657,0.9973009446693657,0.9973009446693657,2014-11-03,2023-12-29,False
877,KEY,KEY,True,True,0.9973009446693657,741,0.9973009446693657,0.9811066126855601,0.9973009446693657,2014-11-03,2023-12-29,False
878,KF,KF,True,False,0.9298245614035088,741,0.9298245614035088,0.9271255060728745,0.9298245614035088,2014-11-03,2023-12-29,False
879,KFY,KFY,True,True,0.9973009446693657,741,0.9973009446693657,0.9824561403508771,0.9973009446693657,2014-11-03,2023-12-29,False
880,KIM,KIM,True,True,0.9973009446693657,741,0.9973009446693657,0.9824561403508771,0.9973009446693657,2014-11-03,2023-12-29,False
881,KIM-I,,False,False,,0,,,,,,
882,KIM-J,,False,False,,0,,,,,,
883,KIM-K,,False,False,,0,,,,,,
884,KKR,KKR,True,True,0.9946018893387314,741,0.9946018893387314,0.9784075573549258,0.9946018893387314,2014-11-03,2023-12-29,False
885,KMB,KMB,True,True,1.0,741,1.0,0.9838056680161943,1.0,2014-11-03,2023-12-29,False
886,KMF,,False,False,,0,,,,,,
887,KMG,,False,False,,0,,,,,,
888,KMI,KMI,True,True,0.9973009446693657,741,0.9973009446693657,0.9811066126855601,0.9973009446693657,2014-11-03,2023-12-29,False
889,KMM,,False,False,,0,,,,,,
890,KMPR,KMPR,True,True,0.9973009446693657,741,0.9973009446693657,0.9811066126855601,0.9973009446693657,2014-11-03,2023-12-29,False
891,KMT,KMT,True,True,0.9973009446693657,741,0.9973009446693657,0.9811066126855601,0.9973009446693657,2014-11-03,2023-12-29,False
892,KMX,KMX,True,True,0.9973009446693657,741,0.9973009446693657,0.9973009446693657,0.9973009446693657,2014-11-03,2023-12-29,False
893,KND,,False,False,,0,,,,,,
894,KNL,,False,False,,0,,,,,,
895,KO,KO,True,True,0.9973009446693657,741,0.9973009446693657,0.9811066126855601,0.9973009446693657,2014-11-03,2023-12-29,False
896,KOF,KOF,True,True,0.9973009446693657,741,0.9973009446693657,0.9892037786774629,0.9973009446693657,2014-11-03,2023-12-29,False
897,KOP,KOP,True,True,0.9973009446693657,741,0.9973009446693657,0.9973009446693657,0.9973009446693657,2014-11-03,2023-12-29,False
898,KORS,,False,False,,0,,,,,,
899,KR,KR,True,False,0.8906882591093117,741,0.8920377867746289,0.8771929824561403,0.8920377867746289,2014-11-03,2023-12-29,False
900,KRA,,False,False,,0,,,,,,
901,KRC,KRC,True,True,0.9973009446693657,741,0.9973009446693657,0.9824561403508771,0.9973009446693657,2014-11-03,2023-12-29,False
902,KS,,False,False,,0,,,,,,
903,KSM,,False,False,,0,,,,,,
904,KSS,KSS,True,True,0.9973009446693657,741,0.9973009446693657,0.9811066126855601,0.9973009446693657,2014-11-03,2023-12-29,False
905,KST,,False,False,,0,,,,,,
906,KSU,,False,False,,0,,,,,,
907,KT,KT,True,True,0.9973009446693657,741,0.9973009446693657,0.9973009446693657,0.9973009446693657,2014-11-03,2023-12-29,False
908,KTF,KTF,True,True,0.9622132253711201,741,0.9622132253711201,0.9163292847503374,0.9622132253711201,2014-11-03,2023-12-29,False
909,KTP,,False,False,,0,,,,,,
910,KW,,False,False,,0,,,,,,
911,KWR,KWR,True,True,0.9973009446693657,741,0.9973009446693657,0.9811066126855601,0.9973009446693657,2014-11-03,2023-12-29,False
912,KYE,,False,False,,0,,,,,,
913,KYN,KYN,True,True,1.0,741,1.0,0.9838056680161943,1.0,2014-11-03,2023-12-29,False
914,KYO,,False,False,,0,,,,,,
915,L,L,True,True,0.9973009446693657,741,0.9973009446693657,0.9811066126855601,0.9973009446693657,2014-11-03,2023-12-29,False
916,LAD,LAD,True,True,0.9973009446693657,741,0.9973009446693657,0.9811066126855601,0.9973009446693657,2014-11-03,2023-12-29,False
917,LAZ,LAZ,True,True,0.9973009446693657,741,0.9973009446693657,0.9811066126855601,0.9973009446693657,2014-11-03,2023-12-29,False
918,LB,,False,False,,0,,,,,,
919,LCI,,False,False,,0,,,,,,
920,LCII,LCII,True,True,0.9973009446693657,741,0.9973009446693657,0.9851551956815114,0.9973009446693657,2014-11-03,2023-12-29,False
921,LCM,,False,False,,0,,,,,,
922,LDF,,False,False,,0,,,,,,
923,LDL,,False,False,,0,,,,,,
924,LDP,LDP,True,True,0.9865047233468286,741,0.9865047233468286,0.9379217273954116,0.9865047233468286,2014-11-03,2023-12-29,False
925,LEA,LEA,True,True,0.9973009446693657,741,0.9973009446693657,0.9811066126855601,0.9973009446693657,2014-11-03,2023-12-29,False
926,LEG,,False,False,,0,,,,,,
927,LEN,LEN,True,True,0.9973009446693657,741,0.9959514170040485,0.979757085020243,0.9973009446693657,2014-11-03,2023-12-29,False
928,LEN.B,LEN-B,True,True,0.9919028340080972,741,0.99055330634278,0.9743589743589743,0.9919028340080972,2014-11-03,2023-12-29,False
929,LEO,LEO,True,True,0.951417004048583,741,0.951417004048583,0.9055330634278003,0.951417004048583,2014-11-03,2023-12-29,False
930,LFC,,False,False,,0,,,,,,
931,LGI,LGI,True,False,0.9244264507422402,741,0.9244264507422402,0.8785425101214575,0.9244264507422402,2014-11-03,2023-12-29,False
932,LH,LH,True,True,0.9973009446693657,741,0.9973009446693657,0.9973009446693657,0.9973009446693657,2014-11-03,2023-12-29,False
933,LHO,,False,False,,0,,,,,,
934,LII,LII,True,True,0.9973009446693657,741,0.9973009446693657,0.9824561403508771,0.9973009446693657,2014-11-03,2023-12-29,False
935,LL,,False,False,,0,,,,,,
936,LLL,,False,False,,0,,,,,,
937,LLY,LLY,True,True,0.9973009446693657,741,0.9973009446693657,0.9811066126855601,0.9973009446693657,2014-11-03,2023-12-29,False
938,LM,,False,False,,0,,,,,,
939,LMT,LMT,True,True,0.9973009446693657,741,0.9973009446693657,0.9811066126855601,0.9973009446693657,2014-11-03,2023-12-29,False
940,LNC,LNC,True,True,0.9973009446693657,741,0.9973009446693657,0.9811066126855601,0.9973009446693657,2014-11-03,2023-12-29,False
941,LNN,LNN,True,True,0.9973009446693657,741,0.9973009446693657,0.9811066126855601,0.9973009446693657,2014-11-03,2023-12-29,False
942,LNT,LNT,True,False,0.7314439946018894,741,0.7327935222672065,0.7192982456140351,0.7327935222672065,2014-11-03,2023-12-29,False
943,LOR,,False,False,,0,,,,,,
944,LOW,LOW,True,True,0.9973009446693657,741,0.9973009446693657,0.9811066126855601,0.9973009446693657,2014-11-03,2023-12-29,False
945,LPL,LPL,True,True,0.9973009446693657,741,0.9973009446693657,0.9973009446693657,0.9973009446693657,2014-11-03,2023-12-29,False
946,LPT,,False,False,,0,,,,,,
947,LPX,LPX,True,True,0.9973009446693657,741,0.9973009446693657,0.9973009446693657,0.9973009446693657,2014-11-03,2023-12-29,False
948,LRN,LRN,True,True,0.9973009446693657,741,0.9973009446693657,0.9973009446693657,0.9973009446693657,2014-11-03,2023-12-29,False
949,LSI,,False,False,,0,,,,,,
950,LTC,LTC,True,True,0.9973009446693657,741,0.9973009446693657,0.9500674763832658,0.9973009446693657,2014-11-03,2023-12-29,False
951,LUK,,False,False,,0,,,,,,
952,LUV,LUV,True,True,0.9973009446693657,741,0.9973009446693657,0.9811066126855601,0.9973009446693657,2014-11-03,2023-12-29,False
953,LVS,LVS,True,True,0.9973009446693657,741,0.9973009446693657,0.9824561403508771,0.9973009446693657,2014-11-03,2023-12-29,False
954,LXFR,LXFR,True,True,0.9946018893387314,741,0.9946018893387314,0.9770580296896086,0.9946018893387314,2014-11-03,2023-12-29,False
955,LXP,LXP,True,True,0.9973009446693657,741,0.9973009446693657,0.9824561403508771,0.9973009446693657,2014-11-03,2023-12-29,False
956,LXP-C,LXP-PC,True,True,0.9941176470588236,680,0.9941176470588236,0.9764705882352941,0.9941176470588236,2014-11-03,2023-12-29,False
957,LYB,LYB,True,True,0.9973009446693657,741,0.9973009446693657,0.9824561403508771,0.9973009446693657,2014-11-03,2023-12-29,False
958,LYV,LYV,True,True,0.9973009446693657,741,0.9973009446693657,0.9973009446693657,0.9973009446693657,2014-11-03,2023-12-29,False
959,LZB,LZB,True,True,0.9973009446693657,741,0.9973009446693657,0.9811066126855601,0.9973009446693657,2014-11-03,2023-12-29,False
960,M,M,True,True,0.9973009446693657,741,0.9973009446693657,0.9824561403508771,0.9973009446693657,2014-11-03,2023-12-29,False
961,MA,MA,True,True,0.9973009446693657,741,0.9973009446693657,0.9811066126855601,0.9973009446693657,2014-11-03,2023-12-29,False
962,MAA,MAA,True,True,0.9973009446693657,741,0.9973009446693657,0.9824561403508771,0.9973009446693657,2014-11-03,2023-12-29,False
963,MAC,MAC,True,True,0.9973009446693657,741,0.9973009446693657,0.9811066126855601,0.9973009446693657,2014-11-03,2023-12-29,False
964,MAIN,MAIN,True,True,0.9973009446693657,741,0.9973009446693657,0.9433198380566802,0.9973009446693657,2014-11-03,2023-12-29,False
965,MAN,MAN,True,True,0.9973009446693657,741,0.9973009446693657,0.9892037786774629,0.9973009446693657,2014-11-03,2023-12-29,False
966,MANU,MANU,True,True,0.9919028340080972,741,0.9919028340080972,0.9824561403508771,0.9919028340080972,2014-11-03,2023-12-29,False
967,MAS,MAS,True,True,0.9973009446693657,741,0.9959514170040485,0.9811066126855601,0.9973009446693657,2014-11-03,2023-12-29,False
968,MATX,MATX,True,True,0.9973009446693657,741,0.9973009446693657,0.9811066126855601,0.9973009446693657,2014-11-03,2023-12-29,False
969,MAV,,False,False,,0,,,,,,
970,MBI,MBI,True,True,0.9973009446693657,741,0.9973009446693657,0.9973009446693657,0.9973009446693657,2014-11-03,2023-12-29,False
971,MBT,,False,False,,0,,,,,,
972,MCA,,False,False,,0,,,,,,
973,MCC,,False,False,,0,,,,,,
974,MCD,MCD,True,True,0.9973009446693657,741,0.9973009446693657,0.9811066126855601,0.9973009446693657,2014-11-03,2023-12-29,False
975,MCI,MCI,True,False,0.8137651821862348,741,0.8137651821862348,0.8029689608636977,0.8137651821862348,2014-11-03,2023-12-29,False
976,MCK,MCK,True,True,0.9973009446693657,741,0.9973009446693657,0.9811066126855601,0.9973009446693657,2014-11-03,2023-12-29,False
977,MCN,MCN,True,False,0.9322493224932249,738,0.9322493224932249,0.9173441734417345,0.9322493224932249,2014-11-03,2023-12-29,False
978,MCO,MCO,True,True,0.9973009446693657,741,0.9973009446693657,0.9811066126855601,0.9973009446693657,2014-11-03,2023-12-29,False
979,MCR,,False,False,,0,,,,,,
980,MCS,MCS,True,True,1.0,741,1.0,0.9838056680161943,1.0,2014-11-03,2023-12-29,False
981,MCY,MCY,True,True,0.9973009446693657,741,0.9973009446693657,0.9824561403508771,0.9973009446693657,2014-11-03,2023-12-29,False
982,MD,MD,True,True,0.9973009446693657,741,0.9973009446693657,0.9973009446693657,0.9973009446693657,2014-11-03,2023-12-29,False
983,MDC,,False,False,,0,,,,,,
984,MDP,,False,False,,0,,,,,,
985,MDU,MDU,True,True,0.9973009446693657,741,0.9973009446693657,0.9824561403508771,0.9973009446693657,2014-11-03,2023-12-29,False
986,MED,MED,True,True,0.9973009446693657,741,0.9973009446693657,0.9865047233468286,0.9973009446693657,2014-11-03,2023-12-29,False
987,MEI,MEI,True,True,0.9973009446693657,741,0.9973009446693657,0.9824561403508771,0.9973009446693657,2014-11-03,2023-12-29,False
988,MEN,,False,False,,0,,,,,,
989,MER-K,,False,False,,0,,,,,,
990,MER-P,,False,False,,0,,,,,,
991,MET,MET,True,True,0.9973009446693657,741,0.9959514170040485,0.979757085020243,0.9973009446693657,2014-11-03,2023-12-29,False
992,MET-A,MET-PA,True,True,0.9973009446693657,741,0.9973009446693657,0.9811066126855601,0.9973009446693657,2014-11-03,2023-12-29,False
993,MFA,MFA,True,True,0.9973009446693657,741,0.9973009446693657,0.9824561403508771,0.9973009446693657,2014-11-03,2023-12-29,False
994,MFC,MFC,True,True,0.9973009446693657,741,0.9973009446693657,0.9811066126855601,0.9973009446693657,2014-11-03,2023-12-29,False
995,MFD,,False,False,,0,,,,,,
996,MFL,,False,False,,0,,,,,,
997,MFM,MFM,True,True,0.9757085020242915,741,0.9757085020242915,0.9284750337381916,0.9757085020242915,2014-11-03,2023-12-29,False
998,MFT,,False,False,,0,,,,,,
999,MG,MG,True,True,0.9973009446693657,741,0.9973009446693657,0.9973009446693657,0.9973009446693657,2014-11-03,2023-12-29,False
1000,MGA,MGA,True,True,0.9851551956815114,741,0.9865047233468286,0.970310391363023,0.9865047233468286,2014-11-03,2023-12-29,False
1001,MGM,MGM,True,True,0.9973009446693657,741,0.9973009446693657,0.9919028340080972,0.9973009446693657,2014-11-03,2023-12-29,False
1002,MGU,,False,False,,0,,,,,,
1003,MH-A,,False,False,,0,,,,,,
1004,MHD,MHD,True,False,0.9257759784075573,741,0.9257759784075573,0.8825910931174089,0.9257759784075573,2014-11-03,2023-12-29,False
1005,MHF,MHF,True,False,0.8798920377867746,741,0.8798920377867746,0.8380566801619433,0.8798920377867746,2014-11-03,2023-12-29,False
1006,MHI,,False,False,,0,,,,,,
1007,MHK,MHK,True,True,0.9973009446693657,741,0.9973009446693657,0.9973009446693657,0.9973009446693657,2014-11-03,2023-12-29,False
1008,MHN,,False,False,,0,,,,,,
1009,MHO,MHO,True,True,0.9973009446693657,741,0.9973009446693657,0.9973009446693657,0.9973009446693657,2014-11-03,2023-12-29,False
1010,MIC,,False,False,,0,,,,,,
1011,MITT,MITT,True,True,0.9973009446693657,741,0.9973009446693657,0.9824561403508771,0.9973009446693657,2014-11-03,2023-12-29,False
1012,MIY,MIY,True,True,0.9634146341463414,738,0.9634146341463414,0.9159891598915989,0.9634146341463414,2014-11-03,2023-12-29,False
1013,MKC,MKC,True,True,0.9973009446693657,741,0.9973009446693657,0.9824561403508771,0.9973009446693657,2014-11-03,2023-12-29,False
1014,MKC.V,MKC-V,True,True,0.9932523616734144,741,0.9932523616734144,0.9784075573549258,0.9932523616734144,2014-11-03,2023-12-29,False
1015,MKL,MKL,True,True,0.9973009446693657,741,0.9973009446693657,0.9973009446693657,0.9973009446693657,2014-11-03,2023-12-29,False
1016,MLI,MLI,True,True,0.9973009446693657,741,0.9973009446693657,0.979757085020243,0.9973009446693657,2014-11-03,2023-12-29,False
1017,MLM,MLM,True,True,0.9973009446693657,741,0.9973009446693657,0.9811066126855601,0.9973009446693657,2014-11-03,2023-12-29,False
1018,MLR,MLR,True,True,0.9973009446693657,741,0.9973009446693657,0.9811066126855601,0.9973009446693657,2014-11-03,2023-12-29,False
1019,MMC,,False,False,,0,,,,,,
1020,MMD,MMD,True,True,0.9892037786774629,741,0.9892037786774629,0.941970310391363,0.9892037786774629,2014-11-03,2023-12-29,False
1021,MMM,MMM,True,True,0.9973009446693657,741,0.9973009446693657,0.9811066126855601,0.9973009446693657,2014-11-03,2023-12-29,False
1022,MMP,,False,False,,0,,,,,,
1023,MMS,MMS,True,True,0.9973009446693657,741,0.9973009446693657,0.9811066126855601,0.9973009446693657,2014-11-03,2023-12-29,False
1024,MMT,MMT,True,True,0.9919028340080972,741,0.9919028340080972,0.9446693657219973,0.9919028340080972,2014-11-03,2023-12-29,False
1025,MMU,MMU,True,True,0.9649122807017544,741,0.9649122807017544,0.921727395411606,0.9649122807017544,2014-11-03,2023-12-29,False
1026,MNE,,False,False,,0,,,,,,
1027,MNP,,False,False,,0,,,,,,
1028,MNR,MNR,True,False,0.0,0,0.0,0.0,0.0,2023-10-25,2023-12-29,False
1029,MO,MO,True,True,0.9973009446693657,741,0.9973009446693657,0.9824561403508771,0.9973009446693657,2014-11-03,2023-12-29,False
1030,MOD,MOD,True,True,0.9973009446693657,741,0.9973009446693657,0.9973009446693657,0.9973009446693657,2014-11-03,2023-12-29,False
1031,MOG.A,MOG-A,True,True,0.9973009446693657,741,0.9973009446693657,0.9973009446693657,0.9973009446693657,2014-11-03,2023-12-29,False
1032,MOG.B,MOG-B,True,True,0.9848484848484849,726,0.9848484848484849,0.9848484848484849,0.9848484848484849,2014-11-03,2023-12-29,False
1033,MOH,MOH,True,True,0.9973009446693657,741,0.9973009446693657,0.9973009446693657,0.9973009446693657,2014-11-03,2023-12-29,False
1034,MON,,False,False,,0,,,,,,
1035,MOS,MOS,True,True,1.0,741,1.0,0.9838056680161943,1.0,2014-11-03,2023-12-29,False
1036,MOV,MOV,True,True,0.9973009446693657,741,0.9973009446693657,0.9811066126855601,0.9973009446693657,2014-11-03,2023-12-29,False
1037,MP-D,,False,False,,0,,,,,,
1038,MPA,MPA,True,False,0.8987854251012146,741,0.8987854251012146,0.854251012145749,0.8987854251012146,2014-11-03,2023-12-29,False
1039,MPC,MPC,True,True,0.9527665317139001,741,0.9527665317139001,0.9392712550607287,0.9527665317139001,2014-11-03,2023-12-29,False
1040,MPLX,MPLX,True,True,0.9973009446693657,741,0.9973009446693657,0.9811066126855601,0.9973009446693657,2014-11-03,2023-12-29,False
1041,MPV,MPV,True,False,0.7881241565452092,741,0.7881241565452092,0.7759784075573549,0.7881241565452092,2014-11-03,2023-12-29,False
1042,MPW,,False,False,,0,,,,,,
1043,MPX,,False,False,,0,,,,,,
1044,MQT,,False,False,,0,,,,,,
1045,MQY,MQY,True,False,0.9014844804318488,741,0.9014844804318488,0.8582995951417004,0.9014844804318488,2014-11-03,2023-12-29,False
1046,MRC,,False,False,,0,,,,,,
1047,MRK,MRK,True,True,0.9973009446693657,741,0.9973009446693657,0.9824561403508771,0.9973009446693657,2014-11-03,2023-12-29,False
1048,MRO,,False,False,,0,,,,,,
1049,MS,MS,True,True,0.9946018893387314,741,0.9946018893387314,0.9784075573549258,0.9946018893387314,2014-11-03,2023-12-29,False
1050,MS-A,MS-PA,True,True,0.9973009446693657,741,0.9973009446693657,0.9824561403508771,0.9973009446693657,2014-11-03,2023-12-29,False
1051,MSCI,MSCI,True,True,0.9973009446693657,741,0.9973009446693657,0.9811066126855601,0.9973009446693657,2014-11-03,2023-12-29,False
1052,MSD,MSD,True,False,0.9446693657219973,741,0.9446693657219973,0.9298245614035088,0.9446693657219973,2014-11-03,2023-12-29,False
1053,MSF,,False,False,,0,,,,,,
1054,MSI,MSI,True,True,0.9973009446693657,741,0.9973009446693657,0.9824561403508771,0.9973009446693657,2014-11-03,2023-12-29,False
1055,MSL,,False,False,,0,,,,,,
1056,MSM,MSM,True,True,0.9973009446693657,741,0.9973009446693657,0.9811066126855601,0.9973009446693657,2014-11-03,2023-12-29,False
1057,MSP,,False,False,,0,,,,,,
1058,MTB,MTB,True,True,0.9973009446693657,741,0.9973009446693657,0.9811066126855601,0.9973009446693657,2014-11-03,2023-12-29,False
1059,MTD,MTD,True,True,0.9973009446693657,741,0.9973009446693657,0.9973009446693657,0.9973009446693657,2014-11-03,2023-12-29,False
1060,MTDR,MTDR,True,True,0.9973009446693657,741,0.9973009446693657,0.9973009446693657,0.9973009446693657,2014-11-03,2023-12-29,False
1061,MTH,MTH,True,True,0.9973009446693657,741,0.9973009446693657,0.9973009446693657,0.9973009446693657,2014-11-03,2023-12-29,False
1062,MTN,MTN,True,True,0.9973009446693657,741,0.9973009446693657,0.9824561403508771,0.9973009446693657,2014-11-03,2023-12-29,False
1063,MTR,MTR,True,False,0.7773279352226721,741,0.7773279352226721,0.7354925775978407,0.7773279352226721,2014-11-03,2023-12-29,False
1064,MTRN,MTRN,True,True,0.9973009446693657,741,0.9973009446693657,0.9811066126855601,0.9973009446693657,2014-11-03,2023-12-29,False
1065,MTT,,False,False,,0,,,,,,
1066,MTX,MTX,True,True,0.9973009446693657,741,0.9973009446693657,0.9811066126855601,0.9973009446693657,2014-11-03,2023-12-29,False
1067,MTZ,MTZ,True,True,0.9973009446693657,741,0.9973009446693657,0.9973009446693657,0.9973009446693657,2014-11-03,2023-12-29,False
1068,MUA,MUA,True,False,0.921727395411606,741,0.921727395411606,0.8785425101214575,0.921727395411606,2014-11-03,2023-12-29,False
1069,MUC,MUC,True,True,0.983739837398374,738,0.983739837398374,0.9376693766937669,0.983739837398374,2014-11-03,2023-12-29,False
1070,MUE,,False,False,,0,,,,,,
1071,MUH,,False,False,,0,,,,,,
1072,MUI,,False,False,,0,,,,,,
1073,MUJ,MUJ,True,True,0.9865047233468286,741,0.9865047233468286,0.941970310391363,0.9865047233468286,2014-11-03,2023-12-29,False
1074,MUR,MUR,True,True,0.9973009446693657,741,0.9973009446693657,0.9811066126855601,0.9973009446693657,2014-11-03,2023-12-29,False
1075,MUS,,False,False,,0,,,,,,
1076,MVC,,False,False,,0,,,,,,
1077,MVT,,False,False,,0,,,,,,
1078,MWA,MWA,True,True,0.9973009446693657,741,0.9973009446693657,0.9811066126855601,0.9973009446693657,2014-11-03,2023-12-29,False
1079,MXE,MXE,True,False,0.7746288798920378,741,0.7746288798920378,0.7732793522267206,0.7746288798920378,2014-11-03,2023-12-29,False
1080,MXF,MXF,True,False,0.9298245614035088,741,0.9298245614035088,0.9149797570850202,0.9298245614035088,2014-11-03,2023-12-29,False
1081,MXL,MXL,True,True,0.9973009446693657,741,0.9973009446693657,0.9973009446693657,0.9973009446693657,2014-11-03,2023-12-29,False
1082,MYC,,False,False,,0,,,,,,
1083,MYD,,False,False,,0,,,,,,
1084,MYE,MYE,True,True,0.9973009446693657,741,0.9973009446693657,0.9811066126855601,0.9973009446693657,2014-11-03,2023-12-29,False
1085,MYF,,False,False,,0,,,,,,
1086,MYI,MYI,True,True,0.9865047233468286,741,0.9865047233468286,0.9406207827260459,0.9865047233468286,2014-11-03,2023-12-29,False
1087,MYJ,,False,False,,0,,,,,,
1088,MYN,MYN,True,True,0.9649122807017544,741,0.9649122807017544,0.9176788124156545,0.9649122807017544,2014-11-03,2023-12-29,False
1089,MZF,,False,False,,0,,,,,,
1090,NAD,NAD,True,True,0.9784075573549258,741,0.9784075573549258,0.9311740890688259,0.9784075573549258,2014-11-03,2023-12-29,False
1091,NAN,NAN,True,False,0.8029689608636977,741,0.8029689608636977,0.766531713900135,0.8029689608636977,2014-11-03,2023-12-29,False
1092,NAV,,False,False,,0,,,,,,
1093,NAZ,NAZ,True,False,0.7759784075573549,741,0.7759784075573549,0.7395411605937922,0.7759784075573549,2014-11-03,2023-12-29,False
1094,NBB,NBB,True,False,0.9433198380566802,741,0.9433198380566802,0.9041835357624831,0.9433198380566802,2014-11-03,2023-12-29,False
1095,NBD,,False,False,,0,,,,,,
1096,NBHC,NBHC,True,True,0.9973009446693657,741,0.9973009446693657,0.9811066126855601,0.9973009446693657,2014-11-03,2023-12-29,False
1097,NBR,NBR,True,True,0.9973009446693657,741,0.9973009446693657,0.9851551956815114,0.9973009446693657,2014-11-03,2023-12-29,False
1098,NCA,NCA,True,False,0.9311740890688259,741,0.9311740890688259,0.8866396761133604,0.9311740890688259,2014-11-03,2023-12-29,False
1099,NCB,,False,False,,0,,,,,,
1100,NCI,,False,False,,0,,,,,,
1101,NCR,,False,False,,0,,,,,,
1102,NCS,,False,False,,0,,,,,,
1103,NDP,,False,False,,0,,,,,,
1104,NEA,NEA,True,True,0.9757085020242915,741,0.9757085020242915,0.9298245614035088,0.9757085020242915,2014-11-03,2023-12-29,False
1105,NEE,NEE,True,True,0.9973009446693657,741,0.9973009446693657,0.9811066126855601,0.9973009446693657,2014-11-03,2023-12-29,False
1106,NEM,NEM,True,True,0.9973009446693657,741,0.9973009446693657,0.9811066126855601,0.9973009446693657,2014-11-03,2023-12-29,False
1107,NEU,NEU,True,True,0.9973009446693657,741,0.9973009446693657,0.9824561403508771,0.9973009446693657,2014-11-03,2023-12-29,False
1108,NEV,,False,False,,0,,,,,,
1109,NFG,NFG,True,True,0.9973009446693657,741,0.9973009446693657,0.9824561403508771,0.9973009446693657,2014-11-03,2023-12-29,False
1110,NFJ,NFJ,True,True,0.9892037786774629,741,0.9892037786774629,0.9743589743589743,0.9892037786774629,2014-11-03,2023-12-29,False
1111,NFX,,False,False,,0,,,,,,
1112,NGG,NGG,True,True,0.9500674763832658,741,0.9500674763832658,0.941970310391363,0.9500674763832658,2014-11-03,2023-12-29,False
1113,NGL,NGL,True,True,0.9973009446693657,741,0.9973009446693657,0.9811066126855601,0.9973009446693657,2014-11-03,2023-12-29,False
1114,NGS,NGS,True,True,0.9973009446693657,741,0.9973009446693657,0.9973009446693657,0.9973009446693657,2014-11-03,2023-12-29,False
1115,NHF,,False,False,,0,,,,,,
1116,NHI,NHI,True,True,0.9973009446693657,741,0.9973009446693657,0.9824561403508771,0.9973009446693657,2014-11-03,2023-12-29,False
1117,NID,,False,False,,0,,,,,,
1118,NIE,NIE,True,True,0.9676113360323887,741,0.9676113360323887,0.9541160593792173,0.9676113360323887,2014-11-03,2023-12-29,False
1119,NIM,NIM,True,False,0.8299595141700404,741,0.8299595141700404,0.7921727395411606,0.8299595141700404,2014-11-03,2023-12-29,False
1120,NJR,NJR,True,True,0.9595141700404858,741,0.9595141700404858,0.9446693657219973,0.9595141700404858,2014-11-03,2023-12-29,False
1121,NJV,,False,False,,0,,,,,,
1122,NKE,NKE,True,False,0.9055330634278003,741,0.9068825910931174,0.8920377867746289,0.9068825910931174,2014-11-03,2023-12-29,False
1123,NKG,,False,False,,0,,,,,,
1124,NKX,NKX,True,False,0.9433198380566802,741,0.9433198380566802,0.8960863697705803,0.9433198380566802,2014-11-03,2023-12-29,False
1125,NLY,NLY,True,True,0.9973009446693657,741,0.9973009446693657,0.9811066126855601,0.9973009446693657,2014-11-03,2023-12-29,False
1126,NLY-C,,False,False,,0,,,,,,
1127,NLY-D,,False,False,,0,,,,,,
1128,NMFC,NMFC,True,True,0.9973009446693657,741,0.9973009446693657,0.9824561403508771,0.9973009446693657,2014-11-03,2023-12-29,False
1129,NMI,NMI,True,False,0.8771929824561403,741,0.8771929824561403,0.8340080971659919,0.8771929824561403,2014-11-03,2023-12-29,False
1130,NMT,NMT,True,False,0.8502024291497976,741,0.8502024291497976,0.8097165991902834,0.8502024291497976,2014-11-03,2023-12-29,False
1131,NMY,,False,False,,0,,,,,,
1132,NMZ,NMZ,True,True,0.9622132253711201,741,0.9622132253711201,0.9176788124156545,0.9622132253711201,2014-11-03,2023-12-29,False
1133,NNC,,False,False,,0,,,,,,
1134,NNI,NNI,True,True,0.9973009446693657,741,0.9973009446693657,0.9811066126855601,0.9973009446693657,2014-11-03,2023-12-29,False
1135,NNN,NNN,True,True,0.9973009446693657,741,0.9973009446693657,0.9811066126855601,0.9973009446693657,2014-11-03,2023-12-29,False
1136,NNY,NNY,True,False,0.9230769230769231,741,0.9230769230769231,0.8758434547908233,0.9230769230769231,2014-11-03,2023-12-29,False
1137,NOAH,NOAH,True,True,0.9973009446693657,741,0.9973009446693657,0.9973009446693657,0.9973009446693657,2014-11-03,2023-12-29,False
1138,NOC,NOC,True,True,0.9973009446693657,741,0.9973009446693657,0.9811066126855601,0.9973009446693657,2014-11-03,2023-12-29,False
1139,NOM,,False,False,,0,,,,,,
1140,NOV,NOV,True,True,0.9973009446693657,741,0.9973009446693657,0.9811066126855601,0.9973009446693657,2014-11-03,2023-12-29,False
1141,NOW,NOW,True,True,0.9973009446693657,741,0.9973009446693657,0.9973009446693657,0.9973009446693657,2014-11-03,2023-12-29,False
1142,NP,,False,False,,0,,,,,,
1143,NPK,NPK,True,True,0.9973009446693657,741,0.9973009446693657,0.9932523616734144,0.9973009446693657,2014-11-03,2023-12-29,False
1144,NPN,,False,False,,0,,,,,,
1145,NPO,NPO,True,True,0.9973009446693657,741,0.9973009446693657,0.9811066126855601,0.9973009446693657,2014-11-03,2023-12-29,False
1146,NPV,NPV,True,False,0.9176788124156545,741,0.9176788124156545,0.873144399460189,0.9176788124156545,2014-11-03,2023-12-29,False
1147,NQP,,False,False,,0,,,,,,
1148,NRG,NRG,True,True,0.9973009446693657,741,0.9973009446693657,0.9811066126855601,0.9973009446693657,2014-11-03,2023-12-29,False
1149,NRK,NRK,True,True,0.970310391363023,741,0.970310391363023,0.9244264507422402,0.970310391363023,2014-11-03,2023-12-29,False
1150,NRP,NRP,True,True,0.9757085020242915,741,0.9757085020242915,0.9595141700404858,0.9757085020242915,2014-11-03,2023-12-29,False
1151,NRT,NRT,True,False,0.8825910931174089,741,0.8825910931174089,0.8690958164642375,0.8825910931174089,2014-11-03,2023-12-29,False
1152,NS,,False,False,,0,,,,,,
1153,NSC,NSC,True,True,0.9973009446693657,741,0.9973009446693657,0.979757085020243,0.9973009446693657,2014-11-03,2023-12-29,False
1154,NSH,,False,False,,0,,,,,,
1155,NSL,,False,False,,0,,,,,,
1156,NSM,,False,False,,0,,,,,,
1157,NSP,NSP,True,True,0.9973009446693657,741,0.9973009446693657,0.9811066126855601,0.9973009446693657,2014-11-03,2023-12-29,False
1158,NTC,,False,False,,0,,,,,,
1159,NTG,,False,False,,0,,,,,,
1160,NTL,,False,False,,0,,,,,,
1161,NTX,,False,False,,0,,,,,,
1162,NUE,NUE,True,True,0.9973009446693657,741,0.9973009446693657,0.9824561403508771,0.9973009446693657,2014-11-03,2023-12-29,False
1163,NUO,,False,False,,0,,,,,,
1164,NUS,NUS,True,True,0.9973009446693657,741,0.9973009446693657,0.9811066126855601,0.9973009446693657,2014-11-03,2023-12-29,False
1165,NUV,NUV,True,True,0.9568151147098516,741,0.9568151147098516,0.9136302294197031,0.9568151147098516,2014-11-03,2023-12-29,False
1166,NUW,NUW,True,False,0.9257759784075573,741,0.9257759784075573,0.8812415654520918,0.9257759784075573,2014-11-03,2023-12-29,False
1167,NVG,NVG,True,True,0.9676113360323887,741,0.9676113360323887,0.9203778677462888,0.9676113360323887,2014-11-03,2023-12-29,False
1168,NVR,NVR,True,True,0.9973009446693657,741,0.9973009446693657,0.9973009446693657,0.9973009446693657,2014-11-03,2023-12-29,False
1169,NVS,NVS,True,True,0.9973009446693657,741,0.9973009446693657,0.9932523616734144,0.9973009446693657,2014-11-03,2023-12-29,False
1170,NWE,NWE,True,True,0.9973009446693657,741,0.9973009446693657,0.9824561403508771,0.9973009446693657,2014-11-03,2023-12-29,False
1171,NWL,NWL,True,True,0.9973009446693657,741,0.9973009446693657,0.9811066126855601,0.9973009446693657,2014-11-03,2023-12-29,False
1172,NWN,NWN,True,True,0.9973009446693657,741,0.9973009446693657,0.9811066126855601,0.9973009446693657,2014-11-03,2023-12-29,False
1173,NX,NX,True,True,0.9973009446693657,741,0.9973009446693657,0.9824561403508771,0.9973009446693657,2014-11-03,2023-12-29,False
1174,NXC,,False,False,,0,,,,,,
1175,NXJ,,False,False,,0,,,,,,
1176,NXN,,False,False,,0,,,,,,
1177,NXP,NXP,True,False,0.902834008097166,741,0.902834008097166,0.8582995951417004,0.902834008097166,2014-11-03,2023-12-29,False
1178,NXQ,,False,False,,0,,,,,,
1179,NXR,,False,False,,0,,,,,,
1180,NYCB,,False,False,,0,,,,,,
1181,NYT,NYT,True,True,0.9973009446693657,741,0.9973009446693657,0.9811066126855601,0.9973009446693657,2014-11-03,2023-12-29,False
1182,NYV,,False,False,,0,,,,,,
1183,NZF,NZF,True,True,0.9757085020242915,741,0.9757085020242915,0.9284750337381916,0.9757085020242915,2014-11-03,2023-12-29,False
1184,O,O,True,True,0.9973009446693657,741,0.9973009446693657,0.9500674763832658,0.9973009446693657,2014-11-03,2023-12-29,False
1185,OAK,,False,False,,0,,,,,,
1186,OC,OC,True,True,0.9973009446693657,741,0.9973009446693657,0.9824561403508771,0.9973009446693657,2014-11-03,2023-12-29,False
1187,ODC,ODC,True,True,0.9973009446693657,741,0.9973009446693657,0.9811066126855601,0.9973009446693657,2014-11-03,2023-12-29,False
1188,OFC,,False,False,,0,,,,,,
1189,OGE,OGE,True,True,0.9973009446693657,741,0.9973009446693657,0.9811066126855601,0.9973009446693657,2014-11-03,2023-12-29,False
1190,OHI,OHI,True,True,0.9973009446693657,741,0.9973009446693657,0.979757085020243,0.9973009446693657,2014-11-03,2023-12-29,False
1191,OI,OI,True,True,0.9973009446693657,741,0.9973009446693657,0.9973009446693657,0.9973009446693657,2014-11-03,2023-12-29,False
1192,OII,OII,True,True,0.9973009446693657,741,0.9973009446693657,0.9824561403508771,0.9973009446693657,2014-11-03,2023-12-29,False
1193,OIS,OIS,True,True,0.9973009446693657,741,0.9973009446693657,0.9973009446693657,0.9973009446693657,2014-11-03,2023-12-29,False
1194,OKE,OKE,True,True,0.9973009446693657,741,0.9973009446693657,0.9811066126855601,0.9973009446693657,2014-11-03,2023-12-29,False
1195,OLN,OLN,True,True,0.9973009446693657,741,0.9973009446693657,0.9811066126855601,0.9973009446693657,2014-11-03,2023-12-29,False
1196,OLP,OLP,True,True,0.9973009446693657,741,0.9973009446693657,0.9824561403508771,0.9973009446693657,2014-11-03,2023-12-29,False
1197,OMC,OMC,True,True,0.9973009446693657,741,0.9973009446693657,0.9824561403508771,0.9973009446693657,2014-11-03,2023-12-29,False
1198,OME,,False,False,,0,,,,,,
1199,OMI,,False,False,,0,,,,,,
1200,OPY,OPY,True,True,0.9973009446693657,741,0.9973009446693657,0.9811066126855601,0.9973009446693657,2014-11-03,2023-12-29,False
1201,ORA,ORA,True,True,0.9973009446693657,741,0.9973009446693657,0.9811066126855601,0.9973009446693657,2014-11-03,2023-12-29,False
1202,ORAN,,False,False,,0,,,,,,
1203,ORCL,ORCL,True,True,0.9973009446693657,741,0.9973009446693657,0.9811066126855601,0.9973009446693657,2014-11-03,2023-12-29,False
1204,ORI,ORI,True,True,0.9973009446693657,741,0.9973009446693657,0.9811066126855601,0.9973009446693657,2014-11-03,2023-12-29,False
1205,OSK,OSK,True,True,0.9973009446693657,741,0.9973009446693657,0.9811066126855601,0.9973009446693657,2014-11-03,2023-12-29,False
1206,OXM,OXM,True,True,0.9973009446693657,741,0.9973009446693657,0.9824561403508771,0.9973009446693657,2014-11-03,2023-12-29,False
1207,OXY,OXY,True,True,0.9973009446693657,741,0.9959514170040485,0.979757085020243,0.9959514170040485,2014-11-03,2023-12-29,False
1208,PAA,PAA,True,True,0.9973009446693657,741,0.9973009446693657,0.9811066126855601,0.9973009446693657,2014-11-03,2023-12-29,False
1209,PAC,PAC,True,True,0.9973009446693657,741,0.9973009446693657,0.9851551956815114,0.9973009446693657,2014-11-03,2023-12-29,False
1210,PAG,PAG,True,True,0.9973009446693657,741,0.9973009446693657,0.9811066126855601,0.9973009446693657,2014-11-03,2023-12-29,False
1211,PAI,PAI,True,False,0.8663967611336032,741,0.8663967611336032,0.8259109311740891,0.8663967611336032,2014-11-03,2023-12-29,False
1212,PANW,PANW,True,True,0.9973009446693657,741,0.9973009446693657,0.9973009446693657,0.9973009446693657,2014-11-03,2023-12-29,False
1213,PAY,PAY,True,False,0.0,0,0.0,0.0,0.0,2021-05-26,2023-12-29,False
1214,PB,PB,True,True,0.9973009446693657,741,0.9973009446693657,0.9824561403508771,0.9973009446693657,2014-11-03,2023-12-29,False
1215,PBA,PBA,True,True,0.9973009446693657,741,0.9973009446693657,0.951417004048583,0.9973009446693657,2014-11-03,2023-12-29,False
1216,PBF,PBF,True,True,0.9973009446693657,741,0.9973009446693657,0.9811066126855601,0.9973009446693657,2014-11-03,2023-12-29,False
1217,PBH,PBH,True,True,0.9973009446693657,741,0.9973009446693657,0.9973009446693657,0.9973009446693657,2014-11-03,2023-12-29,False
1218,PBI,PBI,True,True,0.9973009446693657,741,0.9973009446693657,0.9811066126855601,0.9973009446693657,2014-11-03,2023-12-29,False
1219,PCF,PCF,True,True,0.9541160593792173,741,0.9541160593792173,0.9095816464237517,0.9541160593792173,2014-11-03,2023-12-29,False
1220,PCG,PCG,True,True,0.9973009446693657,741,0.9973009446693657,0.9824561403508771,0.9973009446693657,2014-11-03,2023-12-29,False
1221,PCK,,False,False,,0,,,,,,
1222,PCM,PCM,True,False,0.9041835357624831,741,0.9041835357624831,0.8582995951417004,0.9041835357624831,2014-11-03,2023-12-29,False
1223,PCN,PCN,True,False,0.9365721997300944,741,0.9365721997300944,0.8893387314439946,0.9365721997300944,2014-11-03,2023-12-29,False
1224,PCQ,PCQ,True,False,0.9055330634278003,741,0.9055330634278003,0.8609986504723347,0.9055330634278003,2014-11-03,2023-12-29,False
1225,PDI,PDI,True,True,0.9824561403508771,741,0.9824561403508771,0.9325236167341431,0.9824561403508771,2014-11-03,2023-12-29,False
1226,PDM,PDM,True,True,0.9973009446693657,741,0.9973009446693657,0.9811066126855601,0.9973009446693657,2014-11-03,2023-12-29,False
1227,PDT,PDT,True,True,0.9838056680161943,741,0.9838056680161943,0.9392712550607287,0.9838056680161943,2014-11-03,2023-12-29,False
1228,PEB,PEB,True,True,0.9973009446693657,741,0.9973009446693657,0.9824561403508771,0.9973009446693657,2014-11-03,2023-12-29,False
1229,PEG,PEG,True,True,0.9973009446693657,741,0.9973009446693657,0.9811066126855601,0.9973009446693657,2014-11-03,2023-12-29,False
1230,PEI,,False,False,,0,,,,,,
1231,PEI-B,,False,False,,0,,,,,,
1232,PEO,PEO,True,True,0.9757085020242915,741,0.9757085020242915,0.9595141700404858,0.9757085020242915,2014-11-03,2023-12-29,False
1233,PEP,PEP,True,True,0.9973009446693657,741,0.9973009446693657,0.9811066126855601,0.9973009446693657,2014-11-03,2023-12-29,False
1234,PFD,PFD,True,False,0.8191632928475033,741,0.8191632928475033,0.7813765182186235,0.8191632928475033,2014-11-03,2023-12-29,False
1235,PFE,PFE,True,True,0.9973009446693657,741,0.9973009446693657,0.9811066126855601,0.9973009446693657,2014-11-03,2023-12-29,False
1236,PFG,PFG,True,True,0.9973009446693657,741,0.9973009446693657,0.9811066126855601,0.9973009446693657,2014-11-03,2023-12-29,False
1237,PFH,PFH,True,False,0.0,0,0.0,0.0,0.0,2020-09-02,2023-12-29,False
1238,PFK,,False,False,,0,,,,,,
1239,PFL,PFL,True,False,0.9446693657219973,741,0.9446693657219973,0.9041835357624831,0.9446693657219973,2014-11-03,2023-12-29,False
1240,PFN,PFN,True,True,0.9566395663956639,738,0.9566395663956639,0.9105691056910569,0.9566395663956639,2014-11-03,2023-12-29,False
1241,PFO,PFO,True,False,0.7854251012145749,741,0.7854251012145749,0.747638326585695,0.7854251012145749,2014-11-03,2023-12-29,False
1242,PFS,PFS,True,True,0.9973009446693657,741,0.9973009446693657,0.979757085020243,0.9973009446693657,2014-11-03,2023-12-29,False
1243,PG,PG,True,True,0.9973009446693657,741,0.9973009446693657,0.9811066126855601,0.9973009446693657,2014-11-03,2023-12-29,False
1244,PGP,PGP,True,False,0.9176788124156545,741,0.9176788124156545,0.8758434547908233,0.9176788124156545,2014-11-03,2023-12-29,False
1245,PGR,PGR,True,True,0.9973009446693657,741,0.9973009446693657,0.9932523616734144,0.9973009446693657,2014-11-03,2023-12-29,False
1246,PH,PH,True,True,0.9973009446693657,741,0.9973009446693657,0.9811066126855601,0.9973009446693657,2014-11-03,2023-12-29,False
1247,PHD,,False,False,,0,,,,,,
1248,PHG,PHG,True,True,0.9973009446693657,741,0.9973009446693657,0.9932523616734144,0.9973009446693657,2014-11-03,2023-12-29,False
1249,PHH,,False,False,,0,,,,,,
1250,PHI,PHI,True,True,0.9973009446693657,741,0.9973009446693657,0.9892037786774629,0.9973009446693657,2014-11-03,2023-12-29,False
1251,PHK,PHK,True,True,0.9838056680161943,741,0.9838056680161943,0.9365721997300944,0.9838056680161943,2014-11-03,2023-12-29,False
1252,PHM,PHM,True,True,0.9973009446693657,741,0.9973009446693657,0.9824561403508771,0.9973009446693657,2014-11-03,2023-12-29,False
1253,PHT,,False,False,,0,,,,,,
1254,PII,PII,True,True,0.997289972899729,738,0.997289972899729,0.981029810298103,0.997289972899729,2014-11-03,2023-12-29,False
1255,PJC,,False,False,,0,,,,,,
1256,PKE,PKE,True,True,0.9973009446693657,741,0.9973009446693657,0.9811066126855601,0.9973009446693657,2014-11-03,2023-12-29,False
1257,PKG,PKG,True,True,0.9973009446693657,741,0.9973009446693657,0.9824561403508771,0.9973009446693657,2014-11-03,2023-12-29,False
1258,PKI,,False,False,,0,,,,,,
1259,PKO,,False,False,,0,,,,,,
1260,PKX,PKX,True,True,0.9973009446693657,741,0.9973009446693657,0.9973009446693657,0.9973009446693657,2014-11-03,2023-12-29,False
1261,PLD,PLD,True,True,0.9973009446693657,741,0.9973009446693657,0.9824561403508771,0.9973009446693657,2014-11-03,2023-12-29,False
1262,PLOW,PLOW,True,True,0.9973009446693657,741,0.9973009446693657,0.9824561403508771,0.9973009446693657,2014-11-03,2023-12-29,False
1263,PLT,,False,False,,0,,,,,,
1264,PM,PM,True,True,0.9973009446693657,741,0.9973009446693657,0.9824561403508771,0.9973009446693657,2014-11-03,2023-12-29,False
1265,PMC,,False,False,,0,,,,,,
1266,PMF,,False,False,,0,,,,,,
1267,PML,PML,True,True,0.9689608636977058,741,0.9689608636977058,0.921727395411606,0.9689608636977058,2014-11-03,2023-12-29,False
1268,PMM,PMM,True,True,0.9919028340080972,741,0.9919028340080972,0.9446693657219973,0.9919028340080972,2014-11-03,2023-12-29,False
1269,PMO,PMO,True,True,0.9865047233468286,741,0.9865047233468286,0.9392712550607287,0.9865047233468286,2014-11-03,2023-12-29,False
1270,PMT,PMT,True,True,1.0,741,1.0,0.9851551956815114,1.0,2014-11-03,2023-12-29,False
1271,PMX,,False,False,,0,,,,,,
1272,PNC,PNC,True,True,0.9973009446693657,741,0.9973009446693657,0.9811066126855601,0.9973009446693657,2014-11-03,2023-12-29,False
1273,PNC-P,,False,False,,0,,,,,,
1274,PNC-Q,,False,False,,0,,,,,,
1275,PNF,,False,False,,0,,,,,,
1276,PNI,PNI,True,False,0.8852901484480432,741,0.8852901484480432,0.8407557354925776,0.8852901484480432,2014-11-03,2023-12-29,False
1277,PNM,,False,False,,0,,,,,,
1278,PNW,PNW,True,True,0.9973009446693657,741,0.9973009446693657,0.9811066126855601,0.9973009446693657,2014-11-03,2023-12-29,False
1279,POL,,False,False,,0,,,,,,
1280,POR,POR,True,True,0.9973009446693657,741,0.9973009446693657,0.9824561403508771,0.9973009446693657,2014-11-03,2023-12-29,False
1281,POST,POST,True,True,0.9973009446693657,741,0.9973009446693657,0.9973009446693657,0.9973009446693657,2014-11-03,2023-12-29,False
1282,POT,,False,False,,0,,,,,,
1283,PPL,PPL,True,True,0.9973009446693657,741,0.9959514170040485,0.979757085020243,0.9973009446693657,2014-11-03,2023-12-29,False
1284,PRA,,False,False,,0,,,,,,
1285,PRI,PRI,True,True,0.9973009446693657,741,0.9973009446693657,0.9811066126855601,0.9973009446693657,2014-11-03,2023-12-29,False
1286,PRLB,PRLB,True,True,0.9973009446693657,741,0.9973009446693657,0.9973009446693657,0.9973009446693657,2014-11-03,2023-12-29,False
1287,PRO,,False,False,,0,,,,,,
1288,PRU,PRU,True,True,0.9973009446693657,741,0.9973009446693657,0.9811066126855601,0.9973009446693657,2014-11-03,2023-12-29,False
1289,PSA,PSA,True,True,0.9973009446693657,741,0.9973009446693657,0.9824561403508771,0.9973009446693657,2014-11-03,2023-12-29,False
1290,PSA-U,,False,False,,0,,,,,,
1291,PSA-V,,False,False,,0,,,,,,
1292,PSA-W,,False,False,,0,,,,,,
1293,PSB,,False,False,,0,,,,,,
1294,PSB-U,,False,False,,0,,,,,,
1295,PSF,PSF,True,False,0.9230769230769231,741,0.9230769230769231,0.8758434547908233,0.9230769230769231,2014-11-03,2023-12-29,False
1296,PSO,PSO,True,True,1.0,741,1.0,0.9919028340080972,1.0,2014-11-03,2023-12-29,False
1297,PSX,PSX,True,True,0.9973009446693657,741,0.9973009446693657,0.9811066126855601,0.9973009446693657,2014-11-03,2023-12-29,False
1298,PTR,,False,False,,0,,,,,,
1299,PTY,PTY,True,True,0.9635627530364372,741,0.9635627530364372,0.9149797570850202,0.9635627530364372,2014-11-03,2023-12-29,False
1300,PUK,PUK,True,True,0.9973009446693657,741,0.9973009446693657,0.9892037786774629,0.9973009446693657,2014-11-03,2023-12-29,False
1301,PUK-A,,False,False,,0,,,,,,
1302,PVH,PVH,True,True,0.9973009446693657,741,0.9973009446693657,0.9811066126855601,0.9973009446693657,2014-11-03,2023-12-29,False
1303,PWR,PWR,True,True,0.9973009446693657,741,0.9973009446693657,0.9973009446693657,0.9973009446693657,2014-11-03,2023-12-29,False
1304,PX,,False,False,,0,,,,,,
1305,PXD,,False,False,,0,,,,,,
1306,PYN,,False,False,,0,,,,,,
1307,PYS,,False,False,,0,,,,,,
1308,PZC,,False,False,,0,,,,,,
1309,PZN,,False,False,,0,,,,,,
1310,QEP,,False,False,,0,,,,,,
1311,QUAD,QUAD,True,True,0.9973009446693657,741,0.9973009446693657,0.9811066126855601,0.9973009446693657,2014-11-03,2023-12-29,False
1312,R,R,True,True,0.9973009446693657,741,0.9973009446693657,0.9811066126855601,0.9973009446693657,2014-11-03,2023-12-29,False
1313,RAS-A,,False,False,,0,,,,,,
1314,RAS-B,,False,False,,0,,,,,,
1315,RAS-C,,False,False,,0,,,,,,
1316,RBA,RBA,True,True,0.9973009446693657,741,0.9973009446693657,0.979757085020243,0.9973009446693657,2014-11-03,2023-12-29,False
1317,RBC,RBC,True,False,0.004048582995951417,741,0.004048582995951417,0.004048582995951417,0.004048582995951417,2014-11-03,2023-12-29,False
1318,RBS-S,,False,False,,0,,,,,,
1319,RCI,RCI,True,True,0.9973009446693657,741,0.9973009446693657,0.9811066126855601,0.9973009446693657,2014-11-03,2023-12-29,False
1320,RCL,RCL,True,True,0.9973009446693657,741,0.9973009446693657,0.9824561403508771,0.9973009446693657,2014-11-03,2023-12-29,False
1321,RCS,RCS,True,False,0.9460188933873145,741,0.9460188933873145,0.8974358974358975,0.9460188933873145,2014-11-03,2023-12-29,False
1322,RDC,,False,False,,0,,,,,,
1323,RDN,RDN,True,True,0.9973009446693657,741,0.9973009446693657,0.9811066126855601,0.9973009446693657,2014-11-03,2023-12-29,False
1324,RDS.A,,False,False,,0,,,,,,
1325,RDS.B,,False,False,,0,,,,,,
1326,RDY,RDY,True,True,0.9973009446693657,741,0.9973009446693657,0.9932523616734144,0.9973009446693657,2014-11-03,2023-12-29,False
1327,RE,,False,False,,0,,,,,,
1328,REG,REG,True,True,0.9973009446693657,741,0.9973009446693657,0.9811066126855601,0.9973009446693657,2014-11-03,2023-12-29,False
1329,RENN,,False,False,,0,,,,,,
1330,RES,RES,True,True,0.9973009446693657,741,0.9973009446693657,0.99055330634278,0.9973009446693657,2014-11-03,2023-12-29,False
1331,RESI,,False,False,,0,,,,,,
1332,REV,,False,False,,0,,,,,,
1333,REX,REX,True,True,0.9973009446693657,741,0.9973009446693657,0.9973009446693657,0.9973009446693657,2014-11-03,2023-12-29,False
1334,RF,RF,True,True,0.9973009446693657,741,0.9973009446693657,0.9811066126855601,0.9973009446693657,2014-11-03,2023-12-29,False
1335,RF-A,,False,False,,0,,,,,,
1336,RFI,RFI,True,True,0.9500674763832658,741,0.9500674763832658,0.921727395411606,0.9500674763832658,2014-11-03,2023-12-29,False
1337,RGA,RGA,True,True,0.9973009446693657,741,0.9973009446693657,0.9811066126855601,0.9973009446693657,2014-11-03,2023-12-29,False
1338,RGC,RGC,True,False,0.0,0,0.0,0.0,0.0,2021-07-16,2023-12-29,False
1339,RGR,RGR,True,True,0.9973009446693657,741,0.9973009446693657,0.9811066126855601,0.9973009446693657,2014-11-03,2023-12-29,False
1340,RGS,RGS,True,True,0.9973009446693657,741,0.9973009446693657,0.9973009446693657,0.9973009446693657,2014-11-03,2023-12-29,False
1341,RH,RH,True,True,0.9973009446693657,741,0.9973009446693657,0.9973009446693657,0.9973009446693657,2014-11-03,2023-12-29,False
1342,RHI,RHI,True,True,0.9973009446693657,741,0.9973009446693657,0.9811066126855601,0.9973009446693657,2014-11-03,2023-12-29,False
1343,RHP,RHP,True,True,0.9973009446693657,741,0.9973009446693657,0.9824561403508771,0.9973009446693657,2014-11-03,2023-12-29,False
1344,RHT,,False,False,,0,,,,,,
1345,RIG,RIG,True,True,0.9973009446693657,741,0.9973009446693657,0.9932523616734144,0.9973009446693657,2014-11-03,2023-12-29,False
1346,RIO,RIO,True,True,0.9973009446693657,741,0.9973009446693657,0.9892037786774629,0.9973009446693657,2014-11-03,2023-12-29,False
1347,RJF,RJF,True,True,0.9973009446693657,741,0.9973009446693657,0.9824561403508771,0.9973009446693657,2014-11-03,2023-12-29,False
1348,RL,RL,True,True,0.9973009446693657,741,0.9973009446693657,0.9824561403508771,0.9973009446693657,2014-11-03,2023-12-29,False
1349,RLGY,,False,False,,0,,,,,,
1350,RLH,,False,False,,0,,,,,,
1351,RLI,RLI,True,True,0.9973009446693657,741,0.9973009446693657,0.9811066126855601,0.9973009446693657,2014-11-03,2023-12-29,False
1352,RLJ,RLJ,True,True,1.0,741,1.0,0.9838056680161943,1.0,2014-11-03,2023-12-29,False
1353,RM,RM,True,True,0.9973009446693657,741,0.9973009446693657,0.9973009446693657,0.9973009446693657,2014-11-03,2023-12-29,False
1354,RMD,RMD,True,True,0.9973009446693657,741,0.9973009446693657,0.9811066126855601,0.9973009446693657,2014-11-03,2023-12-29,False
1355,RMT,RMT,True,True,0.97165991902834,741,0.97165991902834,0.9581646423751687,0.97165991902834,2014-11-03,2023-12-29,False
1356,RNP,RNP,True,True,0.9730094466936572,741,0.9730094466936572,0.9446693657219973,0.9730094466936572,2014-11-03,2023-12-29,False
1357,RNR,RNR,True,True,0.9973009446693657,741,0.9973009446693657,0.9824561403508771,0.9973009446693657,2014-11-03,2023-12-29,False
1358,RNR-C,,False,False,,0,,,,,,
1359,ROG,ROG,True,True,0.9973009446693657,741,0.9973009446693657,0.9973009446693657,0.9973009446693657,2014-11-03,2023-12-29,False
1360,ROK,ROK,True,True,0.9973009446693657,741,0.9973009446693657,0.9811066126855601,0.9973009446693657,2014-11-03,2023-12-29,False
1361,ROL,ROL,True,True,0.9622132253711201,741,0.9635627530364372,0.9487179487179487,0.9635627530364372,2014-11-03,2023-12-29,False
1362,ROP,ROP,True,True,0.9973009446693657,741,0.9973009446693657,0.9811066126855601,0.9973009446693657,2014-11-03,2023-12-29,False
1363,RPAI,,False,False,,0,,,,,,
1364,RPM,RPM,True,True,0.9973009446693657,741,0.9973009446693657,0.9811066126855601,0.9973009446693657,2014-11-03,2023-12-29,False
1365,RPT,RPT,True,False,0.007032348804500703,711,0.007032348804500703,0.007032348804500703,0.007032348804500703,2015-02-13,2023-12-29,False
1366,RPT-D,,False,False,,0,,,,,,
1367,RQI,RQI,True,True,0.9676113360323887,741,0.9676113360323887,0.941970310391363,0.9676113360323887,2014-11-03,2023-12-29,False
1368,RRC,RRC,True,True,0.9973009446693657,741,0.9973009446693657,0.9824561403508771,0.9973009446693657,2014-11-03,2023-12-29,False
1369,RRD,,False,False,,0,,,,,,
1370,RRTS,RRTS,True,True,0.9973009446693657,741,0.9973009446693657,0.9973009446693657,0.9973009446693657,2014-11-03,2023-12-29,False
1371,RS,RS,True,True,0.9973009446693657,741,0.9973009446693657,0.9811066126855601,0.9973009446693657,2014-11-03,2023-12-29,False
1372,RSG,RSG,True,True,0.9973009446693657,741,0.9973009446693657,0.9824561403508771,0.9973009446693657,2014-11-03,2023-12-29,False
1373,RSO,,False,False,,0,,,,,,
1374,RSO-A,,False,False,,0,,,,,,
1375,RSO-B,,False,False,,0,,,,,,
1376,RST,,False,False,,0,,,,,,
1377,RTEC,,False,False,,0,,,,,,
1378,RTN,,False,False,,0,,,,,,
1379,RVT,RVT,True,True,0.9851551956815114,741,0.9851551956815114,0.970310391363023,0.9851551956815114,2014-11-03,2023-12-29,False
1380,RWT,RWT,True,True,0.9973009446693657,741,0.9973009446693657,0.9824561403508771,0.9973009446693657,2014-11-03,2023-12-29,False
1381,RXN,,False,False,,0,,,,,,
1382,RY,RY,True,True,0.9973009446693657,741,0.9973009446693657,0.9824561403508771,0.9973009446693657,2014-11-03,2023-12-29,False
1383,RYN,RYN,True,True,0.9973009446693657,741,0.9973009446693657,0.9824561403508771,0.9973009446693657,2014-11-03,2023-12-29,False
1384,SAH,SAH,True,True,0.9973009446693657,741,0.9973009446693657,0.9824561403508771,0.9973009446693657,2014-11-03,2023-12-29,False
1385,SAM,SAM,True,True,0.9973009446693657,741,0.9973009446693657,0.9973009446693657,0.9973009446693657,2014-11-03,2023-12-29,False
1386,SAN-A,,False,False,,0,,,,,,
1387,SAN-B,,False,False,,0,,,,,,
1388,SAN-C,,False,False,,0,,,,,,
1389,SAN-I,,False,False,,0,,,,,,
1390,SAP,SAP,True,True,0.9973009446693657,741,0.9973009446693657,0.9932523616734144,0.9973009446693657,2014-11-03,2023-12-29,False
1391,SAR,SAR,True,False,0.8839406207827261,741,0.8839406207827261,0.8677462887989204,0.8839406207827261,2014-11-03,2023-12-29,False
1392,SBH,SBH,True,True,0.9973009446693657,741,0.9973009446693657,0.9973009446693657,0.9973009446693657,2014-11-03,2023-12-29,False
1393,SBI,SBI,True,False,0.8002699055330634,741,0.8002699055330634,0.7624831309041835,0.8002699055330634,2014-11-03,2023-12-29,False
1394,SBR,SBR,True,True,0.9784075573549258,741,0.9784075573549258,0.9325236167341431,0.9784075573549258,2014-11-03,2023-12-29,False
1395,SCCO,SCCO,True,True,0.9973009446693657,741,0.9973009446693657,0.9811066126855601,0.9973009446693657,2014-11-03,2023-12-29,False
1396,SCD,SCD,True,True,0.9622132253711201,741,0.9622132253711201,0.9473684210526315,0.9622132253711201,2014-11-03,2023-12-29,False
1397,SCG,,False,False,,0,,,,,,
1398,SCHW,SCHW,True,True,0.9973009446693657,741,0.9973009446693657,0.9811066126855601,0.9973009446693657,2014-11-03,2023-12-29,False
1399,SCI,SCI,True,True,0.9973009446693657,741,0.9973009446693657,0.9824561403508771,0.9973009446693657,2014-11-03,2023-12-29,False
1400,SCL,SCL,True,True,0.9973009446693657,741,0.9973009446693657,0.9811066126855601,0.9973009446693657,2014-11-03,2023-12-29,False
1401,SCM,SCM,True,True,0.9973009446693657,741,0.9973009446693657,0.9500674763832658,0.9973009446693657,2014-11-03,2023-12-29,False
1402,SCS,,False,False,,0,,,,,,
1403,SCX,,False,False,,0,,,,,,
1404,SEE,,False,False,,0,,,,,,
1405,SEM,,False,False,,0,,,,,,
1406,SEMG,,False,False,,0,,,,,,
1407,SEP,,False,False,,0,,,,,,
1408,SF,SF,True,True,0.9973009446693657,741,0.9973009446693657,0.9946018893387314,0.9973009446693657,2014-11-03,2023-12-29,False
1409,SFE,,False,False,,0,,,,,,
1410,SFL,SFL,True,True,0.9973009446693657,741,0.9973009446693657,0.9811066126855601,0.9973009446693657,2014-11-03,2023-12-29,False
1411,SGF,,False,False,,0,,,,,,
1412,SHG,SHG,True,True,0.9973009446693657,741,0.9973009446693657,0.9973009446693657,0.9973009446693657,2014-11-03,2023-12-29,False
1413,SHI,,False,False,,0,,,,,,
1414,SHO,SHO,True,True,0.9973009446693657,741,0.9973009446693657,0.9824561403508771,0.9973009446693657,2014-11-03,2023-12-29,False
1415,SHW,SHW,True,True,0.9973009446693657,741,0.9973009446693657,0.9811066126855601,0.9973009446693657,2014-11-03,2023-12-29,False
1416,SIG,SIG,True,True,0.9973009446693657,741,0.9973009446693657,0.9811066126855601,0.9973009446693657,2014-11-03,2023-12-29,False
1417,SIX,,False,False,,0,,,,,,
1418,SJM,SJM,True,True,0.9973009446693657,741,0.9973009446693657,0.9811066126855601,0.9973009446693657,2014-11-03,2023-12-29,False
1419,SJR,,False,False,,0,,,,,,
1420,SJW,,False,False,,0,,,,,,
1421,SKM,SKM,True,True,0.9973009446693657,741,0.9973009446693657,0.9973009446693657,0.9973009446693657,2014-11-03,2023-12-29,False
1422,SKT,SKT,True,True,0.9973009446693657,741,0.9973009446693657,0.979757085020243,0.9973009446693657,2014-11-03,2023-12-29,False
1423,SKX,,False,False,,0,,,,,,
1424,SLB,SLB,True,True,0.997289972899729,738,0.997289972899729,0.981029810298103,0.997289972899729,2014-11-03,2023-12-29,False
1425,SLCA,,False,False,,0,,,,,,
1426,SLF,SLF,True,True,0.9973009446693657,741,0.9973009446693657,0.9824561403508771,0.9973009446693657,2014-11-03,2023-12-29,False
1427,SLG,SLG,True,True,0.9973009446693657,741,0.9973009446693657,0.9824561403508771,0.9973009446693657,2014-11-03,2023-12-29,False
1428,SLG-I,SLG-PI,True,True,1.0,735,1.0,0.9850340136054422,1.0,2014-11-03,2023-12-29,False
1429,SM,SM,True,True,0.9973009446693657,741,0.9973009446693657,0.9892037786774629,0.9973009446693657,2014-11-03,2023-12-29,False
1430,SMFG,SMFG,True,True,0.9973009446693657,741,0.9973009446693657,0.9973009446693657,0.9973009446693657,2014-11-03,2023-12-29,False
1431,SMG,SMG,True,True,0.9973009446693657,741,0.9973009446693657,0.9811066126855601,0.9973009446693657,2014-11-03,2023-12-29,False
1432,SMLP,,False,False,,0,,,,,,
1433,SMM,,False,False,,0,,,,,,
1434,SMP,SMP,True,True,0.9973009446693657,741,0.9973009446693657,0.9811066126855601,0.9973009446693657,2014-11-03,2023-12-29,False
1435,SNA,SNA,True,True,0.9973009446693657,741,0.9973009446693657,0.9811066126855601,0.9973009446693657,2014-11-03,2023-12-29,False
1436,SNE,,False,False,,0,,,,,,
1437,SNN,SNN,True,True,0.9973009446693657,741,0.9973009446693657,0.9892037786774629,0.9973009446693657,2014-11-03,2023-12-29,False
1438,SNP,,False,False,,0,,,,,,
1439,SNX,SNX,True,True,0.9973009446693657,741,0.9973009446693657,0.9824561403508771,0.9973009446693657,2014-11-03,2023-12-29,False
1440,SNY,SNY,True,True,0.9973009446693657,741,0.9973009446693657,0.9932523616734144,0.9973009446693657,2014-11-03,2023-12-29,False
1441,SO,SO,True,True,0.9973009446693657,741,0.9973009446693657,0.9811066126855601,0.9973009446693657,2014-11-03,2023-12-29,False
1442,SON,SON,True,True,0.9973009446693657,741,0.9973009446693657,0.9811066126855601,0.9973009446693657,2014-11-03,2023-12-29,False
1443,SOR,SOR,True,True,0.9838056680161943,741,0.9838056680161943,0.9662618083670715,0.9838056680161943,2014-11-03,2023-12-29,False
1444,SPA,,False,False,,0,,,,,,
1445,SPB,SPB,True,False,0.012145748987854251,741,0.012145748987854251,0.012145748987854251,0.012145748987854251,2014-11-03,2023-12-29,False
1446,SPE,SPE,True,False,0.8677462887989204,741,0.8677462887989204,0.865047233468286,0.8677462887989204,2014-11-03,2023-12-29,False
1447,SPG,SPG,True,True,0.9973009446693657,741,0.9973009446693657,0.9811066126855601,0.9973009446693657,2014-11-03,2023-12-29,False
1448,SPGI,SPGI,True,True,0.9946018893387314,741,0.9946018893387314,0.9784075573549258,0.9946018893387314,2014-11-03,2023-12-29,False
1449,SPH,SPH,True,True,0.9973009446693657,741,0.9973009446693657,0.9811066126855601,0.9973009446693657,2014-11-03,2023-12-29,False
1450,SPLP,,False,False,,0,,,,,,
1451,SPN,,False,False,,0,,,,,,
1452,SPR,,False,False,,0,,,,,,
1453,SPXX,SPXX,True,False,0.9487179487179487,741,0.9487179487179487,0.9338731443994602,0.9487179487179487,2014-11-03,2023-12-29,False
1454,SQM,SQM,True,True,0.9973009446693657,741,0.9959514170040485,0.9865047233468286,0.9973009446693657,2014-11-03,2023-12-29,False
1455,SRE,SRE,True,True,0.9973009446693657,741,0.9973009446693657,0.9824561403508771,0.9973009446693657,2014-11-03,2023-12-29,False
1456,SRF,,False,False,,0,,,,,,
1457,SRI,SRI,True,True,0.9973009446693657,741,0.9973009446693657,0.9973009446693657,0.9973009446693657,2014-11-03,2023-12-29,False
1458,SSD,SSD,True,True,1.0,741,1.0,0.9838056680161943,1.0,2014-11-03,2023-12-29,False
1459,SSL,SSL,True,True,0.9973009446693657,741,0.9973009446693657,0.9892037786774629,0.9973009446693657,2014-11-03,2023-12-29,False
1460,SSP,SSP,True,True,0.9973009446693657,741,0.9959514170040485,0.9959514170040485,0.9973009446693657,2014-11-03,2023-12-29,False
1461,SSTK,SSTK,True,True,0.9973009446693657,741,0.9973009446693657,0.9973009446693657,0.9973009446693657,2014-11-03,2023-12-29,False
1462,SSW,,False,False,,0,,,,,,
1463,SSW-D,,False,False,,0,,,,,,
1464,ST,ST,True,True,0.9973009446693657,741,0.9973009446693657,0.9973009446693657,0.9973009446693657,2014-11-03,2023-12-29,False
1465,STAG,STAG,True,True,0.9973009446693657,741,0.9973009446693657,0.9500674763832658,0.9973009446693657,2014-11-03,2023-12-29,False
1466,STAR,,False,False,,0,,,,,,
1467,STC,STC,True,True,0.9973009446693657,741,0.9973009446693657,0.9838056680161943,0.9973009446693657,2014-11-03,2023-12-29,False
1468,STI,STI,True,False,0.0,0,0.0,0.0,0.0,2022-05-02,2023-12-29,False
1469,STI-A,,False,False,,0,,,,,,
1470,STI-E,,False,False,,0,,,,,,
1471,STK,STK,True,True,0.9649122807017544,741,0.9649122807017544,0.9500674763832658,0.9649122807017544,2014-11-03,2023-12-29,False
1472,STL,,False,False,,0,,,,,,
1473,STM,STM,True,True,0.9973009446693657,741,0.9973009446693657,0.9824561403508771,0.9973009446693657,2014-11-03,2023-12-29,False
1474,STN,STN,True,True,0.9757085020242915,741,0.9757085020242915,0.9608636977058029,0.9757085020242915,2014-11-03,2023-12-29,False
1475,STO,,False,False,,0,,,,,,
1476,STON,,False,False,,0,,,,,,
1477,STT,STT,True,True,0.9973009446693657,741,0.9973009446693657,0.9824561403508771,0.9973009446693657,2014-11-03,2023-12-29,False
1478,STT-C,,False,False,,0,,,,,,
1479,STWD,STWD,True,True,0.9973009446693657,741,0.9973009446693657,0.9824561403508771,0.9973009446693657,2014-11-03,2023-12-29,False
1480,STZ,STZ,True,True,0.9973009446693657,741,0.9973009446693657,0.9824561403508771,0.9973009446693657,2014-11-03,2023-12-29,False
1481,STZ.B,,False,False,,0,,,,,,
1482,SU,SU,True,True,0.9973009446693657,741,0.9973009446693657,0.9824561403508771,0.9973009446693657,2014-11-03,2023-12-29,False
1483,SUI,SUI,True,True,0.9973009446693657,741,0.9973009446693657,0.9824561403508771,0.9973009446693657,2014-11-03,2023-12-29,False
1484,SUI-A,,False,False,,0,,,,,,
1485,SUN,SUN,True,True,0.9973009446693657,741,0.9973009446693657,0.9811066126855601,0.9973009446693657,2014-11-03,2023-12-29,False
1486,SUP,,False,False,,0,,,,,,
1487,SVU,,False,False,,0,,,,,,
1488,SWK,SWK,True,True,0.9973009446693657,741,0.9973009446693657,0.9811066126855601,0.9973009446693657,2014-11-03,2023-12-29,False
1489,SWM,,False,False,,0,,,,,,
1490,SWN,,False,False,,0,,,,,,
1491,SWX,SWX,True,True,0.9973009446693657,741,0.9973009446693657,0.9811066126855601,0.9973009446693657,2014-11-03,2023-12-29,False
1492,SWZ,SWZ,True,False,0.8893387314439946,741,0.8893387314439946,0.8852901484480432,0.8893387314439946,2014-11-03,2023-12-29,False
1493,SXI,SXI,True,True,0.9973009446693657,741,0.9973009446693657,0.9811066126855601,0.9973009446693657,2014-11-03,2023-12-29,False
1494,SXT,SXT,True,True,0.9973009446693657,741,0.9973009446693657,0.9811066126855601,0.9973009446693657,2014-11-03,2023-12-29,False
1495,SYK,SYK,True,True,0.9973009446693657,741,0.9973009446693657,0.9824561403508771,0.9973009446693657,2014-11-03,2023-12-29,False
1496,SYT,,False,False,,0,,,,,,
1497,SYX,,False,False,,0,,,,,,
1498,SYY,SYY,True,True,0.9973009446693657,741,0.9973009446693657,0.9824561403508771,0.9973009446693657,2014-11-03,2023-12-29,False
1499,SZC,,False,False,,0,,,,,,
1500,T,T,True,True,0.9973009446693657,741,0.9973009446693657,0.9811066126855601,0.9973009446693657,2014-11-03,2023-12-29,False
1501,TAP,TAP,True,True,0.9973009446693657,741,0.9973009446693657,0.9811066126855601,0.9973009446693657,2014-11-03,2023-12-29,False
1502,TARO,,False,False,,0,,,,,,
1503,TBI,TBI,True,True,0.9973009446693657,741,0.9973009446693657,0.9973009446693657,0.9973009446693657,2014-11-03,2023-12-29,False
1504,TCAP,,False,False,,0,,,,,,
1505,TCF,,False,False,,0,,,,,,
1506,TCF-C,,False,False,,0,,,,,,
1507,TCO,,False,False,,0,,,,,,
1508,TCO-J,,False,False,,0,,,,,,
1509,TCP,,False,False,,0,,,,,,
1510,TD,TD,True,True,0.9973009446693657,741,0.9973009446693657,0.9811066126855601,0.9973009446693657,2014-11-03,2023-12-29,False
1511,TDC,TDC,True,True,0.9973009446693657,741,0.9973009446693657,0.9973009446693657,0.9973009446693657,2014-11-03,2023-12-29,False
1512,TDE,,False,False,,0,,,,,,
1513,TDF,TDF,True,False,0.9379217273954116,741,0.9379217273954116,0.9311740890688259,0.9379217273954116,2014-11-03,2023-12-29,False
1514,TDG,TDG,True,True,0.9973009446693657,741,0.9973009446693657,0.9946018893387314,0.9973009446693657,2014-11-03,2023-12-29,False
1515,TDI,TDI,True,False,0.0,0,0.0,0.0,0.0,2023-12-11,2023-12-29,False
1516,TDJ,,False,False,,0,,,,,,
1517,TDY,TDY,True,True,0.9973009446693657,741,0.9973009446693657,0.9973009446693657,0.9973009446693657,2014-11-03,2023-12-29,False
1518,TEF,,False,False,,0,,,,,,
1519,TEI,TEI,True,True,0.9784075573549258,741,0.9784075573549258,0.9635627530364372,0.9784075573549258,2014-11-03,2023-12-29,False
1520,TEL,TEL,True,True,0.9973009446693657,741,0.9973009446693657,0.9811066126855601,0.9973009446693657,2014-11-03,2023-12-29,False
1521,TEN,TEN,True,False,0.001349527665317139,741,0.001349527665317139,0.001349527665317139,0.001349527665317139,2014-11-03,2023-12-29,False
1522,TEO,TEO,True,True,0.9973009446693657,741,0.9973009446693657,0.9932523616734144,0.9973009446693657,2014-11-03,2023-12-29,False
1523,TER,TER,True,True,0.9973009446693657,741,0.9973009446693657,0.9811066126855601,0.9973009446693657,2014-11-03,2023-12-29,False
1524,TEVA,TEVA,True,True,0.9973009446693657,741,0.9973009446693657,0.9811066126855601,0.9973009446693657,2014-11-03,2023-12-29,False
1525,TEX,TEX,True,True,0.9973009446693657,741,0.9973009446693657,0.9811066126855601,0.9973009446693657,2014-11-03,2023-12-29,False
1526,TFX,TFX,True,True,0.9973009446693657,741,0.9973009446693657,0.9811066126855601,0.9973009446693657,2014-11-03,2023-12-29,False
1527,TG,TG,True,True,0.9973009446693657,741,0.9973009446693657,0.9824561403508771,0.9973009446693657,2014-11-03,2023-12-29,False
1528,TGH,,False,False,,0,,,,,,
1529,TGI,,False,False,,0,,,,,,
1530,TGNA,,False,False,,0,,,,,,
1531,TGT,TGT,True,True,0.997289972899729,738,0.997289972899729,0.981029810298103,0.997289972899729,2014-11-03,2023-12-29,False
1532,THC,THC,True,True,0.9973009446693657,741,0.9973009446693657,0.9973009446693657,0.9973009446693657,2014-11-03,2023-12-29,False
1533,THG,THG,True,True,0.9973009446693657,741,0.9973009446693657,0.9824561403508771,0.9973009446693657,2014-11-03,2023-12-29,False
1534,THO,THO,True,True,0.9973009446693657,741,0.9973009446693657,0.9824561403508771,0.9973009446693657,2014-11-03,2023-12-29,False
1535,THR,,False,False,,0,,,,,,
1536,THS,,False,False,,0,,,,,,
1537,TI,,False,False,,0,,,,,,
1538,TIF,,False,False,,0,,,,,,
1539,TISI,TISI,True,True,0.9973009446693657,741,0.9973009446693657,0.9973009446693657,0.9973009446693657,2014-11-03,2023-12-29,False
1540,TJX,TJX,True,True,0.9973009446693657,741,0.9973009446693657,0.9811066126855601,0.9973009446693657,2014-11-03,2023-12-29,False
1541,TKC,TKC,True,True,0.9973009446693657,741,0.9973009446693657,0.9932523616734144,0.9973009446693657,2014-11-03,2023-12-29,False
1542,TKF,,False,False,,0,,,,,,
1543,TKR,TKR,True,True,0.9973009446693657,741,0.9973009446693657,0.9811066126855601,0.9973009446693657,2014-11-03,2023-12-29,False
1544,TLI,,False,False,,0,,,,,,
1545,TLK,TLK,True,False,0.6329284750337382,741,0.6342780026990553,0.6302294197031039,0.6342780026990553,2014-11-03,2023-12-29,False
1546,TLP,,False,False,,0,,,,,,
1547,TLYS,TLYS,True,True,0.9973009446693657,741,0.9973009446693657,0.9959514170040485,0.9973009446693657,2014-11-03,2023-12-29,False
1548,TM,TM,True,True,0.9973009446693657,741,0.9973009446693657,0.9892037786774629,0.9973009446693657,2014-11-03,2023-12-29,False
1549,TMO,TMO,True,True,0.9973009446693657,741,0.9973009446693657,0.9824561403508771,0.9973009446693657,2014-11-03,2023-12-29,False
1550,TNC,TNC,True,True,0.997289972899729,738,0.997289972899729,0.981029810298103,0.997289972899729,2014-11-03,2023-12-29,False
1551,TNH,,False,False,,0,,,,,,
1552,TOL,TOL,True,True,0.9973009446693657,741,0.9973009446693657,0.9946018893387314,0.9973009446693657,2014-11-03,2023-12-29,False
1553,TOT,,False,False,,0,,,,,,
1554,TOWR,,False,False,,0,,,,,,
1555,TPC,TPC,True,True,0.9973009446693657,741,0.9973009446693657,0.9973009446693657,0.9973009446693657,2014-11-03,2023-12-29,False
1556,TPL,TPL,True,True,0.9973009446693657,741,0.9973009446693657,0.9932523616734144,0.9973009446693657,2014-11-03,2023-12-29,False
1557,TPR,TPR,True,True,0.9973009446693657,741,0.9973009446693657,0.9811066126855601,0.9973009446693657,2014-11-03,2023-12-29,False
1558,TPX,,False,False,,0,,,,,,
1559,TPZ,TPZ,True,False,0.8974358974358975,741,0.8974358974358975,0.854251012145749,0.8974358974358975,2014-11-03,2023-12-29,False
1560,TR,TR,True,True,0.9973009446693657,741,0.9932523616734144,0.9824561403508771,0.9973009446693657,2014-11-03,2023-12-29,False
1561,TRC,TRC,True,True,0.9973009446693657,741,0.9959514170040485,0.9959514170040485,0.9973009446693657,2014-11-03,2023-12-29,False
1562,TREC,,False,False,,0,,,,,,
1563,TREX,TREX,True,True,0.9973009446693657,741,0.9973009446693657,0.9973009446693657,0.9973009446693657,2014-11-03,2023-12-29,False
1564,TRGP,TRGP,True,True,0.9973009446693657,741,0.9973009446693657,0.9811066126855601,0.9973009446693657,2014-11-03,2023-12-29,False
1565,TRI,TRI,True,True,0.9973009446693657,741,0.9973009446693657,0.9811066126855601,0.9973009446693657,2014-11-03,2023-12-29,False
1566,TRK,,False,False,,0,,,,,,
1567,TRN,TRN,True,True,0.9973009446693657,741,0.9973009446693657,0.9824561403508771,0.9973009446693657,2014-11-03,2023-12-29,False
1568,TRNO,TRNO,True,True,0.9973009446693657,741,0.9973009446693657,0.9824561403508771,0.9973009446693657,2014-11-03,2023-12-29,False
1569,TRP,TRP,True,True,0.9973009446693657,741,0.9973009446693657,0.9824561403508771,0.9973009446693657,2014-11-03,2023-12-29,False
1570,TRV,TRV,True,True,0.9973009446693657,741,0.9973009446693657,0.9811066126855601,0.9973009446693657,2014-11-03,2023-12-29,False
1571,TS,TS,True,True,0.9973009446693657,741,0.9973009446693657,0.9892037786774629,0.9973009446693657,2014-11-03,2023-12-29,False
1572,TSI,TSI,True,False,0.8929539295392954,738,0.8929539295392954,0.8794037940379403,0.8929539295392954,2014-11-03,2023-12-29,False
1573,TSM,TSM,True,True,0.9973009446693657,741,0.9973009446693657,0.9932523616734144,0.9973009446693657,2014-11-03,2023-12-29,False
1574,TSN,TSN,True,True,0.9973009446693657,741,0.9973009446693657,0.9811066126855601,0.9973009446693657,2014-11-03,2023-12-29,False
1575,TSS,,False,False,,0,,,,,,
1576,TSU,,False,False,,0,,,,,,
1577,TTC,TTC,True,False,0.6909581646423751,741,0.6923076923076923,0.6842105263157895,0.6923076923076923,2014-11-03,2023-12-29,False
1578,TTF,,False,False,,0,,,,,,
1579,TTM,,False,False,,0,,,,,,
1580,TTP,,False,False,,0,,,,,,
1581,TU,TU,True,True,0.997289972899729,738,0.997289972899729,0.981029810298103,0.997289972899729,2014-11-03,2023-12-29,False
1582,TUP,,False,False,,0,,,,,,
1583,TV,TV,True,True,0.9973009446693657,741,0.9973009446693657,0.9932523616734144,0.9973009446693657,2014-11-03,2023-12-29,False
1584,TVC,TVC,True,False,0.8097165991902834,741,0.8097165991902834,0.7948717948717948,0.8097165991902834,2014-11-03,2023-12-29,False
1585,TVE,TVE,True,False,0.8029689608636977,741,0.8029689608636977,0.7935222672064778,0.8029689608636977,2014-11-03,2023-12-29,False
1586,TWN,TWN,True,False,0.9068825910931174,741,0.9068825910931174,0.9068825910931174,0.9068825910931174,2014-11-03,2023-12-29,False
1587,TWO,,False,False,,0,,,,,,
1588,TWX,,False,False,,0,,,,,,
1589,TX,TX,True,True,0.9973009446693657,741,0.9973009446693657,0.9932523616734144,0.9973009446693657,2014-11-03,2023-12-29,False
1590,TXT,TXT,True,True,0.9973009446693657,741,0.9973009446693657,0.9824561403508771,0.9973009446693657,2014-11-03,2023-12-29,False
1591,TY,TY,True,True,0.9824561403508771,741,0.9824561403508771,0.9689608636977058,0.9824561403508771,2014-11-03,2023-12-29,False
1592,TYG,TYG,True,True,0.9946018893387314,741,0.9946018893387314,0.9784075573549258,0.9946018893387314,2014-11-03,2023-12-29,False
1593,TYL,TYL,True,True,0.997289972899729,738,0.997289972899729,0.997289972899729,0.997289972899729,2014-11-03,2023-12-29,False
1594,UAA,UAA,True,True,0.9973009446693657,741,0.9959514170040485,0.9959514170040485,0.9959514170040485,2014-11-03,2023-12-29,False
1595,UAL,UAL,True,True,0.9973009446693657,741,0.9973009446693657,0.9973009446693657,0.9973009446693657,2014-11-03,2023-12-29,False
1596,UBA,,False,False,,0,,,,,,
1597,UBP,,False,False,,0,,,,,,
1598,UDR,UDR,True,True,0.9973009446693657,741,0.9973009446693657,0.9811066126855601,0.9973009446693657,2014-11-03,2023-12-29,False
1599,UFI,UFI,True,True,0.9973009446693657,741,0.9973009446693657,0.9973009446693657,0.9973009446693657,2014-11-03,2023-12-29,False
1600,UFS,,False,False,,0,,,,,,
1601,UGI,UGI,True,True,0.9973009446693657,741,0.9973009446693657,0.9824561403508771,0.9973009446693657,2014-11-03,2023-12-29,False
1602,UGP,UGP,True,True,0.9973009446693657,741,0.9973009446693657,0.9892037786774629,0.9973009446693657,2014-11-03,2023-12-29,False
1603,UHS,UHS,True,True,0.9973009446693657,741,0.9973009446693657,0.9811066126855601,0.9973009446693657,2014-11-03,2023-12-29,False
1604,UHT,UHT,True,True,0.9973009446693657,741,0.9973009446693657,0.9824561403508771,0.9973009446693657,2014-11-03,2023-12-29,False
1605,UIS,UIS,True,True,0.9973009446693657,741,0.9973009446693657,0.9973009446693657,0.9973009446693657,2014-11-03,2023-12-29,False
1606,UL,UL,True,True,0.9973009446693657,741,0.9973009446693657,0.9811066126855601,0.9973009446693657,2014-11-03,2023-12-29,False
1607,UMH,UMH,True,True,0.9946018893387314,741,0.9946018893387314,0.9784075573549258,0.9946018893387314,2014-11-03,2023-12-29,False
1608,UN,,False,False,,0,,,,,,
1609,UNF,UNF,True,True,0.9973009446693657,741,0.9973009446693657,0.9811066126855601,0.9973009446693657,2014-11-03,2023-12-29,False
1610,UNH,UNH,True,True,0.9973009446693657,741,0.9973009446693657,0.9811066126855601,0.9973009446693657,2014-11-03,2023-12-29,False
1611,UNM,UNM,True,True,0.9973009446693657,741,0.9973009446693657,0.9811066126855601,0.9973009446693657,2014-11-03,2023-12-29,False
1612,UNP,UNP,True,True,0.9973009446693657,741,0.9973009446693657,0.9811066126855601,0.9973009446693657,2014-11-03,2023-12-29,False
1613,UPS,UPS,True,True,0.9973009446693657,741,0.9973009446693657,0.9811066126855601,0.9973009446693657,2014-11-03,2023-12-29,False
1614,URI,URI,True,True,0.9973009446693657,741,0.9973009446693657,0.9973009446693657,0.9973009446693657,2014-11-03,2023-12-29,False
1615,USB,USB,True,True,0.9973009446693657,741,0.9973009446693657,0.9824561403508771,0.9973009446693657,2014-11-03,2023-12-29,False
1616,USB-H,USB-PH,True,True,0.9973009446693657,741,0.9973009446693657,0.9824561403508771,0.9973009446693657,2014-11-03,2023-12-29,False
1617,USB-M,,False,False,,0,,,,,,
1618,USG,USG,True,False,0.0,0,0.0,0.0,0.0,2021-11-03,2023-12-29,False
1619,USM,,False,False,,0,,,,,,
1620,USNA,USNA,True,False,0.9284750337381916,741,0.9298245614035088,0.9298245614035088,0.9298245614035088,2014-11-03,2023-12-29,False
1621,USPH,USPH,True,True,0.9973009446693657,741,0.9973009446693657,0.9811066126855601,0.9973009446693657,2014-11-03,2023-12-29,False
1622,UTF,UTF,True,True,0.9973009446693657,741,0.9973009446693657,0.9676113360323887,0.9973009446693657,2014-11-03,2023-12-29,False
1623,UTL,UTL,True,True,0.9973009446693657,741,0.9973009446693657,0.9811066126855601,0.9973009446693657,2014-11-03,2023-12-29,False
1624,UTX,,False,False,,0,,,,,,
1625,UVV,UVV,True,True,0.9973009446693657,741,0.9973009446693657,0.9811066126855601,0.9973009446693657,2014-11-03,2023-12-29,False
1626,UZA,,False,False,,0,,,,,,
1627,V,V,True,True,0.9878542510121457,741,0.9892037786774629,0.9730094466936572,0.9892037786774629,2014-11-03,2023-12-29,False
1628,VAC,VAC,True,True,0.9973009446693657,741,0.9973009446693657,0.9824561403508771,0.9973009446693657,2014-11-03,2023-12-29,False
1629,VAR,,False,False,,0,,,,,,
1630,VBF,VBF,True,True,0.951417004048583,741,0.951417004048583,0.9068825910931174,0.951417004048583,2014-11-03,2023-12-29,False
1631,VC,VC,True,True,0.9973009446693657,741,0.9973009446693657,0.9959514170040485,0.9973009446693657,2014-11-03,2023-12-29,False
1632,VCO,,False,False,,0,,,,,,
1633,VCRA,,False,False,,0,,,,,,
1634,VER,,False,False,,0,,,,,,
1635,VET,VET,True,True,0.997289972899729,738,0.997289972899729,0.9512195121951219,0.997289972899729,2014-11-03,2023-12-29,False
1636,VFC,VFC,True,True,0.9973009446693657,741,0.9973009446693657,0.9811066126855601,0.9973009446693657,2014-11-03,2023-12-29,False
1637,VGI,VGI,True,False,0.9487179487179487,741,0.9487179487179487,0.9041835357624831,0.9487179487179487,2014-11-03,2023-12-29,False
1638,VGM,VGM,True,True,0.9919028340080972,741,0.9919028340080972,0.9473684210526315,0.9919028340080972,2014-11-03,2023-12-29,False
1639,VGR,,False,False,,0,,,,,,
1640,VIV,VIV,True,True,0.9973009446693657,741,0.9973009446693657,0.9676113360323887,0.9973009446693657,2014-11-03,2023-12-29,False
1641,VKQ,VKQ,True,True,0.9946018893387314,741,0.9946018893387314,0.9487179487179487,0.9946018893387314,2014-11-03,2023-12-29,False
1642,VLO,VLO,True,True,0.9973009446693657,741,0.9973009446693657,0.9811066126855601,0.9973009446693657,2014-11-03,2023-12-29,False
1643,VLT,VLT,True,False,0.9149797570850202,741,0.9149797570850202,0.8717948717948718,0.9149797570850202,2014-11-03,2023-12-29,False
1644,VLY,VLY,True,True,0.9973009446693657,741,0.9973009446693657,0.9824561403508771,0.9973009446693657,2014-11-03,2023-12-29,False
1645,VMC,VMC,True,True,0.9973009446693657,741,0.9973009446693657,0.9811066126855601,0.9973009446693657,2014-11-03,2023-12-29,False
1646,VMI,VMI,True,True,0.9973009446693657,741,0.9973009446693657,0.9824561403508771,0.9973009446693657,2014-11-03,2023-12-29,False
1647,VMW,,False,False,,0,,,,,,
1648,VNO,VNO,True,True,0.9973009446693657,741,0.9946018893387314,0.9784075573549258,0.9973009446693657,2014-11-03,2023-12-29,False
1649,VNO-I,,False,False,,0,,,,,,
1650,VNO-K,,False,False,,0,,,,,,
1651,VNTV,,False,False,,0,,,,,,
1652,VPG,VPG,True,True,0.9973009446693657,741,0.9973009446693657,0.9973009446693657,0.9973009446693657,2014-11-03,2023-12-29,False
1653,VPV,VPV,True,True,0.9635627530364372,741,0.9635627530364372,0.9163292847503374,0.9635627530364372,2014-11-03,2023-12-29,False
1654,VR,,False,False,,0,,,,,,
1655,VSH,VSH,True,True,0.9973009446693657,741,0.9973009446693657,0.9811066126855601,0.9973009446693657,2014-11-03,2023-12-29,False
1656,VTA,,False,False,,0,,,,,,
1657,VTR,VTR,True,True,0.9973009446693657,741,0.9959514170040485,0.979757085020243,0.9973009446693657,2014-11-03,2023-12-29,False
1658,VVC,,False,False,,0,,,,,,
1659,VVI,,False,False,,0,,,,,,
1660,VZ,VZ,True,True,0.9973009446693657,741,0.9973009446693657,0.9811066126855601,0.9973009446693657,2014-11-03,2023-12-29,False
1661,WAB,WAB,True,True,0.9973009446693657,741,0.9973009446693657,0.9811066126855601,0.9973009446693657,2014-11-03,2023-12-29,False
1662,WAGE,,False,False,,0,,,,,,
1663,WAIR,,False,False,,0,,,,,,
1664,WAL,WAL,True,True,0.9973009446693657,741,0.9973009446693657,0.9973009446693657,0.9973009446693657,2014-11-03,2023-12-29,False
1665,WAT,WAT,True,True,0.9973009446693657,741,0.9973009446693657,0.9973009446693657,0.9973009446693657,2014-11-03,2023-12-29,False
1666,WBC,,False,False,,0,,,,,,
1667,WBK,,False,False,,0,,,,,,
1668,WBS,,False,False,,0,,,,,,
1669,WCC,WCC,True,True,1.0,741,1.0,1.0,1.0,2014-11-03,2023-12-29,False
1670,WCG,,False,False,,0,,,,,,
1671,WCN,WCN,True,False,0.4601889338731444,741,0.46153846153846156,0.45479082321187586,0.46153846153846156,2014-11-03,2023-12-29,False
1672,WD,WD,True,True,0.9973009446693657,741,0.9973009446693657,0.9973009446693657,0.9973009446693657,2014-11-03,2023-12-29,False
1673,WDR,,False,False,,0,,,,,,
1674,WEA,WEA,True,False,0.941970310391363,741,0.941970310391363,0.8974358974358975,0.941970310391363,2014-11-03,2023-12-29,False
1675,WEC,WEC,True,True,0.9973009446693657,741,0.9973009446693657,0.979757085020243,0.9973009446693657,2014-11-03,2023-12-29,False
1676,WES,WES,True,False,0.005398110661268556,741,0.005398110661268556,0.005398110661268556,0.005398110661268556,2014-11-03,2023-12-29,False
1677,WEX,WEX,True,True,0.9973009446693657,741,0.9973009446693657,0.9973009446693657,0.9973009446693657,2014-11-03,2023-12-29,False
1678,WFC,WFC,True,True,0.9973009446693657,741,0.9973009446693657,0.9811066126855601,0.9973009446693657,2014-11-03,2023-12-29,False
1679,WFC-J,,False,False,,0,,,,,,
1680,WFC-L,WFC-PL,True,True,0.997289972899729,738,0.997289972899729,0.981029810298103,0.997289972899729,2014-11-03,2023-12-29,False
1681,WFC-N,,False,False,,0,,,,,,
1682,WFC-O,,False,False,,0,,,,,,
1683,WGL,,False,False,,0,,,,,,
1684,WGO,WGO,True,True,0.9973009446693657,741,0.9973009446693657,0.979757085020243,0.9973009446693657,2014-11-03,2023-12-29,False
1685,WGP,,False,False,,0,,,,,,
1686,WHG,WHG,True,True,0.9973009446693657,741,0.9973009446693657,0.9811066126855601,0.9973009446693657,2014-11-03,2023-12-29,False
1687,WHR,WHR,True,True,0.9973009446693657,741,0.9973009446693657,0.9811066126855601,0.9973009446693657,2014-11-03,2023-12-29,False
1688,WIA,WIA,True,False,0.9325236167341431,741,0.9325236167341431,0.8866396761133604,0.9325236167341431,2014-11-03,2023-12-29,False
1689,WIW,WIW,True,False,0.9298245614035088,741,0.9298245614035088,0.8852901484480432,0.9298245614035088,2014-11-03,2023-12-29,False
1690,WLK,WLK,True,True,0.9973009446693657,741,0.9973009446693657,0.9811066126855601,0.9973009446693657,2014-11-03,2023-12-29,False
1691,WLL,,False,False,,0,,,,,,
1692,WM,WM,True,True,0.9973009446693657,741,0.9973009446693657,0.9811066126855601,0.9973009446693657,2014-11-03,2023-12-29,False
1693,WMB,WMB,True,True,0.9973009446693657,741,0.9973009446693657,0.9811066126855601,0.9973009446693657,2014-11-03,2023-12-29,False
1694,WMC,,False,False,,0,,,,,,
1695,WMK,WMK,True,True,0.9973009446693657,741,0.9973009446693657,0.9824561403508771,0.9973009446693657,2014-11-03,2023-12-29,False
1696,WMT,WMT,True,True,0.9973009446693657,741,0.9973009446693657,0.9811066126855601,0.9973009446693657,2014-11-03,2023-12-29,False
1697,WNC,WNC,True,True,0.9973009446693657,741,0.9973009446693657,0.9919028340080972,0.9973009446693657,2014-11-03,2023-12-29,False
1698,WNS,,False,False,,0,,,,,,
1699,WOR,WOR,True,True,0.9973009446693657,741,0.9973009446693657,0.9824561403508771,0.9973009446693657,2014-11-03,2023-12-29,False
1700,WPC,WPC,True,True,0.9973009446693657,741,0.9973009446693657,0.9824561403508771,0.9973009446693657,2014-11-03,2023-12-29,False
1701,WPM,WPM,True,True,0.9973009446693657,741,0.9973009446693657,0.979757085020243,0.9973009446693657,2014-11-03,2023-12-29,False
1702,WPZ,,False,False,,0,,,,,,
1703,WR,,False,False,,0,,,,,,
1704,WRB,WRB,True,True,0.997289972899729,738,0.997289972899729,0.9796747967479674,0.997289972899729,2014-11-03,2023-12-29,False
1705,WRE,,False,False,,0,,,,,,
1706,WRI,,False,False,,0,,,,,,
1707,WSM,WSM,True,True,0.9973009446693657,741,0.9973009446693657,0.9811066126855601,0.9973009446693657,2014-11-03,2023-12-29,False
1708,WSO,WSO,True,True,0.9973009446693657,741,0.9973009446693657,0.9811066126855601,0.9973009446693657,2014-11-03,2023-12-29,False
1709,WSO.B,WSO-B,True,False,0.94141689373297,734,0.94141689373297,0.9250681198910081,0.94141689373297,2014-11-03,2023-12-29,False
1710,WSR,,False,False,,0,,,,,,
1711,WST,WST,True,True,0.9973009446693657,741,0.9973009446693657,0.9811066126855601,0.9973009446693657,2014-11-03,2023-12-29,False
1712,WTM,WTM,True,True,0.9973009446693657,741,0.9973009446693657,0.9932523616734144,0.9973009446693657,2014-11-03,2023-12-29,False
1713,WTR,,False,False,,0,,,,,,
1714,WTS,WTS,True,True,0.9973009446693657,741,0.9973009446693657,0.9811066126855601,0.9973009446693657,2014-11-03,2023-12-29,False
1715,WU,WU,True,True,0.997289972899729,738,0.997289972899729,0.9823848238482384,0.997289972899729,2014-11-03,2023-12-29,False
1716,WWE,,False,False,,0,,,,,,
1717,WWW,WWW,True,True,0.9973009446693657,741,0.9973009446693657,0.9824561403508771,0.9973009446693657,2014-11-03,2023-12-29,False
1718,WY,WY,True,True,0.9973009446693657,741,0.9973009446693657,0.9811066126855601,0.9973009446693657,2014-11-03,2023-12-29,False
1719,WYN,,False,False,,0,,,,,,
1720,X,,False,False,,0,,,,,,
1721,XEC,,False,False,,0,,,,,,
1722,XEL,XEL,True,True,0.9973009446693657,741,0.9973009446693657,0.9824561403508771,0.9973009446693657,2014-11-03,2023-12-29,False
1723,XOM,XOM,True,True,0.9973009446693657,741,0.9973009446693657,0.9811066126855601,0.9973009446693657,2014-11-03,2023-12-29,False
1724,XOXO,,False,False,,0,,,,,,
1725,XPO,XPO,True,True,0.9973009446693657,741,0.9973009446693657,0.9973009446693657,0.9973009446693657,2014-11-03,2023-12-29,False
1726,XRX,XRX,True,True,0.9959514170040485,741,0.9959514170040485,0.9811066126855601,0.9973009446693657,2014-11-03,2023-12-29,False
1727,XYL,XYL,True,True,0.9973009446693657,741,0.9973009446693657,0.9811066126855601,0.9973009446693657,2014-11-03,2023-12-29,False
1728,Y,,False,False,,0,,,,,,
1729,YELP,YELP,True,True,0.9973009446693657,741,0.9973009446693657,0.9973009446693657,0.9973009446693657,2014-11-03,2023-12-29,False
1730,YPF,YPF,True,True,0.9973009446693657,741,0.9973009446693657,0.9932523616734144,0.9973009446693657,2014-11-03,2023-12-29,False
1731,YUM,YUM,True,True,1.0,741,0.9986504723346828,0.9824561403508771,1.0,2014-11-03,2023-12-29,False
1732,ZB-A,,False,False,,0,,,,,,
1733,ZBH,ZBH,True,True,0.9973009446693657,741,0.9973009446693657,0.9824561403508771,0.9973009446693657,2014-11-03,2023-12-29,False
1734,ZF,,False,False,,0,,,,,,
1735,ZNH,,False,False,,0,,,,,,
1736,ZTR,ZTR,True,True,0.9554655870445344,741,0.9554655870445344,0.9068825910931174,0.9554655870445344,2014-11-03,2023-12-29,False
