dataset,year,model,seed,k,method,selected_policy,cost_multiplier,gross_sharpe,gross_sharpe_rf0,gross_annualized_return,gross_cumulative_return,gross_annualized_volatility,gross_maximum_drawdown,gross_profitable_days,gross_days,net_sharpe,net_sharpe_rf0,net_annualized_return,net_cumulative_return,net_annualized_volatility,net_maximum_drawdown,net_profitable_days,net_days,turnover_mean,turnover_annual,profitable_periods,cost_dollars,stale_position_marks,constrained_orders,terminal_liquidation_over_cap,IC,RankIC,NDCG@5,NDCG@10,NDCG@20,ICIR,IC_periods,RankICIR,RankIC_periods,unobserved_labels,horizon,label,spy_sharpe,delta_spy,beats_spy,beta_to_spy,alpha_annualized,information_ratio,selected_architecture,eligible_min,eligible_max,start,end
NYSE_recent,2022,think,ensemble,10,buffer_inverse_vol,True,1.0,-0.3903823600643614,-0.255365178239464,-0.0766623034936061,-0.074614323421388,0.218939067507852,-0.1811391096452278,0.4816326530612245,245,-0.4178140635518108,-0.2828443344260295,-0.0822381786873542,-0.0800477936750528,0.2190160421729307,-0.1817552082047701,0.4775510204081633,245,0.133022934829233,6.704355915393347,0.5306122448979592,5550.970355504673,0.0,79.0,6.0,0.0286161588621329,0.0153405095857479,0.5236489020859666,0.538454469510185,0.5732990000295288,0.1946102132927213,49.0,0.1012447164387217,49.0,0.0,5,THINK reconstruction,-0.8525728255576697,0.4347587620058589,True,0.8300693680695385,0.08108469504873501,1.247798135928763,False,56,62,2022-01-07,2022-12-28
NYSE_recent,2022,think_rank,ensemble,20,inverse_vol,True,1.0,-0.2914140245255849,-0.1528158088899037,-0.0537309164009238,-0.052278112317979,0.2132822255373322,-0.1825186483491246,0.4530612244897959,245,-0.3792577368355012,-0.2406362687502569,-0.0712813519796481,-0.0693716627952875,0.2132464494467994,-0.1865617479533527,0.4530612244897959,245,0.445932716504546,22.47500891182912,0.5306122448979592,17114.725113249307,0.0,217.0,7.0,0.0439678449608098,0.0279106780682402,0.533946495670825,0.5502809862598115,0.5828338157214233,0.2702392055746222,49.0,0.1701506735638267,49.0,0.0,5,THINK + ranking loss,-0.8525728255576697,0.4733150887221685,True,0.8103387527911422,0.08761481163879498,1.3734015203662293,False,56,62,2022-01-07,2022-12-28
NYSE_recent,2022,think_gate,ensemble,10,buffer_inverse_vol,True,1.0,-0.2673362300558987,-0.1253469060514361,-0.0465597953255767,-0.0452962181282265,0.2081884401770383,-0.1766095832729149,0.4816326530612245,245,-0.3187145290045613,-0.1768130712713307,-0.056770665811765,-0.055238093728917,0.2083173517628962,-0.178506421494712,0.4816326530612245,245,0.2414020871326568,12.166665191485905,0.5714285714285714,10114.76724592118,0.0,141.0,6.0,0.0232496211384488,0.0067653094595824,0.5224288067596892,0.541911389669579,0.5791725094995168,0.1360640963574758,49.0,0.0388670471179107,49.0,0.0,5,THINK + market feature gate,-0.8525728255576697,0.5338582965531083,True,0.7816007756657462,0.09612104944186461,1.422572307379021,False,56,62,2022-01-07,2022-12-28
NYSE_recent,2022,think_mix,ensemble,20,inverse_vol,True,1.0,-0.7191503357838546,-0.5950046073496591,-0.1563436193483028,-0.15235002966754,0.2381115827271494,-0.2046209979886588,0.4775510204081633,245,-0.751309351294188,-0.6271852310860899,-0.1628188370508924,-0.1586758563541385,0.2381530345328688,-0.2069618107622644,0.4775510204081633,245,0.1826753052484113,9.20683538451993,0.5714285714285714,6774.165094478432,0.0,86.0,2.0,-0.0068162743176607,0.0034026163347843,0.4960114116420278,0.5181661526540912,0.5668053665679204,-0.038708122751418,49.0,0.019415810547422,49.0,0.0,5,THINK + stock mixer residual,-0.8525728255576697,0.1012634742634817,True,0.9170599323860433,0.011753641659540036,0.3440223453413169,False,56,62,2022-01-07,2022-12-28
NYSE_recent,2022,think_risk,ensemble,5,buffer_inverse_vol,True,1.0,-0.6354220472086565,-0.5072633547447527,-0.1337570383029568,-0.1302950358312938,0.2306557231348702,-0.2049610165412507,0.4571428571428571,245,-0.6608081734014276,-0.5326703268468881,-0.1388465019184092,-0.135263307059689,0.2306932470080121,-0.2054131324349409,0.4571428571428571,245,0.1209803716855744,6.097410732952951,0.4897959183673469,5315.213906786111,0.0,77.0,4.0,0.0239706828045878,0.0149835805755362,0.5151272756453725,0.5315749605991439,0.5738703277068706,0.186384076669727,49.0,0.11479766618498,49.0,0.0,5,THINK + volatility auxiliary task,-0.8525728255576697,0.19176465215624205,True,0.8642753680763205,0.027260997771737926,0.5579786252000224,False,56,62,2022-01-07,2022-12-28
NYSE_recent,2022,mlp,ensemble,5,inverse_vol,True,1.0,-0.9288518941412348,-0.8345855231117423,-0.2673338422374594,-0.2609756652639191,0.3135851689573664,-0.272546690161809,0.4938775510204081,245,-1.0313654894254154,-0.9370619628891744,-0.290431099771101,-0.2836362319692938,0.3134616166758194,-0.2886239955417948,0.4897959183673469,245,0.7239478845286157,36.48697338024223,0.4081632653061224,25324.10820818434,0.0,131.0,2.0,0.0157740355361142,0.0115583764547622,0.5231937532695854,0.5382146390323744,0.5781054775315365,0.0959698243513758,49.0,0.0768194750542666,49.0,0.0,5,Shared MLP,-0.8525728255576697,-0.17879266386774573,False,1.0313319791103368,-0.10885316542185798,-0.6161960918954094,False,56,62,2022-01-07,2022-12-28
NYSE_recent,2022,lstm,ensemble,20,inverse_vol,True,1.0,-0.5226602745572455,-0.4087528287775178,-0.1302852847087657,-0.1269064185201183,0.2595136400779704,-0.1995982561508626,0.4693877551020408,245,-0.6149180195669206,-0.5009484629499761,-0.1507723201391478,-0.1469083466852545,0.2593722109987239,-0.213099850964692,0.4653061224489795,245,0.5600653974175555,28.227296029844798,0.4489795918367347,20649.67605076737,0.0,225.0,2.0,0.0160344965985402,0.007920663435668,0.5192661443865361,0.54060919061041,0.5744883537954978,0.091052457946235,49.0,0.0470584280042294,49.0,0.0,5,LSTM,-0.8525728255576697,0.23765480599074906,True,0.9567040751887177,0.039430629700682965,0.4256590688858655,False,56,62,2022-01-07,2022-12-28
NYSE_recent,2022,stockmixer,ensemble,5,confidence,True,1.0,-0.942400283691786,-0.8551496186899017,-0.2932200216048086,-0.2863737983878417,0.3388001213015718,-0.3338921567627989,0.4816326530612245,245,-1.034227422450974,-0.9469721901505562,-0.314891624967745,-0.3076566600106034,0.3387823871066538,-0.3484003559726294,0.473469387755102,245,0.7299295378369896,36.78844870698428,0.4489795918367347,23386.57366569684,0.0,53.0,1.0,0.0047268917661218,0.0115398892166728,0.4809160628303372,0.5205487474872805,0.563009806259184,0.0279117093988924,49.0,0.0677332092791895,49.0,0.0,5,StockMixer-inspired MLP,-0.8525728255576697,-0.18165459689330432,False,1.1587452929583397,-0.10944521602826947,-0.7465263622482647,False,56,62,2022-01-07,2022-12-28
NYSE_recent,2022,market_transformer,ensemble,5,inverse_vol,True,1.0,-0.3045852499228039,-0.2108448828251492,-0.109601409864868,-0.1067255849146395,0.3153447847658442,-0.2521132247613211,0.4857142857142857,245,-0.4695295065379667,-0.3756197027714342,-0.1543993504765606,-0.1504508811353998,0.3147758242554855,-0.2696038729316299,0.4775510204081633,245,1.1649722694504052,58.71460238030042,0.4897959183673469,42407.88930811122,0.0,132.0,2.0,0.0436679132039335,0.047664886606996,0.5198557066713617,0.5415428410495916,0.5850584529452311,0.2547389491064438,49.0,0.2819365608446653,49.0,0.0,5,MASTER-inspired Transformer,-0.8525728255576697,0.38304331901970295,True,0.9680888235240681,0.05349391929966302,0.2886211993005848,False,56,62,2022-01-07,2022-12-28
NYSE_recent,2022,think_huber,ensemble,20,inverse_vol,True,1.0,-0.227512360410383,-0.0792197364333181,-0.0349383040917949,-0.0339844795264406,0.1993392192645605,-0.1535442764419663,0.4816326530612245,245,-0.3890240606113689,-0.2406373889475603,-0.0654544088123377,-0.0636954238802626,0.1992128777795813,-0.1645933999447822,0.4775510204081633,245,0.7720023280801709,38.908917335240616,0.5918367346938775,29202.75692421806,0.0,292.0,8.0,0.0374426988186849,0.032699559188832,0.4939767504933494,0.5222877708857914,0.5752943156402098,0.218452892772828,49.0,0.2000353428094572,49.0,0.0,5,THINK / Huber,-0.8525728255576697,0.46354876494630076,True,0.7603936469963382,0.08060670834092842,1.3974712348041516,False,56,62,2022-01-07,2022-12-28
NYSE_recent,2022,think_mix_huber,ensemble,20,inverse_vol,True,1.0,-0.7934440204763898,-0.6603915012130923,-0.1575025821041432,-0.1534821543764709,0.2221719366905321,-0.2041387508554484,0.4775510204081633,245,-0.8244925679489209,-0.6914478195340806,-0.163310326143636,-0.1591560615711393,0.2221849132602356,-0.207371192242717,0.4775510204081633,245,0.1670553148268745,8.419587867274474,0.5510204081632653,6058.532675503451,0.0,58.0,5.0,-0.0173848384328799,-0.0126177135077029,0.4928445854423455,0.5210243566602278,0.5597601534337814,-0.0925989790152685,49.0,-0.0688107020377118,49.0,0.0,5,THINK+mixer / Huber,-0.8525728255576697,0.02808025760874877,True,0.865642220597905,-0.0032006251093970226,0.32282324971122756,False,56,62,2022-01-07,2022-12-28
NYSE_recent,2022,stockmixer_huber,ensemble,20,buffer_inverse_vol,True,1.0,-0.5482944990020941,-0.4260321760672103,-0.1237564593797663,-0.1205349520222638,0.2417796028791707,-0.188202860128734,0.4857142857142857,245,-0.5870062244029518,-0.4647673316386634,-0.1319580077129198,-0.1285390386953903,0.2418259460455223,-0.1929344474108406,0.4857142857142857,245,0.2242395963557911,11.301675656331872,0.5102040816326531,8362.855753779731,0.0,88.0,5.0,-0.0170534613342065,-0.0031430555208565,0.4947164723923265,0.5047090163822742,0.5573270364162192,-0.0992957189667679,49.0,-0.0180304215017447,49.0,0.0,5,StockMixer / Huber,-0.8525728255576697,0.26556660115471786,True,0.9273578983279684,0.050868118816671234,0.7546025067362955,False,56,62,2022-01-07,2022-12-28
NYSE_recent,2022,think_mix_shrink,ensemble,20,inverse_vol,True,1.0,-0.9102828825626208,-0.7857007688291082,-0.1931190018732326,-0.1882952014738923,0.2372775272501204,-0.2267091996204099,0.4612244897959183,245,-0.952836888519623,-0.828267155357628,-0.2012559360550543,-0.1962545222301193,0.2373011094744784,-0.2317231487386567,0.4612244897959183,245,0.2431064105503417,12.252563091737224,0.4897959183673469,8595.050094105454,0.0,105.0,4.0,-0.0114012749583435,-0.0075587758175324,0.4935335330574317,0.5241247543265252,0.556527931403071,-0.0729308015644335,49.0,-0.044834101461557,49.0,0.0,5,THINK+mixer x0.1 / MSE,-0.8525728255576697,-0.10026406296195334,False,0.919196764047067,-0.034984705229528595,-0.22647897639197326,False,56,62,2022-01-07,2022-12-28
NYSE_recent,2022,think_mix_shrink_huber,ensemble,5,confidence,True,1.0,-1.214958621662361,-1.1205264890637323,-0.3297471125954391,-0.3222564447244203,0.3130347168153489,-0.3405763959484161,0.4612244897959183,245,-1.284955552316707,-1.190397166922178,-0.3438626084018109,-0.3361373030722061,0.3126167580267446,-0.3500335812803129,0.4571428571428571,245,0.4967904334232237,25.038237844530475,0.4693877551020408,15948.143387881342,0.0,110.0,1.0,-0.0312890706372948,-0.0216816318747361,0.4811948155661235,0.4997644395160918,0.5528109306953112,-0.1757564142428146,49.0,-0.1218279769946505,49.0,0.0,5,THINK+mixer x0.1 / Huber,-0.8525728255576697,-0.43238272675903744,False,1.0997903154753776,-0.17302406952039573,-1.1930169129871044,True,56,62,2022-01-07,2022-12-28
NYSE_recent,2022,multiscale_mse,ensemble,20,buffer_inverse_vol,True,1.0,-0.5422313459186181,-0.4323743250880424,-0.1413486153748556,-0.1377061379468159,0.2690818999349181,-0.2095882806465606,0.4897959183673469,245,-0.584864863149387,-0.4750124336198918,-0.1511586611474118,-0.1472856674001558,0.2690931462589475,-0.2156450126764618,0.4857142857142857,245,0.2768089704045597,13.951172108389814,0.4693877551020408,9937.77951453971,0.0,99.0,3.0,-0.0074151039854271,-0.007763354713601,0.5134522584271257,0.5283667073747861,0.5670938979743559,-0.0434871578166393,49.0,-0.0462934496191534,49.0,0.0,5,Multi-scale mixer / MSE,-0.8525728255576697,0.26770796240828265,True,1.0031545675640137,0.05119839670272814,0.4510145926613094,False,56,62,2022-01-07,2022-12-28
NYSE_recent,2022,multiscale_huber,ensemble,20,buffer_inverse_vol,True,1.0,-0.7287097082950303,-0.6107995271580764,-0.1684739269015926,-0.1642015880641814,0.2507038459380049,-0.2297048500157885,0.4816326530612245,245,-0.7781768393096012,-0.6602711850962159,-0.1787398218345223,-0.1742353272519827,0.2507134715760327,-0.2357697723475482,0.4775510204081633,245,0.2957778532565774,14.907203804131502,0.5102040816326531,10686.448733668803,0.0,130.0,4.0,-0.0217909192325897,-0.0223068350665321,0.5158844655481502,0.534217469456462,0.5646054851852144,-0.1505309501260866,49.0,-0.1400927173634486,49.0,0.0,5,Multi-scale mixer / Huber,-0.8525728255576697,0.07439598624806842,True,0.9451420503380555,0.00141981809448522,0.12887332636231547,False,56,62,2022-01-07,2022-12-28
NYSE_recent,2022,ridge,ensemble,5,buffer_equal,True,1.0,0.0416035832205479,0.1410420993238842,-0.0021752432859887,-0.0021148838013737,0.2972745073504707,-0.178295277791375,0.5265306122448979,245,-0.1272331448811897,-0.027558317606811,-0.050747815272096,-0.0493735494273032,0.2965697227135267,-0.1816499764759167,0.5183673469387755,245,1.1237598751430349,56.63749770720895,0.5102040816326531,46945.61336787744,0.0,152.0,3.0,0.0125727814617226,0.0087593353019978,0.5308431932138604,0.5468855622819141,0.5814529973334043,0.0775633695657788,49.0,0.0534476870471379,49.0,0.0,5,Ridge regression,-0.8525728255576697,0.72533968067648,True,0.9275526804815879,0.15512845606775794,0.8836644036077032,False,56,62,2022-01-07,2022-12-28
NYSE_recent,2022,momentum126,ensemble,20,buffer_inverse_vol,True,1.0,-0.6184010180136621,-0.4865798196161781,-0.1256085322609688,-0.1223422515258555,0.2242472094446182,-0.2030804689205507,0.4857142857142857,245,-0.640927835497356,-0.5091469458119411,-0.1300687074137816,-0.1266950399556978,0.2243158014553366,-0.2051411253879052,0.4857142857142857,245,0.1273648161009118,6.419186731485956,0.5306122448979592,4530.619459551305,0.0,21.0,1.0,-0.0116103950367862,-0.0258980067920766,0.5368222830764285,0.5411463054055271,0.5727877625141068,-0.0521596888078808,49.0,-0.1178740138057886,49.0,0.0,5,126-session momentum,-0.8525728255576697,0.21164499006031368,True,0.829904725991826,0.02878820321339236,0.6096574587633952,False,56,62,2022-01-07,2022-12-28
NYSE_recent,2022,reversal5,ensemble,20,inverse_vol,True,1.0,0.0642173069344991,0.1973837556738043,0.0195266094499115,0.0189790891658983,0.2219818592906286,-0.1310995723792967,0.4816326530612245,245,-0.1578409456157022,-0.0243000559306232,-0.0292900451607318,-0.0284881351855117,0.2213594349715048,-0.1358193911891911,0.473469387755102,245,1.1749818015609317,59.21908279867095,0.5306122448979592,45734.93929361592,0.0,346.0,1.0,0.0433874440407895,0.0440690577665601,0.5548901755670692,0.5656195962467858,0.5995836917057819,0.1973357906229806,49.0,0.2308195670134878,49.0,0.0,5,5-session reversal,-0.8525728255576697,0.6947318799419675,True,0.8001394334413086,0.13142989523556847,1.5001544663989264,False,56,62,2022-01-07,2022-12-28
NYSE_recent,2022,buy_hold,ensemble,0,buy_hold,True,1.0,-0.5953064544541983,-0.4658616409498214,-0.1240327753194261,-0.1208045813563525,0.2283640038253184,-0.1980839538085718,0.473469387755102,245,-0.6022206852595513,-0.472810476292111,-0.1254598887012891,-0.1221971974636442,0.2284250687959141,-0.1980839538085714,0.473469387755102,245,0.0401495731004814,2.0235384842642627,0.5510204081632653,1487.116043077437,0.0,7.0,0.0,,,,,,,,,,,5,Equal-weight buy-and-hold,-0.8525728255576697,0.25035214029811836,True,0.872506238652223,0.04385408824705114,0.7933327026017528,False,56,62,2022-01-07,2022-12-28
NYSE_recent,2022,equal_universe,ensemble,0,equal_universe,True,1.0,-0.58442691193464,-0.4588358865237233,-0.1268479569393021,-0.1235517728154899,0.2353714032476693,-0.1983481186305687,0.473469387755102,245,-0.5987237697921861,-0.4731542361800415,-0.1298122983761025,-0.1264447876611708,0.2354116881375608,-0.1992954986355607,0.473469387755102,245,0.083877961888785,4.227449279194766,0.5510204081632653,3056.5836360218477,0.0,44.0,5.0,,,,,,,,,,,5,Equal-weight rebalanced universe,-0.8525728255576697,0.25384905576548356,True,0.9015137207472488,0.046501214669194366,0.765458807130081,False,56,62,2022-01-07,2022-12-28
NYSE_recent,2022,market_proxy,ensemble,0,buy_hold,True,1.0,-0.8468762304626086,-0.7256441230939437,-0.1866907785724136,-0.1820088711602808,0.2438342162640794,-0.2342399133208702,0.436734693877551,245,-0.8525728255576697,-0.7313635627343519,-0.1878615105258947,-0.1831536579250031,0.243880172172736,-0.2342399133208706,0.436734693877551,245,0.0408163265306122,2.057142857142857,0.5102040816326531,,,,,,,,,,,,,,,5,SPY,-0.8525728255576697,0.0,False,1.0,1.852823278238043e-16,,False,56,62,2022-01-07,2022-12-28
NYSE_recent,2023,think,ensemble,10,buffer_equal,True,1.0,0.1231357690798378,0.2986319135489247,0.0368848393985059,0.0358421175900913,0.1684398023427127,-0.1760923582346848,0.5224489795918368,245,-0.1113502536981903,0.0641146647028382,-0.0032788224208035,-0.0031878893508772,0.1684697782078579,-0.1868083740504585,0.5142857142857142,245,0.9132732050169808,46.02896953285583,0.5102040816326531,37088.84121868533,0.0,234.0,3.0,-0.0261421316389586,-0.030475973433882,0.4856174582393815,0.5057000515303932,0.5589988104075521,-0.185358014020321,49.0,-0.2071541256735058,49.0,0.0,5,THINK reconstruction,1.7375089881290413,-1.8488592418272316,False,0.919928585791456,-0.22817278653120857,-2.0850116894898765,False,56,63,2023-01-06,2023-12-27
NYSE_recent,2023,think_rank,ensemble,5,buffer_equal,True,1.0,-0.3902084469023669,-0.2141270207483538,-0.048740463481165,-0.0474191893802086,0.1678799208522166,-0.2280383872838102,0.5102040816326531,245,-0.6795302001673297,-0.50403391996802,-0.0942871075539039,-0.0917921387534016,0.1684396720700262,-0.2577153888980253,0.5020408163265306,245,1.0946772555843656,55.171733681452025,0.4693877551020408,41562.09569374586,0.0,188.0,2.0,-0.0259523566966714,-0.0309727323519306,0.4871328519787307,0.5068200974335649,0.5572654549859338,-0.1870760266673448,49.0,-0.2166507221235024,49.0,0.0,5,THINK + ranking loss,1.7375089881290413,-2.417039188296371,False,0.8956577915850755,-0.31834844569522586,-2.813110743208138,False,56,63,2023-01-06,2023-12-27
NYSE_recent,2023,think_gate,ensemble,5,buffer_equal,True,1.0,-0.1651287523802927,0.0177734927747631,-0.010040486464891,-0.0097629500341613,0.1616193167077917,-0.1962378671949103,0.4857142857142857,245,-0.4662997683739727,-0.2837170722051323,-0.0572502851998877,-0.0557051513005334,0.1619021764195307,-0.2076263410681972,0.4612244897959183,245,1.0935750032735403,55.11618016498643,0.4489795918367347,42981.71560322573,0.0,183.0,4.0,-0.0215674894958453,-0.0295615626766388,0.4957832353839556,0.5060718709816514,0.5559029127078462,-0.1501278657486982,49.0,-0.1843698007585213,49.0,0.0,5,THINK + market feature gate,1.7375089881290413,-2.203808756503014,False,0.7872946068400796,-0.2547156251243516,-2.370755248930228,False,56,63,2023-01-06,2023-12-27
NYSE_recent,2023,think_mix,ensemble,5,inverse_vol,True,1.0,0.9237628807192444,1.080286044954118,0.2046510082360864,0.1984367071702693,0.1888572597594792,-0.1438472332177711,0.5428571428571428,245,0.9070753931616564,1.0637100170036229,0.200746525123203,0.1946600938702678,0.1887228708520137,-0.144115699073729,0.5428571428571428,245,0.0777066678865747,3.916416061483365,0.5510204081632653,3412.592785406151,0.0,0.0,0.0,0.0035690198362537,0.023719370394908,0.5259842117774212,0.5454349482214575,0.5815618291307391,0.0228716065042945,49.0,0.170325869410237,49.0,0.0,5,THINK + stock mixer residual,1.7375089881290413,-0.8304335949673849,False,0.9484452545727501,-0.044719330002896907,-0.39701126199226555,True,56,63,2023-01-06,2023-12-27
NYSE_recent,2023,think_risk,ensemble,20,buffer_equal,True,1.0,-0.3338674378251882,-0.1610117654968525,-0.0412093962344579,-0.0400879525978576,0.1710128194701735,-0.2157021410879842,0.4938775510204081,245,-0.5027629178494916,-0.3297459248372012,-0.0684148020059977,-0.0665791281555294,0.1708533674734557,-0.2310685837707868,0.4938775510204081,245,0.6810427154406914,34.32455285821084,0.4897959183673469,27441.68718358181,0.0,219.0,5.0,-0.0427380253177187,-0.0450892621231864,0.4812604166319136,0.5127691925263447,0.5587499021191584,-0.2907530834122173,49.0,-0.3060654733633964,49.0,0.0,5,THINK + volatility auxiliary task,1.7375089881290413,-2.240271905978533,False,0.9655068182778487,-0.3056878544259026,-2.727993373897862,False,56,63,2023-01-06,2023-12-27
NYSE_recent,2023,mlp,ensemble,10,equal,True,1.0,-0.0287385933767294,0.1016229171347066,-0.0024540722189765,-0.0023859849366225,0.2267581571455321,-0.2390389473521724,0.4938775510204081,245,-0.1645375634103256,-0.0340690972571557,-0.0326384944962279,-0.0317464176576175,0.226572264991428,-0.2556556839681836,0.4938775510204081,245,0.7067203369974916,35.618704984673585,0.4897959183673469,29339.6183798943,0.0,167.0,4.0,-0.0270515165749331,-0.0271478579668402,0.5088827749625099,0.532770168054655,0.5661076961453521,-0.132411488939708,49.0,-0.130666080429653,49.0,0.0,5,Shared MLP,1.7375089881290413,-1.902046551539367,False,1.0445770559716188,-0.2750684079471999,-1.4663727063836107,False,56,63,2023-01-06,2023-12-27
NYSE_recent,2023,lstm,ensemble,20,buffer_inverse_vol,True,1.0,0.6997259856863074,0.9091241343008968,0.1256945271802196,0.1219983181729018,0.1411690412826391,-0.1352292830592658,0.5306122448979592,245,0.5378348264937037,0.7472462319830083,0.1002650874505006,0.0973486378386117,0.1411601045187145,-0.1399765115522427,0.5265306122448979,245,0.5363702212409923,27.033059150546013,0.5102040816326531,22633.73338805661,0.0,306.0,7.0,-0.0014237351141059,-0.014614526676288,0.5093770642898913,0.5257789124719234,0.5651183818385832,-0.0124706367948407,49.0,-0.1194640235589134,49.0,0.0,5,LSTM,1.7375089881290413,-1.1996741616353375,False,0.8380550602766249,-0.11485502724369705,-1.6632801011040503,False,56,63,2023-01-06,2023-12-27
NYSE_recent,2023,stockmixer,ensemble,10,buffer_equal,True,1.0,0.9448370039663142,1.1041127073231056,0.2065391164260051,0.2002628587561485,0.1855935039888853,-0.1611139355863128,0.5346938775510204,245,0.7668106504336563,0.9263245343711674,0.1671599320796581,0.1621592347816263,0.1853163822270253,-0.1658934761876284,0.5346938775510204,245,0.7669389043024195,38.65372077684194,0.5510204081632653,34762.08145714106,0.0,140.0,3.0,-0.0153472534914543,-0.0103831149685692,0.5324624489958443,0.5538478879513792,0.5765507967445384,-0.1105575886037072,49.0,-0.0678139821727181,49.0,0.0,5,StockMixer-inspired MLP,1.7375089881290413,-0.970698337695385,False,1.027885225250732,-0.09188643580158315,-0.6716464292918872,False,56,63,2023-01-06,2023-12-27
NYSE_recent,2023,market_transformer,ensemble,5,buffer_equal,True,1.0,-0.8289207183891423,-0.661879400016304,-0.1243238908221808,-0.1210886546727559,0.1769654129543066,-0.2284737167038317,0.4775510204081633,245,-1.0921574288712363,-0.925014202248777,-0.1640928564500491,-0.1599206422896826,0.1768575160574831,-0.2555679693451463,0.4653061224489795,245,1.070989850023836,53.97788844120132,0.4081632653061224,40403.012159787104,0.0,132.0,0.0,0.0027226475850938,0.0079638360398011,0.4988705064406982,0.5284001072995483,0.5758679887279652,0.0207009274011605,49.0,0.0553209871461977,49.0,0.0,5,MASTER-inspired Transformer,1.7375089881290413,-2.8296664170002774,False,0.7945915467603833,-0.37403801182968666,-2.892425932292306,False,56,63,2023-01-06,2023-12-27
NYSE_recent,2023,think_huber,ensemble,5,buffer_equal,True,1.0,-0.0540302179313237,0.1193128372689278,0.0059268726973487,0.0057617639709086,0.1705319884441396,-0.1548166095351404,0.5061224489795918,245,-0.3203413097125576,-0.1472566626194385,-0.0388607432441394,-0.0378019469010267,0.1707865855391418,-0.1817645858682162,0.4857142857142857,245,1.0092869964143747,50.86806461928448,0.5102040816326531,42707.82354059395,0.0,192.0,5.0,-0.0138979852301285,-0.0193726631261569,0.5076908059320235,0.530130651576356,0.56601805547443,-0.093908352618913,49.0,-0.1338343128900808,49.0,0.0,5,THINK / Huber,1.7375089881290413,-2.0578502978415987,False,0.8319569788707648,-0.2440976715768473,-2.1179854513074545,False,56,63,2023-01-06,2023-12-27
NYSE_recent,2023,think_mix_huber,ensemble,10,inverse_vol,True,1.0,1.03268654821258,1.2100869892390993,0.2065248976229434,0.2002491068273646,0.1666316933330634,-0.123802690520035,0.5510204081632653,245,1.0116044664660055,1.1891089946382782,0.2021972905548386,0.1960633872485033,0.1665339819251929,-0.1241031086287559,0.5469387755102041,245,0.0843472699565412,4.251102405809678,0.5714285714285714,3774.031182818392,0.0,43.0,1.0,0.0049358647917107,0.0239335242548557,0.5266948770475713,0.5460472038028534,0.581361428681352,0.0313312139831089,49.0,0.1682304624338318,49.0,0.0,5,THINK+mixer / Huber,1.7375089881290413,-0.7259045216630358,False,0.9342110007562515,-0.04419837992999218,-0.5224848393523598,False,56,63,2023-01-06,2023-12-27
NYSE_recent,2023,stockmixer_huber,ensemble,10,buffer_equal,True,1.0,0.6978824328133812,0.8786722043377322,0.1392396021609847,0.1351217167863989,0.1635077893900628,-0.1490818111190167,0.5061224489795918,245,0.4265116117195572,0.6075029337118821,0.0897588365779424,0.0871599468786088,0.1633257084421688,-0.1573814996368561,0.5020408163265306,245,1.0293634862400525,51.87991970649863,0.4897959183673469,45465.79351768899,0.0,215.0,4.0,-0.0064167719000608,-0.0034457967755343,0.5435911196961574,0.5434707705144947,0.5821802518105539,-0.0458430501205986,49.0,-0.0251650078420845,49.0,0.0,5,StockMixer / Huber,1.7375089881290413,-1.310997376409484,False,0.8780748281545667,-0.13022568383180874,-1.3499253806002383,False,56,63,2023-01-06,2023-12-27
NYSE_recent,2023,think_mix_shrink,ensemble,5,confidence,True,1.0,1.0046205736802356,1.1567236545601314,0.2286642119417727,0.2216560573650623,0.1943454117778381,-0.1445759374604099,0.5346938775510204,245,0.9892340979501016,1.1414337795150464,0.2248777312710008,0.2179955975780221,0.194222061323219,-0.1448394625366098,0.5346938775510204,245,0.0738857991480209,3.723844277060258,0.5306122448979592,3280.038218208274,0.0,0.0,1.0,0.0033023995955893,0.0226940771963633,0.5273115302876875,0.5460387164868825,0.5816824302368763,0.0212902350144494,49.0,0.1622730444710585,49.0,0.0,5,THINK+mixer x0.1 / MSE,1.7375089881290413,-0.7482748901789397,False,1.0072821565397083,-0.03716781876851289,-0.24918870042815436,False,56,63,2023-01-06,2023-12-27
NYSE_recent,2023,think_mix_shrink_huber,ensemble,10,equal,True,1.0,1.0091232186953722,1.1689738662091669,0.2202732544343315,0.2135439423793197,0.1849259689969677,-0.1470145154640063,0.5673469387755102,245,0.990671459882712,1.150620274324615,0.2160079423868635,0.2094197788682736,0.1848124725989649,-0.1471852901579805,0.563265306122449,245,0.0827332948373389,4.169758059801883,0.5714285714285714,3724.5591505338334,0.0,33.0,1.0,0.0047880578151145,0.0230440494065863,0.5263490605472972,0.5459937404491338,0.5818478277277519,0.0305119778408801,49.0,0.1618105129840505,49.0,0.0,5,THINK+mixer x0.1 / Huber,1.7375089881290413,-0.7468375282463293,False,1.044902572794529,-0.054774418530519835,-0.35844663172705843,False,56,63,2023-01-06,2023-12-27
NYSE_recent,2023,multiscale_mse,ensemble,5,buffer_inverse_vol,True,1.0,0.3657101571429564,0.5253061909141795,0.0835924132897329,0.0811786395505815,0.1852209932024717,-0.1683594764447945,0.5142857142857142,245,0.2197373602604539,0.3793698084012648,0.0546913798724306,0.053132521623983,0.1851787417317937,-0.1742912909299165,0.5102040816326531,245,0.6048935292198648,30.486633872681185,0.4897959183673469,26965.14909892957,0.0,107.0,3.0,-0.0074910560582159,-0.0106349471170217,0.4965698841036307,0.5204828947964145,0.5669634138753059,-0.0623420586676792,49.0,-0.0804936269206493,49.0,0.0,5,Multi-scale mixer / MSE,1.7375089881290413,-1.5177716278685873,False,0.8890262573556653,-0.1616883034181725,-1.2920581402503455,False,56,63,2023-01-06,2023-12-27
NYSE_recent,2023,multiscale_huber,ensemble,20,equal,True,1.0,0.5464621614406889,0.7100213333912596,0.1185734235185786,0.1150971479251024,0.1807329759239345,-0.1604615733652562,0.5387755102040817,245,0.331646198018826,0.4952522314774484,0.0759813687198234,0.0737947740472213,0.1806812087633511,-0.1669665725040282,0.5265306122448979,245,0.9227196160792892,46.50506865039617,0.5714285714285714,39732.83966662575,0.0,241.0,2.0,-0.0025619767296408,0.0075053933862599,0.4805427547782987,0.5188458543174163,0.5699996418549466,-0.0148740079473711,49.0,0.0416282845722122,49.0,0.0,5,Multi-scale mixer / Huber,1.7375089881290413,-1.4058627901102154,False,1.0233519051512996,-0.17303480509090163,-1.3843177115277836,False,56,63,2023-01-06,2023-12-27
NYSE_recent,2023,ridge,ensemble,10,buffer_equal,True,1.0,0.904419858608897,1.0497686730321352,0.2127401377844768,0.206259841293481,0.2033765187805689,-0.1757437506474448,0.4979591836734693,245,0.6953972157308322,0.840815552516828,0.1622396380500259,0.1573958317195656,0.20327928746554,-0.1847938194045698,0.4938775510204081,245,0.9710469827805204,48.94076793213822,0.5714285714285714,44132.96860387906,0.0,234.0,4.0,0.0540938132798713,0.0492988434542843,0.5477522021462937,0.5586055482622353,0.5906795308236377,0.297388165060486,49.0,0.2749742995318338,49.0,0.0,5,Ridge regression,1.7375089881290413,-1.0421117723982092,False,0.9936655894306445,-0.08483936240305602,-0.5526452997878234,False,56,63,2023-01-06,2023-12-27
NYSE_recent,2023,momentum126,ensemble,5,equal,True,1.0,0.4740163128164648,0.6128861325715987,0.1138855231545652,0.110553366418044,0.2128650842811247,-0.1682066336224997,0.5142857142857142,245,0.3897477017412503,0.5287913876822331,0.0940379505355997,0.0913100490284974,0.2125989086539906,-0.1727833086728545,0.5102040816326531,245,0.4055307321594346,20.438748900835503,0.4897959183673469,17738.636146367575,0.0,53.0,1.0,-0.0086992935174466,0.0054727518986771,0.5091081386985603,0.5181108341806943,0.5696344427764345,-0.0414009223797799,49.0,0.0279894218179397,49.0,0.0,5,126-session momentum,1.7375089881290413,-1.347761286387791,False,1.0073695562643101,-0.1464588641399401,-0.8686504277454352,False,56,63,2023-01-06,2023-12-27
NYSE_recent,2023,reversal5,ensemble,5,inverse_vol,True,1.0,1.808092063186525,1.975272303971958,0.395896176313687,0.3830230551535232,0.1768183593192721,-0.0731092953896639,0.5469387755102041,245,1.466388237611543,1.6332801185318189,0.3146644335915907,0.3047115277106267,0.1771238703960813,-0.0835785933736192,0.5265306122448979,245,1.348109763850577,67.94473209806908,0.5306122448979592,66981.16409921202,0.0,168.0,0.0,0.0339763224543248,0.0496683003276978,0.5521835076712112,0.5604484353307401,0.6004288901226733,0.1959964902173697,49.0,0.3022440235351742,49.0,0.0,5,5-session reversal,1.7375089881290413,-0.2711207505174984,False,0.757651253357291,0.08725973052196591,0.21380996436415756,False,56,63,2023-01-06,2023-12-27
NYSE_recent,2023,buy_hold,ensemble,0,buy_hold,True,1.0,0.7782854914228579,0.971845909407126,0.1465816713332945,0.1422334029754475,0.1527199424041527,-0.1418285743584513,0.5265306122448979,245,0.7679540246294299,0.9616704894946868,0.1446878891129157,0.1403991661519126,0.1525969199718906,-0.1418285743584518,0.5265306122448979,245,0.0401547389022171,2.023798840671744,0.5306122448979592,1740.7612934482615,0.0,6.0,10.0,,,,,,,,,,,5,Equal-weight buy-and-hold,1.7375089881290413,-0.9695549634996115,False,0.9309783319364936,-0.09474159246245893,-1.1987301130076764,False,56,63,2023-01-06,2023-12-27
NYSE_recent,2023,equal_universe,ensemble,0,equal_universe,True,1.0,0.7231444448992446,0.9058358203320468,0.1428453628421004,0.1386144927555013,0.1618058642136292,-0.1453106477959869,0.5183673469387755,245,0.7036348554195767,0.8864644394423178,0.1391691941376631,0.1350535119098348,0.1616835483397713,-0.1457026486997413,0.5183673469387755,245,0.0793236622199142,3.997912575883676,0.5306122448979592,3334.033474616196,0.0,52.0,5.0,,,,,,,,,,,5,Equal-weight rebalanced universe,1.7375089881290413,-1.0338741327094647,False,0.9672044509052894,-0.10640938781487506,-1.1329695208599857,False,56,63,2023-01-06,2023-12-27
NYSE_recent,2023,market_proxy,ensemble,0,buy_hold,True,1.0,1.7469827519801924,1.9723951134941915,0.2839977994541771,0.2751127989488409,0.1311398172120445,-0.0997433201537759,0.563265306122449,245,1.7375089881290413,1.9631346658753184,0.2821495267278664,0.2733282658355829,0.1310158319813354,-0.0997433201537766,0.563265306122449,245,0.0408163265306122,2.057142857142857,0.6530612244897959,,,,,,,,,,,,,,,5,SPY,1.7375089881290413,0.0,False,1.0000000000000007,-1.3542059096238738e-17,,False,56,63,2023-01-06,2023-12-27
NYSE_recent,2024,think,ensemble,5,buffer_inverse_vol,True,1.0,-0.3816052527131509,-0.218685705619933,-0.0545879688762129,-0.0531126475604094,0.1814425365997824,-0.11233292185157,0.5346938775510204,245,-0.4692528925723175,-0.306261941282867,-0.0694598855824161,-0.0675971996183036,0.1813630490062329,-0.1140984033753939,0.5346938775510204,245,0.3473013240127261,17.503986730241394,0.5102040816326531,14738.558646874704,0.0,78.0,2.0,-0.0205476396355594,-0.0114595935243441,0.5111868259612672,0.5187669032114348,0.5693514461186009,-0.1279138291584068,49.0,-0.0707802374097567,49.0,0.0,5,THINK reconstruction,1.9869688502840344,-2.4562217428563518,False,0.8561193109433818,-0.29869983973091846,-2.27332136385361,False,56,61,2024-01-05,2024-12-24
NYSE_recent,2024,think_rank,ensemble,5,inverse_vol,True,1.0,-0.2190794911451049,-0.0517283921186921,-0.0244036525114231,-0.0237338829556925,0.1766378354146073,-0.1233577317093265,0.5265306122448979,245,-0.4099298825197401,-0.242837405662577,-0.0569020771344123,-0.0553660625725337,0.1769112316860957,-0.1365490296427867,0.5142857142857142,245,0.7368153414960684,37.13549321140185,0.4897959183673469,31090.445384908096,0.0,118.0,2.0,-0.0176038883038157,-0.0060490848396468,0.5210044423496651,0.527698200025314,0.5734013770455795,-0.110517336927612,49.0,-0.0375949586761433,49.0,0.0,5,THINK + ranking loss,1.9869688502840344,-2.3968987328037743,False,0.7720306264079896,-0.2651364718110079,-2.136346250333451,False,56,61,2024-01-05,2024-12-24
NYSE_recent,2024,think_gate,ensemble,10,buffer_inverse_vol,True,1.0,0.0833769648652395,0.266010101152695,0.0304554124341591,0.0295970329061914,0.1618574618340581,-0.0838317163368126,0.5183673469387755,245,-0.0282041807086911,0.1542312777194099,0.0119794228878573,0.0116447312641454,0.16203284241441,-0.0842409771735146,0.5183673469387755,245,0.4159427182272596,20.963512998653883,0.5306122448979592,17734.98051085288,0.0,126.0,3.0,-0.0164865127623377,-0.0035649322693043,0.4991085050899145,0.521259029750703,0.568416487939641,-0.094557998234359,49.0,-0.020484805455946,49.0,0.0,5,THINK + market feature gate,1.9869688502840344,-2.0151730309927256,False,0.8010561505871906,-0.20442690375552927,-1.9623759853450367,False,56,61,2024-01-05,2024-12-24
NYSE_recent,2024,think_mix,ensemble,20,confidence,True,1.0,1.174582861368121,1.3483708082909789,0.2396867388158692,0.2323099546054616,0.1700954318736654,-0.0827550431318867,0.5428571428571428,245,1.1314327059987497,1.3051706216543295,0.2306862691703748,0.2236106884866309,0.1701444142157331,-0.0829356611478537,0.5428571428571428,245,0.1852247491929513,9.335327359324744,0.6122448979591837,7980.925799122018,0.0,15.0,0.0,0.0694588580781665,0.0674217957187671,0.5313112976146107,0.5475277227405142,0.5918609835191384,0.4201912116132635,49.0,0.3869088817404234,49.0,0.0,5,THINK + stock mixer residual,1.9869688502840344,-0.8555361442852847,False,0.9559447989370992,-0.04599338500287552,-0.4720626982933635,False,56,61,2024-01-05,2024-12-24
NYSE_recent,2024,think_risk,ensemble,5,buffer_inverse_vol,True,1.0,-0.467127476991108,-0.3393454735036037,-0.0998784864736201,-0.0972436447002144,0.231335673878144,-0.2070104130437161,0.5102040816326531,245,-0.5772280158860665,-0.4495646274525659,-0.1226786246912413,-0.1194832225639519,0.231550613288626,-0.2180771765749071,0.5061224489795918,245,0.5558486022483795,28.014769553318327,0.5510204081632653,22588.39973161325,0.0,75.0,3.0,-0.0358314848334717,-0.0273220726504977,0.4872673925347807,0.5137871534962479,0.5622206902806527,-0.2047656369282182,49.0,-0.1682375256584597,49.0,0.0,5,THINK + volatility auxiliary task,1.9869688502840344,-2.564196866170101,False,0.9933658095008424,-0.38149407445632394,-1.9640013754307075,False,56,61,2024-01-05,2024-12-24
NYSE_recent,2024,mlp,ensemble,20,inverse_vol,True,1.0,0.4332540561581051,0.6056677468857968,0.0932851260553047,0.0905799543294616,0.1714512099446252,-0.0896946512967754,0.5183673469387755,245,0.2612013407556454,0.4332451945439788,0.0615484960754859,0.0597887091600741,0.1718197728972617,-0.0964557508982542,0.5061224489795918,245,0.7048739258492639,35.5256458628029,0.5306122448979592,29622.94281855472,0.0,147.0,4.0,-0.0195137848935245,-0.0251309748716249,0.5192892742568458,0.5187171037139778,0.5622971354163372,-0.0962342099547515,49.0,-0.1217308645578204,49.0,0.0,5,Shared MLP,1.9869688502840344,-1.725767509528389,False,0.842842253117231,-0.16540263294913518,-1.4958200758471614,False,56,61,2024-01-05,2024-12-24
NYSE_recent,2024,lstm,ensemble,20,inverse_vol,True,1.0,-0.0342641631882115,0.1250720888175604,0.0060891266223499,0.0059194845971961,0.1855229774402521,-0.0976891077188414,0.5183673469387755,245,-0.1753917390801333,-0.0163880276784321,-0.0200501041231982,-0.0194986227882826,0.1859109804776851,-0.1042985390998105,0.5061224489795918,245,0.6314076822451385,31.822947185154984,0.4693877551020408,25776.16058038421,0.0,112.0,3.0,-0.0362308641965261,-0.0355029806556928,0.4745038960609324,0.4978186498640412,0.5465825587748288,-0.1743747998285501,49.0,-0.1620934910485991,49.0,0.0,5,LSTM,1.9869688502840344,-2.1623605893641678,False,0.8957018002982188,-0.2560774590644237,-1.8982315230090727,False,56,61,2024-01-05,2024-12-24
NYSE_recent,2024,stockmixer,ensemble,20,buffer_inverse_vol,True,1.0,0.3398053517518128,0.5417063823485604,0.0710258545132411,0.0689863957635279,0.1464110202850908,-0.0747458769189648,0.5469387755102041,245,0.2463047043674301,0.4479238653151557,0.056488370307417,0.0548769721846238,0.1466157072935414,-0.0775908949161634,0.5469387755102041,245,0.3327459517153294,16.770395966452604,0.5714285714285714,13907.267109233726,0.0,73.0,3.0,-0.0337065783592599,-0.0328565827711542,0.5437195282296287,0.540728734743872,0.5712118737388815,-0.1704552493027789,49.0,-0.1820289984324802,49.0,0.0,5,StockMixer-inspired MLP,1.9869688502840344,-1.7406641459166043,False,0.7662350446301984,-0.1550571831137933,-1.8642299450257775,False,56,61,2024-01-05,2024-12-24
NYSE_recent,2024,market_transformer,ensemble,20,buffer_inverse_vol,True,1.0,-0.1127160446512722,0.0439405760336672,-0.0094007080221337,-0.0091407744178187,0.1886963714462597,-0.1097162977815118,0.5020408163265306,245,-0.18095201930452,-0.0244924439104202,-0.0221613737024733,-0.021552462635429,0.1889340157789786,-0.1140028811964252,0.5020408163265306,245,0.3128695489450301,15.76862526682952,0.4693877551020408,12607.239803633098,0.0,28.0,2.0,-0.0455261918774363,-0.0385128134380227,0.4722831266113144,0.4962028841556962,0.546233275793487,-0.247216142395386,49.0,-0.2175912458629004,49.0,0.0,5,MASTER-inspired Transformer,1.9869688502840344,-2.1679208695885546,False,0.9362399665174717,-0.2677721385527465,-1.9151701640562262,False,56,61,2024-01-05,2024-12-24
NYSE_recent,2024,think_huber,ensemble,5,inverse_vol,True,1.0,0.0698739845590933,0.3223348839614594,0.0313728082846618,0.0304881915506221,0.1170895610221537,-0.1007160019821413,0.5551020408163265,245,-0.2724653880960646,-0.0208512749552931,-0.0093025594722683,-0.0090453273090829,0.117483616150509,-0.1088943320987761,0.5510204081632653,245,0.8927649403069561,44.99535299147058,0.4693877551020408,39502.416994740975,0.0,190.0,3.0,-0.0105454689935663,-0.0145891746558229,0.5022925581157144,0.5208254856012382,0.5634765651488715,-0.0678635648894081,49.0,-0.0974628389256938,49.0,0.0,5,THINK / Huber,1.9869688502840344,-2.259434238380099,False,0.5570571099512962,-0.17099137181450239,-2.569402885278798,False,56,61,2024-01-05,2024-12-24
NYSE_recent,2024,think_mix_huber,ensemble,20,buffer_equal,True,1.0,1.1844100106932576,1.385200891058374,0.2129447970830909,0.2064577519252506,0.1472205103764101,-0.0797226052904054,0.5387755102040817,245,1.167036305086682,1.3678702623964212,0.2098097064690458,0.203425939504648,0.1471889329984718,-0.0797792212603037,0.5387755102040817,245,0.0654381570406313,3.298083114847818,0.6326530612244898,2790.1439209376204,0.0,5.0,3.0,0.0754688443852612,0.0724913418581985,0.5286770929040229,0.5411098462100328,0.58837817373773,0.4360429575841825,49.0,0.4537956878863,49.0,0.0,5,THINK+mixer / Huber,1.9869688502840344,-0.8199325451973523,False,0.886498392157556,-0.04939920597289347,-0.7983144088902174,False,56,61,2024-01-05,2024-12-24
NYSE_recent,2024,stockmixer_huber,ensemble,20,buffer_equal,True,1.0,0.3550745514115107,0.5307298878607016,0.0780779153957038,0.0758288860782696,0.168287149618319,-0.0967698285869725,0.5183673469387755,245,0.2318682666310899,0.4072688571376204,0.0559754043843538,0.0543790126192311,0.168531564237696,-0.1007375172675301,0.5183673469387755,245,0.4958834894306731,24.992527867305924,0.5510204081632653,20487.844059249263,0.0,99.0,1.0,-0.0146856876447232,-0.0031787170603536,0.5196642520203799,0.5335288504276284,0.569307393864147,-0.08170351308908,49.0,-0.0196465769814449,49.0,0.0,5,StockMixer / Huber,1.9869688502840344,-1.7551005836529445,False,0.7979509861147857,-0.16000506559925223,-1.5261985765465504,False,56,61,2024-01-05,2024-12-24
NYSE_recent,2024,think_mix_shrink,ensemble,5,confidence,True,1.0,0.4840353533933305,0.6062471190113693,0.12469124924221,0.1210260997763919,0.2418796237562739,-0.1393662630854754,0.5224489795918368,245,0.3634604421068728,0.4855472263974252,0.0924072295077311,0.0897285461842414,0.2421272380795163,-0.1488826895142211,0.5183673469387755,245,0.6426048133699039,32.38728259384316,0.5918367346938775,29278.07720753823,0.0,73.0,2.0,0.0312243493980234,0.0312437127476345,0.5164376027986578,0.5290068201293089,0.5751369155990695,0.1837173888089932,49.0,0.1835710507839767,49.0,0.0,5,THINK+mixer x0.1 / MSE,1.9869688502840344,-1.6235084081771616,False,1.121294465201876,-0.19175004445088306,-0.8173647078798436,False,56,61,2024-01-05,2024-12-24
NYSE_recent,2024,think_mix_shrink_huber,ensemble,5,buffer_equal,True,1.0,0.4438216162724252,0.5863091073272404,0.1053285482096559,0.1022580847987417,0.2074605684151542,-0.1222889347482908,0.5183673469387755,245,0.4162309262568822,0.5587783600411173,0.0990020419641901,0.0961239123453112,0.2073733290142918,-0.1225089515896672,0.5183673469387755,245,0.1322149861307722,6.663635300990921,0.5918367346938775,5885.1177008987015,0.0,24.0,1.0,0.0679892021776057,0.0596280121159477,0.5136594217552218,0.5359444901996626,0.5843867438408418,0.3783655644509445,49.0,0.3769145962257664,49.0,0.0,5,THINK+mixer x0.1 / Huber,1.9869688502840344,-1.5707379240271522,False,0.9535333171869244,-0.151583502373039,-0.9631571749454648,False,56,61,2024-01-05,2024-12-24
NYSE_recent,2024,multiscale_mse,ensemble,20,inverse_vol,True,1.0,0.2188645423401481,0.4069432234030069,0.0530094138578978,0.0514996576314545,0.1571711143401817,-0.101021304237433,0.5183673469387755,245,0.0434591528348982,0.2312921020703061,0.0243551605301808,0.0236706846342975,0.1573767329247087,-0.107326796000983,0.5061224489795918,245,0.6688988905382948,33.712504083130064,0.5306122448979592,27809.473529669656,0.0,145.0,5.0,-0.0189501455289036,-0.0296824989532392,0.5163349225314141,0.5369003730813601,0.5589962831904106,-0.1122237362967553,49.0,-0.175807591326644,49.0,0.0,5,Multi-scale mixer / MSE,1.9869688502840344,-1.9435096974491362,False,0.7787439497054177,-0.18745073067284093,-1.9196607082057382,False,56,61,2024-01-05,2024-12-24
NYSE_recent,2024,multiscale_huber,ensemble,20,buffer_inverse_vol,True,1.0,0.0080731371246122,0.1823482111920347,0.0167278654358478,0.0162594455253577,0.1696199875080527,-0.0939130546671169,0.5142857142857142,245,-0.0658965737675245,0.1083282469132231,0.0040393311119151,0.0039269074551797,0.1696689126771917,-0.0963960127703532,0.5142857142857142,245,0.3025983313696724,15.25095590103149,0.5102040816326531,12595.409764131144,0.0,93.0,4.0,-0.0044328199264614,-0.0165947686026859,0.5385219837098082,0.5433252263034262,0.5780368679384629,-0.0265260036177635,49.0,-0.0996068021113973,49.0,0.0,5,Multi-scale mixer / Huber,1.9869688502840344,-2.052865424051559,False,0.8486397641461478,-0.22290921918591236,-1.9541507052930942,False,56,61,2024-01-05,2024-12-24
NYSE_recent,2024,ridge,ensemble,10,equal,True,1.0,-0.335781493304964,-0.1802864273362962,-0.0509719751639509,-0.0495917988809753,0.1901059413180198,-0.1807602823550246,0.5020408163265306,245,-0.643055567634801,-0.4882115033273505,-0.105437131919828,-0.1026641685171881,0.1909051923849484,-0.2130543283821283,0.5020408163265306,245,1.3509711304938266,68.08894497688885,0.4489795918367347,52114.00929906546,0.0,230.0,5.0,-0.0140063866740563,-0.0154801589878438,0.5102434342124503,0.5176659927856387,0.5625552356069223,-0.0757853268535742,49.0,-0.088403570370527,49.0,0.0,5,Ridge regression,1.9869688502840344,-2.6300244179188352,False,0.8666234622762656,-0.33897805032204975,-2.359815721558928,False,56,61,2024-01-05,2024-12-24
NYSE_recent,2024,momentum126,ensemble,10,buffer_inverse_vol,True,1.0,1.33100768873674,1.536850093564168,0.2340824822521907,0.2268934531558686,0.1436076104487012,-0.0888815018854705,0.5755102040816327,245,1.2867836443320584,1.492549627687093,0.2263503937329629,0.2194192844839966,0.1436609463055733,-0.0901575413560443,0.5673469387755102,245,0.1533682889207692,7.7297617616067695,0.5714285714285714,6840.016317553331,0.0,33.0,1.0,0.0410611144504987,0.0459950756549232,0.503891862925877,0.5352067334241122,0.5795111470857732,0.2020988051211605,49.0,0.2570803165212782,49.0,0.0,5,126-session momentum,1.9869688502840344,-0.700185205951976,False,0.7597585409069382,-0.004692931276699735,-0.5792945247780131,False,56,61,2024-01-05,2024-12-24
NYSE_recent,2024,reversal5,ensemble,5,buffer_inverse_vol,True,1.0,-0.8511606427864862,-0.7133124869496605,-0.1613936956573651,-0.1572834783947867,0.2144427374224194,-0.1818778306528871,0.473469387755102,245,-1.1018044722806175,-0.9646217689770762,-0.2064064460875609,-0.2012937693856782,0.2154829666891249,-0.2155099956938667,0.473469387755102,245,1.2328011202002844,62.13317645809434,0.4081632653061224,49306.20527347678,0.0,150.0,0.0,-0.0022591043011817,0.0198101040519039,0.4687245548861773,0.5008937278717032,0.5560535429743924,-0.0144171384268078,49.0,0.1241482185009081,49.0,0.0,5,5-session reversal,1.9869688502840344,-3.088773322564652,False,0.8863544120474227,-0.45855820903793154,-2.630989933875351,True,56,61,2024-01-05,2024-12-24
NYSE_recent,2024,buy_hold,ensemble,0,buy_hold,True,1.0,0.4634887714986545,0.6816246336055317,0.0867567986298223,0.0842481478445871,0.1355143331351805,-0.0683213864602506,0.5265306122448979,245,0.4516007080519922,0.6698216325004032,0.0849898827657622,0.0825342396741857,0.1354615097566847,-0.0683213864602504,0.5265306122448979,245,0.0400115475371658,2.0165819958731586,0.5714285714285714,1649.5941397088895,0.0,4.0,5.0,,,,,,,,,,,5,Equal-weight buy-and-hold,1.9869688502840344,-1.5353681422320422,False,0.7878145389328682,-0.13537871361405254,-1.9554656958903986,False,56,61,2024-01-05,2024-12-24
NYSE_recent,2024,equal_universe,ensemble,0,equal_universe,True,1.0,0.3732035344585161,0.5838875660865587,0.0747554306955973,0.0726052931577594,0.1403074341128498,-0.0721244596946718,0.5346938775510204,245,0.3498859978917544,0.5606258171675901,0.0712375418457169,0.0691918104283617,0.1402702915275334,-0.0721468133656972,0.5346938775510204,245,0.0802673960083234,4.0454767588195,0.5918367346938775,3327.773446633711,0.0,48.0,9.0,,,,,,,,,,,5,Equal-weight rebalanced universe,1.9869688502840344,-1.63708285239228,False,0.7864224267050537,-0.14712729589353682,-1.9425477100603785,False,56,61,2024-01-05,2024-12-24
NYSE_recent,2024,market_proxy,ensemble,0,buy_hold,True,1.0,1.9976234038349905,2.232941187482629,0.3132169864596394,0.3033149198472771,0.1256196426299199,-0.0840562193330192,0.6,245,1.9869688502840344,2.222390920155777,0.3113266536718171,0.3014909175838014,0.1255639961979165,-0.0840562193330189,0.6,245,0.0408163265306122,2.057142857142857,0.6530612244897959,,,,,,,,,,,,,,,5,SPY,1.9869688502840344,0.0,False,0.9999999999999998,4.237466288111627e-17,,False,56,61,2024-01-05,2024-12-24
NYSE_recent,2025,think,ensemble,20,inverse_vol,True,1.0,1.2511397964681463,1.4084908627500945,0.2802916513714766,0.265315899482861,0.1878635879931909,-0.1640758573791207,0.55,240,1.1326111640959224,1.2902997147642894,0.2516445002762222,0.2383375530082836,0.187461523116219,-0.1673514553157263,0.5416666666666666,240,0.5524981151650269,27.845905004317352,0.6458333333333334,23808.54349199917,0.0,194.0,5.0,0.0405916849058337,0.0211209538454013,0.5456908004606016,0.5489409805706297,0.5924652121618685,0.2981218505927734,48.0,0.1341100446094759,48.0,0.0,5,THINK reconstruction,0.9256907430790456,0.2069204210168768,True,0.8383463492077161,0.059350392715503984,0.3173523491801205,False,56,61,2025-01-13,2025-12-24
NYSE_recent,2025,think_rank,ensemble,20,buffer_inverse_vol,True,1.0,0.8383963152490282,1.002940130559199,0.1784253416188621,0.1692482712235685,0.1796514553315694,-0.1839201509610969,0.5291666666666667,240,0.7497036059126491,0.9144233168490912,0.1596806081430977,0.1515284227766431,0.1794596148707862,-0.1857753551945372,0.5291666666666667,240,0.3847808233593892,19.39295349731321,0.5833333333333334,16264.532906472336,0.0,205.0,3.0,0.017247729265629,0.0067097363300895,0.5307260960217525,0.5486225208656937,0.5816092599380401,0.1194168721414319,48.0,0.0400745665596054,48.0,0.0,5,THINK + ranking loss,0.9256907430790456,-0.17598713716639658,False,0.7992573429414056,-0.011296643481280694,-0.5065612557181373,False,56,61,2025-01-13,2025-12-24
NYSE_recent,2025,think_gate,ensemble,20,inverse_vol,True,1.0,1.3230293508663384,1.4839585778355808,0.2914640462261979,0.2758296352674441,0.1836865586381703,-0.1556811563428486,0.5583333333333333,240,1.1981094623200128,1.3592342868212677,0.2619079804680886,0.2480064924463063,0.1834635722818179,-0.1590787365503256,0.5583333333333333,240,0.5668221872799838,28.567838238911182,0.6458333333333334,24525.183975117907,0.0,180.0,4.0,0.0401314946099425,0.0211191717206263,0.5387291213267543,0.5535766284951374,0.5920448816002793,0.2932364060678539,48.0,0.1332768034989132,48.0,0.0,5,THINK + market feature gate,0.9256907430790456,0.27241871924096717,True,0.8120007660212667,0.07164602271297524,0.3848736625014827,False,56,61,2025-01-13,2025-12-24
NYSE_recent,2025,think_mix,ensemble,5,buffer_equal,True,1.0,0.3553608470810888,0.4742856109425218,0.0914250013050483,0.0868876767933413,0.2485650164563208,-0.1930091173620909,0.4833333333333333,240,0.2910580131141544,0.4101517021266323,0.0741051168181803,0.0704548818529726,0.2482124462798694,-0.1953465548887996,0.4791666666666667,240,0.3711191134989131,18.704403320345214,0.5,15756.6295313973,0.0,24.0,0.0,-0.0203382078420519,-0.0117294217655545,0.5036890848568198,0.5216962387398191,0.5629958790336985,-0.1260835553203511,48.0,-0.0696116354498036,48.0,0.0,5,THINK + stock mixer residual,0.9256907430790456,-0.6346327299648913,False,0.902759201828606,-0.09247962572467698,-0.6330916717664917,False,56,61,2025-01-13,2025-12-24
NYSE_recent,2025,think_risk,ensemble,20,buffer_inverse_vol,True,1.0,0.949987327455905,1.1056632414631065,0.2117351291790119,0.2007038507369654,0.1898850960651092,-0.1642030893305541,0.5416666666666666,240,0.91059930911109,1.0663934020523451,0.2025871683147295,0.1920692657701235,0.1897410571107305,-0.1649326229345088,0.5416666666666666,240,0.1823838945128341,9.192148283446842,0.6041666666666666,7873.392619920892,0.0,54.0,5.0,0.026864341580499,0.0163608707001512,0.535622834661045,0.5487493406155445,0.5859896606700371,0.1853089065731415,48.0,0.0946145891783567,48.0,0.0,5,THINK + volatility auxiliary task,0.9256907430790456,-0.015091433967955648,False,0.8095013366164697,0.025070719903601848,-0.08862990042616625,False,56,61,2025-01-13,2025-12-24
NYSE_recent,2025,mlp,ensemble,20,buffer_inverse_vol,True,1.0,0.4032020060484474,0.5236689148675825,0.1038165863578606,0.0986369601254648,0.2453830365205299,-0.2198007710268036,0.5083333333333333,240,0.3531860188425533,0.4737667623230507,0.0903277709483152,0.0858470148300922,0.2451513818295726,-0.2213475658331668,0.5083333333333333,240,0.3007998466033914,15.160312268810925,0.6458333333333334,12172.714110245286,0.0,53.0,2.0,-0.0005602932011134,-0.0186703852073333,0.5230530580978597,0.5396190966660974,0.5714906783416861,-0.0026856573921362,48.0,-0.0794016339729392,48.0,0.0,5,Shared MLP,0.9256907430790456,-0.5725047242364923,False,0.9867199595029688,-0.09345988197959729,-0.642411318055476,False,56,61,2025-01-13,2025-12-24
NYSE_recent,2025,lstm,ensemble,20,inverse_vol,True,1.0,0.7603463458800586,0.9127953176675304,0.1716288545559299,0.1628249504277423,0.1939044621927087,-0.1570586973497669,0.5208333333333334,240,0.5678761591658013,0.7209556679518982,0.1283877167846328,0.1219159782926722,0.1931057665437576,-0.1629276871615531,0.5166666666666667,240,0.910735253523356,45.90105677757713,0.6041666666666666,37854.27882353143,0.0,312.0,5.0,0.0370733337232067,0.0376209235322825,0.5598380741669896,0.5611270894514063,0.5950505553675215,0.2322612954974819,48.0,0.2320388290668437,48.0,0.0,5,LSTM,0.9256907430790456,-0.3578145839132444,False,0.8130251486717363,-0.038690174335539104,-0.6394156086768267,False,56,61,2025-01-13,2025-12-24
NYSE_recent,2025,stockmixer,ensemble,20,inverse_vol,True,1.0,0.442337759387076,0.5840757742381408,0.1055800144535314,0.1003084711138899,0.2085575695224934,-0.1886592268585987,0.5083333333333333,240,0.3110960131671437,0.4532191658961439,0.0756718327521652,0.0719418698662901,0.2079924017914735,-0.192471440440331,0.5041666666666667,240,0.6786607757597342,34.2045030982906,0.4583333333333333,26882.7789603328,0.0,123.0,1.0,-0.0069321067974286,-0.0222784655232517,0.5057216498098596,0.5279655472126977,0.5658401283382234,-0.0376935901198303,48.0,-0.1094810688156407,48.0,0.0,5,StockMixer-inspired MLP,0.9256907430790456,-0.6145947299119019,False,0.8600133847356194,-0.09221853522304672,-0.9525178073325805,False,56,61,2025-01-13,2025-12-24
NYSE_recent,2025,market_transformer,ensemble,20,buffer_inverse_vol,True,1.0,0.4376476205801356,0.572594212769888,0.1070675421732667,0.1017183640648971,0.2190535930297166,-0.1731497891314802,0.5208333333333334,240,0.3459676556300239,0.4812264414064415,0.0849894644131605,0.0807832154915577,0.2185479909241877,-0.175401960891284,0.5208333333333334,240,0.4899057777632605,24.69125119926833,0.5833333333333334,19845.15539144347,0.0,137.0,2.0,0.0119822303192471,0.0070854055953941,0.5057855763745694,0.5226418768721394,0.5687814150440152,0.0621117344587215,48.0,0.0331437978129907,48.0,0.0,5,MASTER-inspired Transformer,0.9256907430790456,-0.5797230874490218,False,0.8656850804541532,-0.08234850395645707,-0.7682460401492772,False,56,61,2025-01-13,2025-12-24
NYSE_recent,2025,think_huber,ensemble,20,buffer_inverse_vol,True,1.0,0.7672179794934787,0.9322566336772689,0.1630905446029316,0.1547529264764799,0.1791128025884289,-0.1816959375366799,0.525,240,0.7302985592663176,0.8954435783152711,0.1553547810451236,0.1474371847745141,0.1789974415003009,-0.1825456190722486,0.525,240,0.1581093023318369,7.968708837524584,0.625,6801.773017605081,0.0,70.0,4.0,0.0412207932109959,0.0233404374540099,0.543618018010917,0.5574159705972499,0.5923498793030496,0.3754915380226615,48.0,0.1964199541333738,48.0,0.0,5,THINK / Huber,0.9256907430790456,-0.19539218381272805,False,0.8112147659259722,-0.017298426436446714,-0.5838061183404055,False,56,61,2025-01-13,2025-12-24
NYSE_recent,2025,think_mix_huber,ensemble,20,buffer_inverse_vol,True,1.0,-0.0683142015044931,0.0923058607665751,0.0001978280947914,0.0001884068219497,0.1840401221884332,-0.1929270717498457,0.4875,240,-0.0917042123737198,0.0690073654582061,-0.0040702833771268,-0.0038768365678775,0.1839353224270867,-0.1933729515660818,0.4875,240,0.1100233654592754,5.545177619147481,0.5416666666666666,4103.683081768597,0.0,19.0,1.0,-0.0231860765916032,-0.0155530855954297,0.5155540924877592,0.5262730349579201,0.5702115530619566,-0.1306923141497728,48.0,-0.0801801477582028,48.0,0.0,5,THINK+mixer / Huber,0.9256907430790456,-1.0173949554527655,False,0.7758931347962824,-0.1584426085977463,-1.7905825486413576,False,56,61,2025-01-13,2025-12-24
NYSE_recent,2025,stockmixer_huber,ensemble,20,buffer_inverse_vol,True,1.0,-0.3740567060389997,-0.2033709507541332,-0.0488218154930729,-0.0465519615522389,0.1731868944596226,-0.1787840304726679,0.5208333333333334,240,-0.5007211756951151,-0.3296394509746572,-0.0692163454820284,-0.0660316892804044,0.1727860525990262,-0.1818905054870535,0.5166666666666667,240,0.5301077379437834,26.71742999236668,0.5208333333333334,19959.249941350867,0.0,151.0,4.0,-0.037588190954427,-0.0623086426456743,0.4671809254928861,0.486429578134685,0.5373263461512039,-0.2632168616132919,48.0,-0.4094844124963769,48.0,0.0,5,StockMixer / Huber,0.9256907430790456,-1.4264119187741606,False,0.7083553599599419,-0.21576917869094533,-2.301109848187936,False,56,61,2025-01-13,2025-12-24
NYSE_recent,2025,think_mix_shrink,ensemble,10,buffer_inverse_vol,True,1.0,0.1287651954572266,0.2752677819959633,0.0361251680480354,0.0343756960420515,0.2017748395074585,-0.1821215293875444,0.4833333333333333,240,0.0584309394330536,0.2051341527246376,0.0215646208632509,0.0205272677360024,0.2014988985110183,-0.1842758612772749,0.4791666666666667,240,0.3439097491464511,17.333051356981134,0.5416666666666666,13691.381606965257,0.0,50.0,2.0,-0.0102328603682494,-0.0078792324666372,0.50670773679166,0.5286402761137861,0.5664342770168216,-0.063981503946708,48.0,-0.0448711607693215,48.0,0.0,5,THINK+mixer x0.1 / MSE,0.9256907430790456,-0.8672598036459921,False,0.8293048330165892,-0.13954707209459377,-1.393143540004602,False,56,61,2025-01-13,2025-12-24
NYSE_recent,2025,think_mix_shrink_huber,ensemble,20,buffer_inverse_vol,True,1.0,-0.1262894708001222,0.0381236220626055,-0.009076498168794,-0.0086461580101252,0.1797942935783217,-0.1866357657938842,0.4833333333333333,240,-0.1542418050885571,0.0102641007534293,-0.0140114981209352,-0.0133487576120915,0.179692855007133,-0.187117466090766,0.4791666666666667,240,0.1271175467707457,6.406724357245583,0.4583333333333333,4760.524461048118,0.0,27.0,1.0,-0.0386391057950221,-0.0337836153071549,0.511484328471651,0.5271857717355074,0.5580048004877571,-0.2249436571739979,48.0,-0.1802435450643618,48.0,0.0,5,THINK+mixer x0.1 / Huber,0.9256907430790456,-1.0799325481676028,False,0.7611786057819679,-0.1666061977116756,-1.9191988930278632,True,56,61,2025-01-13,2025-12-24
NYSE_recent,2025,multiscale_mse,ensemble,20,inverse_vol,True,1.0,0.211321871091207,0.3440942072169661,0.0535158112427585,0.0509036787212953,0.2226407755474156,-0.2026750603181413,0.5,240,0.0622264831878754,0.1953921090195255,0.0192233875788006,0.0182996643137702,0.221983231045315,-0.2074815387640142,0.4833333333333333,240,0.81388898586532,41.02000488761213,0.4791666666666667,30906.52901484736,0.0,146.0,3.0,-0.0001134420300263,-0.0279269487944622,0.5203012041369195,0.519134927052665,0.5540401477926293,-0.0006286817890083,48.0,-0.1322366954236629,48.0,0.0,5,Multi-scale mixer / MSE,0.9256907430790456,-0.8634642598911703,False,0.89461532112973,-0.1494246211382141,-1.236242000892658,False,56,61,2025-01-13,2025-12-24
NYSE_recent,2025,multiscale_huber,ensemble,20,buffer_inverse_vol,True,1.0,0.3424160327943883,0.4819250814108434,0.0832288015495512,0.0791128297877581,0.211889738905398,-0.2046494116239122,0.4916666666666666,240,0.2623452719877755,0.4021607410695525,0.0649814263467911,0.0617934256920433,0.2114253600150024,-0.2065801027472065,0.4875,240,0.4146361367195886,20.897661290667266,0.4583333333333333,16415.441627957636,0.0,122.0,2.0,-0.0309609096113914,-0.0466511043901783,0.4930567019553848,0.5199836315376453,0.558747672150481,-0.1620492990113842,48.0,-0.2138517779667503,48.0,0.0,5,Multi-scale mixer / Huber,0.9256907430790456,-0.6633454710912701,False,0.8408684195763025,-0.09796437247440887,-0.9410712644308968,False,56,61,2025-01-13,2025-12-24
NYSE_recent,2025,ridge,ensemble,20,inverse_vol,True,1.0,0.1745188559517861,0.3019722545463668,0.0444425756523467,0.0422821544061866,0.2319321117541237,-0.2297280326715872,0.5,240,-0.0383305218844769,0.0896448380777094,-0.0056184196171601,-0.0053515930311069,0.2309861515139758,-0.236921507995877,0.4916666666666666,240,1.199450430124225,60.45230167826095,0.4583333333333333,45640.22149985749,0.0,200.0,1.0,-0.0150845181291278,-0.0340738021968079,0.5379823526251214,0.5404383470222308,0.5686289398094191,-0.0785844396677387,48.0,-0.1670311794167593,48.0,0.0,5,Ridge regression,0.9256907430790456,-0.9640212649635226,False,0.935459271566488,-0.17954435356823864,-1.369522300427235,False,56,61,2025-01-13,2025-12-24
NYSE_recent,2025,momentum126,ensemble,20,inverse_vol,True,1.0,1.2003746045416752,1.394855907219566,0.2219337042035389,0.2103264326618956,0.1519968011281821,-0.1388337624432649,0.55,240,1.1306293572714434,1.325415034902573,0.2087766382037412,0.1979117285370297,0.1517592887001717,-0.1401925177282883,0.5458333333333333,240,0.2617766986928063,13.193545614117436,0.6666666666666666,10993.859018622175,0.0,125.0,3.0,-0.0022850585392983,0.0100745453648162,0.5062048416455577,0.5315200217606408,0.5775545493598987,-0.0108170402513451,48.0,0.0457654869782689,48.0,0.0,5,126-session momentum,0.9256907430790456,0.20493861419239778,True,0.6069010268236162,0.06084404098524798,-0.0896937617061608,False,56,61,2025-01-13,2025-12-24
NYSE_recent,2025,reversal5,ensemble,20,inverse_vol,True,1.0,0.2984910280392491,0.4597152949155873,0.0698684459212626,0.0664332912948055,0.1833504128069913,-0.1923944060430771,0.5083333333333333,240,0.0391357858690994,0.2011595494543319,0.0203198864617628,0.0193429758131196,0.1824456810048783,-0.1999940205788645,0.4958333333333333,240,1.1596936579127284,58.44856035880151,0.5625,44327.9050664238,0.0,280.0,6.0,0.030663702137643,0.0069950070521823,0.4939083862262987,0.5231068862862923,0.5700868332083924,0.148521860080196,48.0,0.035262270012131,48.0,0.0,5,5-session reversal,0.9256907430790456,-0.8865549572099463,False,0.6940340804856612,-0.11949822595265326,-1.2993108811058682,False,56,61,2025-01-13,2025-12-24
NYSE_recent,2025,buy_hold,ensemble,0,buy_hold,True,1.0,0.6433092970703018,0.8123338861720218,0.1352710286145486,0.1284329701857534,0.174888967595664,-0.1763899157399109,0.525,240,0.63399350669727,0.8030671351368427,0.1333974564344835,0.1266592936684556,0.1748382415347887,-0.1763899157399107,0.525,240,0.040596314730332,2.046054262408735,0.6458333333333334,1680.6278104618857,0.0,4.0,5.0,,,,,,,,,,,5,Equal-weight buy-and-hold,0.9256907430790456,-0.2916972363817757,False,0.7445166618256303,-0.02500348106223957,-0.6659174255683988,False,56,61,2025-01-13,2025-12-24
NYSE_recent,2025,equal_universe,ensemble,0,equal_universe,True,1.0,0.6170833687582385,0.7766718071429127,0.1352317819257746,0.1283958174933921,0.1852298085343,-0.1810525484295199,0.5166666666666667,240,0.5995930398660796,0.7592538571203046,0.1315220189945383,0.1248837115109133,0.1851458385009545,-0.1812895993748076,0.5166666666666667,240,0.0815926210515583,4.112268100998541,0.5625,3296.2693720370053,0.0,41.0,3.0,,,,,,,,,,,5,Equal-weight rebalanced universe,0.9256907430790456,-0.32609770321296605,False,0.7876259374062143,-0.032703658985622476,-0.6542552456069084,False,56,61,2025-01-13,2025-12-24
NYSE_recent,2025,market_proxy,ensemble,0,buy_hold,True,1.0,0.9331196151955116,1.083078260377015,0.2144565839470869,0.2032719796498605,0.1971245862517787,-0.1875522591221894,0.5833333333333334,240,0.9256907430790456,1.075657041065774,0.2126720200743477,0.2015879884816203,0.1971145269512299,-0.1875522591221897,0.5833333333333334,240,0.0416666666666666,2.1,0.6666666666666666,,,,,,,,,,,,,,,5,SPY,0.9256907430790456,0.0,False,0.9999999999999999,6.334086760369147e-18,,False,56,61,2025-01-13,2025-12-24
NASDAQ_recent,2022,think,ensemble,20,buffer_inverse_vol,True,1.0,-0.3589550506372967,-0.231908913493482,-0.0776871318933335,-0.0756129097118953,0.2326755976281199,-0.1790003019938798,0.4775510204081633,245,-0.4065842022933253,-0.2795415516754227,-0.0878605277297821,-0.085527479431703,0.2326819831175307,-0.1801842807378539,0.4775510204081633,245,0.2583365947976827,13.02016437780321,0.4693877551020408,10113.563316842792,0.0,151.0,6.0,-0.0021920418991122,-0.0014119054774861,0.5075941546817853,0.5358817214405035,0.5770594261250908,-0.01206729046502,49.0,-0.0080136635652723,49.0,0.0,5,THINK reconstruction,-0.8525728255576697,0.44598862326434435,True,0.8988882785220774,0.09229707288059685,1.385352195209832,False,52,57,2022-01-07,2022-12-28
NASDAQ_recent,2022,think_rank,ensemble,20,inverse_vol,True,1.0,-0.4894701710431254,-0.3634186513249937,-0.1064976261547681,-0.1036984176172279,0.2345115390308862,-0.1933733832934963,0.4571428571428571,245,-0.6064589202487938,-0.4803817510652003,-0.1306592917059603,-0.1272714512804424,0.2344638293967016,-0.2042452793885751,0.4571428571428571,245,0.6471276337847283,32.6152327427503,0.5102040816326531,24341.57833226205,0.0,222.0,5.0,-0.0004164994133397,0.0001887051725919,0.5113965766174404,0.5340610508333382,0.5780949096413768,-0.002283548231094,49.0,0.0010655236053842,49.0,0.0,5,THINK + ranking loss,-0.8525728255576697,0.2461139053088759,True,0.9024864952256995,0.04545737195511591,0.780355006368174,False,52,57,2022-01-07,2022-12-28
NASDAQ_recent,2022,think_gate,ensemble,20,buffer_inverse_vol,True,1.0,-0.3565449680468621,-0.2297685387316811,-0.0774611246874866,-0.0753926870765633,0.2331705983987784,-0.1882494698526288,0.4816326530612245,245,-0.405323707640306,-0.2785464142168206,-0.0878985070069127,-0.0855644981943966,0.2331690091185136,-0.1895808876496635,0.4775510204081633,245,0.2663179807028064,13.422426227421443,0.4693877551020408,10465.55199943718,0.0,129.0,7.0,-0.0002932866278548,-0.0017250580971033,0.5034538549336106,0.5337600114718978,0.5745247982695909,-0.0015292151062605,49.0,-0.0091035769093176,49.0,0.0,5,THINK + market feature gate,-0.8525728255576697,0.44724911791736366,True,0.8979632035184678,0.0922006173096391,1.3528813624136293,False,52,57,2022-01-07,2022-12-28
NASDAQ_recent,2022,think_mix,ensemble,20,inverse_vol,True,1.0,-0.5499180401737507,-0.4440208970695204,-0.1502098792444443,-0.1463590461886666,0.2791438467531265,-0.2565198090670731,0.4775510204081633,245,-0.5677842427432221,-0.4619123189549896,-0.1544885504764146,-0.1505380084281007,0.2792103404620173,-0.2581396770150544,0.4775510204081633,245,0.1187308776326856,5.984036232687356,0.5102040816326531,4271.6154445295415,0.0,87.0,3.0,-0.0124098189922832,-0.0191678538376055,0.5124872827693784,0.5190566950100234,0.5672783788727519,-0.0655145357796037,49.0,-0.0965210751614016,49.0,0.0,5,THINK + stock mixer residual,-0.8525728255576697,0.2847885828144475,True,1.0911226278458304,0.06834110351213409,0.565056269212705,False,52,57,2022-01-07,2022-12-28
NASDAQ_recent,2022,think_risk,ensemble,10,inverse_vol,True,1.0,-0.5313137941333311,-0.4070227395462149,-0.1174115648560271,-0.1143442466712246,0.2378331729864119,-0.1860854867421166,0.4530612244897959,245,-0.6433794518512854,-0.5190029541153712,-0.1405162584238357,-0.1368934801074615,0.2376697882991237,-0.2003371338901695,0.4530612244897959,245,0.6051170210816201,30.497897862513653,0.4489795918367347,23098.817342718103,0.0,238.0,5.0,-0.0132993020942108,-0.0164313980773646,0.4914684349595005,0.5211764680335621,0.5641355329599922,-0.0786190178308799,49.0,-0.0983939236245,49.0,0.0,5,THINK + volatility auxiliary task,-0.8525728255576697,0.20919337370638424,True,0.9171031956858401,0.03777738097356269,0.6637135559863728,False,52,57,2022-01-07,2022-12-28
NASDAQ_recent,2022,mlp,ensemble,20,buffer_inverse_vol,True,1.0,-0.2151413483510393,-0.1061827970821487,-0.0632405379693241,-0.0615390691817581,0.2713007427322608,-0.2000813937752833,0.473469387755102,245,-0.2723482030075687,-0.1633902084067891,-0.0776749945179646,-0.0756010829500563,0.2713021288120298,-0.2022681861916383,0.4693877551020408,245,0.3608144469172957,18.185048124631702,0.4897959183673469,13854.357245045549,0.0,213.0,7.0,0.0304241971274253,0.0168499885315015,0.5675957189800209,0.5685832960458865,0.5909117671076327,0.1502883646787896,49.0,0.0740760868572135,49.0,0.0,5,Shared MLP,-0.8525728255576697,0.580224622550101,True,1.0160149894218196,0.13736688663714272,1.2124089211584284,False,52,57,2022-01-07,2022-12-28
NASDAQ_recent,2022,lstm,ensemble,20,buffer_inverse_vol,True,1.0,-0.4406609995645674,-0.3185215397237048,-0.1007887943109706,-0.0981312693214653,0.2420228149428205,-0.210640562565137,0.4612244897959183,245,-0.5192078477843242,-0.3970630169321758,-0.1177255904823908,-0.1146506119163739,0.2420121725991258,-0.2170651603541303,0.4571428571428571,245,0.4414162969258056,22.24738136506061,0.4897959183673469,16554.105399057204,0.0,272.0,5.0,-0.0112505200575614,-0.0128599393858151,0.5221622716378714,0.5349908194467086,0.5745374123753615,-0.0647306275400784,49.0,-0.0664416326936531,49.0,0.0,5,LSTM,-0.8525728255576697,0.3333649777733455,True,0.9151538750621159,0.0646293061433894,0.8584236648957173,False,52,57,2022-01-07,2022-12-28
NASDAQ_recent,2022,stockmixer,ensemble,20,buffer_inverse_vol,True,1.0,-0.1119898488187928,0.0076749467815407,-0.0280286685987029,-0.027260805916101,0.2470278392068615,-0.1760026771866617,0.473469387755102,245,-0.1639589093754665,-0.044259134378372,-0.0404020497562321,-0.0393021235213409,0.2469556512282392,-0.1810379077357053,0.473469387755102,245,0.3055267662123678,15.39854901710334,0.4897959183673469,11636.226222958712,0.0,99.0,3.0,0.0359320370445917,0.0379467710120021,0.5150650937498676,0.5388924888261287,0.5846236086669837,0.2372640661741745,49.0,0.2323019769627949,49.0,0.0,5,StockMixer-inspired MLP,-0.8525728255576697,0.6886139161822031,True,0.9354780017014075,0.15401925255481325,1.7470770926144854,False,52,57,2022-01-07,2022-12-28
NASDAQ_recent,2022,market_transformer,ensemble,20,buffer_inverse_vol,True,1.0,-0.1977921097359763,-0.0712418490065262,-0.042806112273016,-0.0416421670932373,0.2335873171330574,-0.1716112666961649,0.4816326530612245,245,-0.30352994162182,-0.1769222672147683,-0.0661146047845668,-0.0643384954786013,0.2334813906402084,-0.1813693293877553,0.4693877551020408,245,0.5821264795932307,29.33917457149883,0.4897959183673469,21869.85608375444,0.0,218.0,3.0,-0.0050391784787744,0.0006988537455606,0.4966604462139895,0.5220850775079093,0.569006799904756,-0.0225081322122286,49.0,0.0029972525862302,49.0,0.0,5,MASTER-inspired Transformer,-0.8525728255576697,0.5490428839358497,True,0.8739041302679336,0.11083845430037992,1.3681257611923587,False,52,57,2022-01-07,2022-12-28
NASDAQ_recent,2022,think_huber,ensemble,5,buffer_equal,True,1.0,-0.5682117852285207,-0.4432984587067042,-0.1243276468024149,-0.1210923198116472,0.2366483761932186,-0.1629645392357562,0.4448979591836735,245,-0.6684773277279521,-0.5435785646314762,-0.1448965745652627,-0.141170374484585,0.2366759698288418,-0.1718395853267358,0.4448979591836735,245,0.5168051767023282,26.04698090579734,0.4489795918367347,21540.01291520293,0.0,254.0,5.0,-0.0043561763679499,-0.0128784494062521,0.5042900792430605,0.5318111332909338,0.5735908323373663,-0.0301450049263177,49.0,-0.0870041957528318,49.0,0.0,5,THINK / Huber,-0.8525728255576697,0.18409549782971757,True,0.8879948201655635,0.026424342579451587,0.5006081355076734,True,52,57,2022-01-07,2022-12-28
NASDAQ_recent,2022,think_mix_huber,ensemble,5,confidence,True,1.0,-0.3429114928960936,-0.2570729085475491,-0.1370927425655225,-0.1335512170796251,0.3443735251533468,-0.2886890515026495,0.4897959183673469,245,-0.3629464272582955,-0.2771287853974557,-0.1430822024884958,-0.1393987671134983,0.3444575642641865,-0.2901626458160955,0.4857142857142857,245,0.1607874429557091,8.103687124967738,0.5102040816326531,5915.499687996978,0.0,44.0,1.0,-0.008647021366184,-0.0116873192827727,0.5082638317436946,0.521463697236767,0.56744959605216,-0.0453513620704915,49.0,-0.0587446279498926,49.0,0.0,5,THINK+mixer / Huber,-0.8525728255576697,0.48962639829937415,True,1.2613184973086164,0.13724077249544978,0.49467840232007726,False,52,57,2022-01-07,2022-12-28
NASDAQ_recent,2022,stockmixer_huber,ensemble,20,buffer_inverse_vol,True,1.0,-0.2098693976225144,-0.0858130656706163,-0.047556751651276,-0.046266779869761,0.2382831687925695,-0.1990237056002207,0.4693877551020408,245,-0.267455625167054,-0.143385300851017,-0.0605288944303049,-0.0588980667131382,0.2382562957680626,-0.204330448360047,0.4693877551020408,245,0.3312566385970026,16.695334585288933,0.5306122448979592,12355.026519220964,0.0,115.0,4.0,0.0346298088994563,0.0394841970440203,0.5120652382741344,0.5380008025657644,0.5887232898671186,0.1899879431448584,49.0,0.2250320546452216,49.0,0.0,5,StockMixer / Huber,-0.8525728255576697,0.5851172003906157,True,0.9223153078313919,0.1280499841405841,1.7845666448253754,False,52,57,2022-01-07,2022-12-28
NASDAQ_recent,2022,think_mix_shrink,ensemble,5,buffer_inverse_vol,True,1.0,-0.3744700276125002,-0.2702221836453252,-0.1100099722529732,-0.1071240838144192,0.2835601654801512,-0.2302823875029908,0.4857142857142857,245,-0.4028285023429026,-0.2985729646862174,-0.1171298047479982,-0.1140693624324875,0.2835392397440257,-0.2330617188138897,0.4857142857142857,245,0.1801136514072694,9.07772803092638,0.5102040816326531,7179.1899879297,0.0,110.0,2.0,-0.0059040804293348,-0.0183249475569373,0.4925523543209851,0.521644262076366,0.5643410892337363,-0.0296066868044985,49.0,-0.0826801812350236,49.0,0.0,5,THINK+mixer x0.1 / MSE,-0.8525728255576697,0.4497443232147671,True,1.0647672459274835,0.10717468913998686,0.8152347029800864,False,52,57,2022-01-07,2022-12-28
NASDAQ_recent,2022,think_mix_shrink_huber,ensemble,5,buffer_inverse_vol,True,1.0,-0.246323679664152,-0.1414851237889755,-0.0762923333799034,-0.0742538344550952,0.2819624482568865,-0.2420018121695413,0.4653061224489795,245,-0.2753894955237083,-0.17054737666724,-0.0838308598677146,-0.0815999667436884,0.2819528659731719,-0.2435751371906727,0.4653061224489795,245,0.18293500963512,9.21992448561005,0.4897959183673469,7453.6075983696,0.0,103.0,1.0,0.0014363490335159,-0.0086876908453844,0.4999086605300664,0.5186751385656995,0.5703265598684227,0.0074050054836831,49.0,-0.0389382098476067,49.0,0.0,5,THINK+mixer x0.1 / Huber,-0.8525728255576697,0.5771833300339614,True,1.0800905233899716,0.14693162069478044,1.2718322488426086,False,52,57,2022-01-07,2022-12-28
NASDAQ_recent,2022,multiscale_mse,ensemble,20,inverse_vol,True,1.0,-0.5124612971418069,-0.3840292254781713,-0.1084390669397318,-0.1055918999653716,0.2301647517117093,-0.2331087193316255,0.4653061224489795,245,-0.6183460733906159,-0.4898661585909373,-0.1298555116419355,-0.1264869631719253,0.2300790433459652,-0.2410657507400762,0.4653061224489795,245,0.5785189731138034,29.15735624493569,0.4285714285714285,20686.298859182916,0.0,216.0,2.0,0.0019227794405731,0.0077764191579767,0.5136839706083994,0.5369350544068935,0.5820332248075484,0.0138600883273385,49.0,0.0497430799798379,49.0,0.0,5,Multi-scale mixer / MSE,-0.8525728255576697,0.2342267521670538,True,0.8816945180240497,0.04105839525548516,0.756537825026556,False,52,57,2022-01-07,2022-12-28
NASDAQ_recent,2022,multiscale_huber,ensemble,20,buffer_inverse_vol,True,1.0,-0.7644112733301115,-0.6271041470053151,-0.1462628330186849,-0.1425044991677601,0.215287703395354,-0.2357194740046032,0.4571428571428571,245,-0.7924638510435756,-0.6552106022779681,-0.1514798791950642,-0.1475993892778277,0.2153722126954006,-0.2379794367895139,0.4571428571428571,245,0.14447990618443,7.281787271695274,0.4285714285714285,5205.280078071331,0.0,100.0,3.0,-0.0010629850912356,0.0086749525589813,0.5011947275162194,0.5289551550858402,0.572631704092474,-0.0078637770688371,49.0,0.0619500906098793,49.0,0.0,5,Multi-scale mixer / Huber,-0.8525728255576697,0.06010897451409403,True,0.8247947129155762,0.0008212486544993892,0.423163521825351,False,52,57,2022-01-07,2022-12-28
NASDAQ_recent,2022,ridge,ensemble,20,buffer_inverse_vol,True,1.0,-0.2394103880507155,-0.125628462705636,-0.0640552101745515,-0.0623325598048245,0.2597999268919869,-0.2136850078968766,0.4775510204081633,245,-0.3334154002710524,-0.2195125584771899,-0.0864979497354305,-0.0841993900084041,0.2595241296944885,-0.2177628046199714,0.473469387755102,245,0.5743887932161756,28.949195178095252,0.4897959183673469,21509.48843820109,0.0,227.0,4.0,-0.0020852784900975,-0.0126389799182773,0.507968915588596,0.530290922291778,0.5691382013995261,-0.0094823592023067,49.0,-0.0542055599483798,49.0,0.0,5,Ridge regression,-0.8525728255576697,0.5191574252866173,True,0.9793879603053341,0.11711049502966046,1.1945800237822684,False,52,57,2022-01-07,2022-12-28
NASDAQ_recent,2022,momentum126,ensemble,20,buffer_inverse_vol,True,1.0,-0.489030999381694,-0.3492232919782557,-0.091641490829559,-0.0892130304728276,0.211437097677164,-0.1861393910564409,0.473469387755102,245,-0.5099169968042381,-0.3701535586106241,-0.0956896427994471,-0.0931595003550087,0.2115040690780017,-0.1877864274759094,0.473469387755102,245,0.1062134434814444,5.353157551464799,0.5306122448979592,4003.059497197271,0.0,42.0,6.0,-0.0163296947738918,0.000449569033529,0.5231574406278067,0.5333251317986891,0.5768258146789245,-0.0780112742328326,49.0,0.0021855422948719,49.0,0.0,5,126-session momentum,-0.8525728255576697,0.3426558287534316,True,0.7774197521561432,0.05379595452317376,0.923882708991494,False,52,57,2022-01-07,2022-12-28
NASDAQ_recent,2022,reversal5,ensemble,20,buffer_inverse_vol,True,1.0,-0.4244050444752421,-0.3071994823556114,-0.1034049754396944,-0.1006823990154311,0.2522110329210228,-0.1750900408382856,0.4897959183673469,245,-0.5241456801181881,-0.4069524103079849,-0.1257119826600001,-0.1224432041721461,0.2522374871368893,-0.1866522675523092,0.4897959183673469,245,0.597166104771012,30.097171680459,0.4693877551020408,22088.086644582545,0.0,200.0,4.0,-0.0227801437963641,-0.0003236019825876,0.4863330467467844,0.5181832352758385,0.5709090987343658,-0.0949581556944332,49.0,-0.0013812208510586,49.0,0.0,5,5-session reversal,-0.8525728255576697,0.3284271454394816,True,0.9432285581083601,0.06391218169691118,0.7252496292306747,False,52,57,2022-01-07,2022-12-28
NASDAQ_recent,2022,buy_hold,ensemble,0,buy_hold,True,1.0,-0.7025833827641332,-0.5757971112281641,-0.1490252772346411,-0.1452021532540266,0.2331524977283906,-0.2297438650341282,0.4653061224489795,245,-0.7094527208234506,-0.582715665334324,-0.1504605562954367,-0.1466038653830738,0.233243038290544,-0.2303713407511723,0.4653061224489795,245,0.0403898012367136,2.035645982330368,0.4693877551020408,1510.6575801579456,0.0,3.0,7.0,,,,,,,,,,,5,Equal-weight buy-and-hold,-0.8525728255576697,0.1431201047342191,True,0.9065085560710617,0.02301143408470297,0.5459447321615587,False,52,57,2022-01-07,2022-12-28
NASDAQ_recent,2022,equal_universe,ensemble,0,equal_universe,True,1.0,-0.5969693878039631,-0.4766315346791194,-0.1368382956628504,-0.1333028238763329,0.2456461962605714,-0.2202507823740925,0.4612244897959183,245,-0.6110142337391732,-0.4907099494888851,-0.1398637572293449,-0.1362564367259179,0.2457147396744549,-0.2219335999221994,0.4612244897959183,245,0.0855718744251465,4.312822471027385,0.4693877551020408,3068.5465793912927,0.0,51.0,1.0,,,,,,,,,,,5,Equal-weight rebalanced universe,-0.8525728255576697,0.24155859181849648,True,0.9558987261323497,0.04862061994632054,0.737260133209849,False,52,57,2022-01-07,2022-12-28
NASDAQ_recent,2022,market_proxy,ensemble,0,buy_hold,True,1.0,-0.8468762304626086,-0.7256441230939437,-0.1866907785724136,-0.1820088711602808,0.2438342162640794,-0.2342399133208702,0.436734693877551,245,-0.8525728255576697,-0.7313635627343519,-0.1878615105258947,-0.1831536579250031,0.243880172172736,-0.2342399133208706,0.436734693877551,245,0.0408163265306122,2.057142857142857,0.5102040816326531,,,,,,,,,,,,,,,5,SPY,-0.8525728255576697,0.0,False,1.0,1.852823278238043e-16,,False,52,57,2022-01-07,2022-12-28
NASDAQ_recent,2023,think,ensemble,20,confidence,True,1.0,0.7641455944591435,0.9236353503558938,0.1666089703106248,0.1616258690325882,0.1853444173895275,-0.1520230750025585,0.5183673469387755,245,0.5261085498379297,0.6856884544891012,0.1162383350186708,0.1128339126800477,0.1852397139282545,-0.1620382942808925,0.5061224489795918,245,1.0252900467930477,51.67461835836959,0.4489795918367347,43151.28625929024,0.0,301.0,7.0,-0.002692103292276,0.0164296744150993,0.5246827561486861,0.5359705826315747,0.5826964465350988,-0.0136841185325068,49.0,0.079808449593287,49.0,0.0,5,THINK reconstruction,1.7375089881290413,-1.2114004382911117,False,1.0880035213610741,-0.15021821433201596,-1.0952910415081802,False,50,56,2023-01-06,2023-12-27
NASDAQ_recent,2023,think_rank,ensemble,20,confidence,True,1.0,0.7619461402071811,0.9224661691105422,0.1653326522269109,0.160390285728198,0.1841548128805637,-0.1574626056981025,0.5061224489795918,245,0.5201388344647575,0.6807588101180372,0.1145555616497768,0.1112028385845929,0.1840402214360414,-0.1667515873848605,0.5020408163265306,245,1.0347721365364977,52.15251568143948,0.4285714285714285,43596.92932691369,0.0,293.0,5.0,-0.0002486883075002,0.017202575659814,0.5229739572897858,0.5396924874504592,0.5846880084969311,-0.0012645070932787,49.0,0.0842825489422317,49.0,0.0,5,THINK + ranking loss,1.7375089881290413,-1.2173701536642838,False,1.0807803208030007,-0.1503036473875627,-1.1175825910659363,False,50,56,2023-01-06,2023-12-27
NASDAQ_recent,2023,think_gate,ensemble,20,confidence,True,1.0,0.6896191616025532,0.8519944048126901,0.1486714224124459,0.1442573492316794,0.1820507566416734,-0.17489313780937,0.5102040816326531,245,0.4447145072293415,0.6073062717062565,0.0985300484217259,0.095666228752264,0.1818083220966472,-0.190477634541843,0.5102040816326531,245,1.040095414802492,52.4208089060456,0.4693877551020408,43020.61963351617,0.0,321.0,6.0,-0.0019119745114078,0.0141644072161235,0.5283695910300978,0.5343219483239365,0.5835321477103544,-0.0099713037650284,49.0,0.0736680055658066,49.0,0.0,5,THINK + market feature gate,1.7375089881290413,-1.2927944808996998,False,1.0643776505939373,-0.1614433919942417,-1.2550594649203113,False,50,56,2023-01-06,2023-12-27
NASDAQ_recent,2023,think_mix,ensemble,20,confidence,True,1.0,1.108832229793014,1.2627121558494785,0.2512649382314138,0.2434981079602438,0.1921013133021281,-0.1265922048895873,0.5142857142857142,245,1.0891311350417414,1.243106232578464,0.2464089430245122,0.2388060530506082,0.1919825761385282,-0.1269439198438499,0.5142857142857142,245,0.0930790761397743,4.691185437444629,0.5102040816326531,4102.29140972436,0.0,42.0,8.0,0.0064971171544832,-0.0012949800208535,0.5275545067830146,0.5441256093833174,0.5822599958189597,0.0449468551223574,49.0,-0.008727938244431,49.0,0.0,5,THINK + stock mixer residual,1.7375089881290413,-0.6483778530872999,False,1.181947907968656,-0.059965822094170944,-0.1599482200071618,False,50,56,2023-01-06,2023-12-27
NASDAQ_recent,2023,think_risk,ensemble,10,buffer_equal,True,1.0,0.4066007801668296,0.5634769787169754,0.09254270354547,0.0898599338607635,0.1884322552399946,-0.178865145305638,0.5142857142857142,245,0.2163265628385081,0.3735283665021526,0.0540593499364401,0.0525189511734665,0.1880419638793082,-0.1861909472556712,0.5102040816326531,245,0.8089739277796572,40.77228596009472,0.4693877551020408,33738.2193414517,0.0,299.0,5.0,-0.0005546772471246,0.0127334676842608,0.5334661013280259,0.5456734773782403,0.5921756569855907,-0.0033483981708871,49.0,0.0763748056863861,49.0,0.0,5,THINK + volatility auxiliary task,1.7375089881290413,-1.5211824252905333,False,1.0825395897111325,-0.20575212400465984,-1.5084986600622896,False,50,56,2023-01-06,2023-12-27
NASDAQ_recent,2023,mlp,ensemble,5,confidence,True,1.0,0.6723170321667031,0.8333408759602241,0.1459213716522498,0.1415938743819755,0.1835786253133187,-0.1635607647291979,0.5183673469387755,245,0.4368499472121438,0.598058364953621,0.0974006069572486,0.0945710076324408,0.1833684388223826,-0.1716926395675929,0.5102040816326531,245,0.9497130676173852,47.86553860791621,0.4285714285714285,42690.84284981914,0.0,246.0,3.0,-0.0176429877999034,-0.0101888576571748,0.5263380470647415,0.5296482805049066,0.5825262766682704,-0.1015592050222448,49.0,-0.059859637633129,49.0,0.0,5,Shared MLP,1.7375089881290413,-1.3006590409168974,False,0.9276488905452043,-0.13106660049511362,-1.071962107964964,True,50,56,2023-01-06,2023-12-27
NASDAQ_recent,2023,lstm,ensemble,20,buffer_inverse_vol,True,1.0,0.5767895076411311,0.7578979694492899,0.1167861443794775,0.113364877138584,0.163220070399546,-0.1477181489887026,0.5387755102040817,245,0.4617178311246782,0.6430189083856968,0.0959557619876827,0.0931698935973224,0.1630466643268917,-0.1513994451914807,0.5387755102040817,245,0.4451766206739885,22.43690168196902,0.4897959183673469,18612.900825396864,0.0,195.0,5.0,-0.0017758898991485,0.0078004750526417,0.5109380595634391,0.5354816506442983,0.5840081204735228,-0.0098829095935186,49.0,0.0437382866143107,49.0,0.0,5,LSTM,1.7375089881290413,-1.2757911570043632,False,1.027182735105357,-0.1585475434783708,-1.6539470425162617,False,50,56,2023-01-06,2023-12-27
NASDAQ_recent,2023,stockmixer,ensemble,5,inverse_vol,True,1.0,0.3880634112629382,0.565833172206071,0.083625324186455,0.0812105649674848,0.1662855129548008,-0.1911458685193179,0.5224489795918368,245,0.0461099684997107,0.2242724179479924,0.0237780655032038,0.0231099905410412,0.1659190024487299,-0.2256102583660004,0.5142857142857142,245,1.2636539894959682,63.6881610705968,0.5102040816326531,52851.73504610519,0.0,149.0,4.0,-0.0284913724040169,-0.0303156084128407,0.4769614103960428,0.5141400105236368,0.5612673063830504,-0.1564489172798063,49.0,-0.1678649012813013,49.0,0.0,5,StockMixer-inspired MLP,1.7375089881290413,-1.6913990196293307,False,0.8555996516586815,-0.18711919917297873,-1.7772839355510466,False,50,56,2023-01-06,2023-12-27
NASDAQ_recent,2023,market_transformer,ensemble,20,buffer_equal,True,1.0,0.8843523988421564,1.0348690649389731,0.2020513774620453,0.1959222508632643,0.1963937725491933,-0.1482916953939406,0.5306122448979592,245,0.7919645673893074,0.9426870959827036,0.1802606251292167,0.1748394793992895,0.1961255305504233,-0.1518055924803283,0.5265306122448979,245,0.4252925540349108,21.434744723359504,0.5306122448979592,18657.510499284603,0.0,211.0,7.0,-0.0010637674704652,0.0098655808937689,0.5293627819520271,0.54297169785677,0.5842914852148178,-0.0056271024549265,49.0,0.055355727832957,49.0,0.0,5,MASTER-inspired Transformer,1.7375089881290413,-0.9455444207397339,False,1.1372497744019774,-0.10356041607412542,-0.5614853139193998,False,50,56,2023-01-06,2023-12-27
NASDAQ_recent,2023,think_huber,ensemble,20,buffer_inverse_vol,True,1.0,0.9849386805459268,1.157766720220403,0.2013059218999497,0.1952011916001959,0.171040161897102,-0.1543942304511275,0.5102040816326531,245,0.8939957684894497,1.0669676005684747,0.1826530600578035,0.1771547090339982,0.1708979753002555,-0.1577707820073666,0.5102040816326531,245,0.3701689805611615,18.65651662028254,0.5510204081632653,15782.13255693078,0.0,156.0,5.0,-0.0008369820929287,0.0123778036331989,0.5227649248773512,0.5388268845829959,0.5832735317875374,-0.0047341929952139,49.0,0.0656487749419088,49.0,0.0,5,THINK / Huber,1.7375089881290413,-0.8435132196395916,False,1.0792432947665256,-0.09289815646877322,-0.7753977708786932,False,50,56,2023-01-06,2023-12-27
NASDAQ_recent,2023,think_mix_huber,ensemble,20,confidence,True,1.0,1.106228321152187,1.2617249348510808,0.2483523346851934,0.2406838958827981,0.190104049105035,-0.1264170978751833,0.5306122448979592,245,1.087189343135807,1.2427851025572425,0.2437102118069303,0.2361982126542128,0.1899829146771,-0.1267112703330198,0.5306122448979592,245,0.0887977660292634,4.475407407874876,0.5102040816326531,3935.412066996887,0.0,40.0,8.0,0.0073676383961567,5.740075788869508e-05,0.5183493002333766,0.5425012928865152,0.5815093624482347,0.051924929852024,49.0,0.0003984838370269,49.0,0.0,5,THINK+mixer / Huber,1.7375089881290413,-0.6503196449932342,False,1.178264774517203,-0.06167419007152778,-0.1863827762339436,False,50,56,2023-01-06,2023-12-27
NASDAQ_recent,2023,stockmixer_huber,ensemble,5,buffer_inverse_vol,True,1.0,0.4508871793718599,0.6268279251890743,0.0955617496664609,0.0927877978944642,0.1680141558396697,-0.1428947782914681,0.5020408163265306,245,0.1150334598279538,0.2911651836745552,0.0354720242542161,0.0344699026334878,0.1678319796155879,-0.1807994085075464,0.4979591836734693,245,1.2728366653718537,64.15096793474143,0.5102040816326531,52162.31938388472,0.0,130.0,4.0,-0.0326456475743266,-0.0288857971288454,0.4892375498489122,0.513307333162477,0.566447384876047,-0.1906855956919974,49.0,-0.1614333487225451,49.0,0.0,5,StockMixer / Huber,1.7375089881290413,-1.6224755283010874,False,0.8651971928728666,-0.1776482215258045,-1.6663994481284377,False,50,56,2023-01-06,2023-12-27
NASDAQ_recent,2023,think_mix_shrink,ensemble,20,confidence,True,1.0,1.0825970176557702,1.2371310542343643,0.2440805769208711,0.2365561135049916,0.1912881882901377,-0.125938291937127,0.5224489795918368,245,1.0561676162483782,1.2107795825178334,0.2377079490061218,0.2303975365149397,0.1911917725356624,-0.1264437250210491,0.5183673469387755,245,0.1231496790349988,6.206743823363941,0.5102040816326531,5338.809542166761,0.0,42.0,8.0,0.0052967490205105,-0.003678522459593,0.5194688536210783,0.5415819773695512,0.5801803266508797,0.0365233170545298,49.0,-0.0246558179739681,49.0,0.0,5,THINK+mixer x0.1 / MSE,1.7375089881290413,-0.6813413718806631,False,1.179026900817241,-0.066464522975617,-0.2234178426519724,False,50,56,2023-01-06,2023-12-27
NASDAQ_recent,2023,think_mix_shrink_huber,ensemble,20,confidence,True,1.0,1.1290668762120966,1.2846673153448442,0.2536313174320208,0.2457844138561029,0.1899772009066257,-0.1253782383644603,0.5224489795918368,245,1.1033221544592602,1.2589958396055334,0.2474175155373361,0.2397806174760475,0.1898878147485597,-0.1257579399748152,0.5224489795918368,245,0.1183694246797385,5.96581900385882,0.5102040816326531,5182.163823121583,0.0,42.0,8.0,0.0064106046197007,-0.0005223179151164,0.5182775953192642,0.5415417949338738,0.5815259392653045,0.0450324980916644,49.0,-0.0036027634872843,49.0,0.0,5,THINK+mixer x0.1 / Huber,1.7375089881290413,-0.6341868336697811,False,1.1776698232221676,-0.05857872199419955,-0.16032649140248753,False,50,56,2023-01-06,2023-12-27
NASDAQ_recent,2023,multiscale_mse,ensemble,10,buffer_equal,True,1.0,1.6381527803043852,1.774691200811202,0.4343458595708904,0.4200459165281482,0.2164997645099116,-0.1327963533142366,0.5469387755102041,245,1.5310407404306163,1.6676818546267371,0.4012086781450998,0.3881400857271033,0.2163370524324983,-0.1377262981761686,0.5469387755102041,245,0.5333255098331401,26.87960569559026,0.5714285714285714,26553.509536351736,0.0,167.0,7.0,0.032645626810973,0.0318620231350536,0.5401312616950619,0.5613897310529687,0.6029581022440008,0.1696035746937665,49.0,0.1596065816409742,49.0,0.0,5,Multi-scale mixer / MSE,1.7375089881290413,-0.20646824769842498,False,1.2315848053978038,0.0508614156036686,0.7033682526210158,False,50,56,2023-01-06,2023-12-27
NASDAQ_recent,2023,multiscale_huber,ensemble,10,equal,True,1.0,1.377941600905518,1.5357931535520637,0.3100312939213858,0.300240968980628,0.1872679450449999,-0.1453082202576431,0.5346938775510204,245,1.1272185706887148,1.2851204130185767,0.2499257828698247,0.2422042136015803,0.1872083026398658,-0.1557344827096016,0.5224489795918368,245,1.0743110206344713,54.14527543997736,0.5102040816326531,51454.12157377624,0.0,171.0,2.0,0.0245776417066149,0.018805030959015,0.5420507868679535,0.5589298475337463,0.5999532436293591,0.1505576295133605,49.0,0.1221673904907804,49.0,0.0,5,Multi-scale mixer / Huber,1.7375089881290413,-0.6102904174403265,False,1.1284171636287188,-0.04584954571886884,-0.14315430956698777,False,50,56,2023-01-06,2023-12-27
NASDAQ_recent,2023,ridge,ensemble,20,buffer_equal,True,1.0,1.004322828705539,1.153462133872314,0.2325017930281911,0.2253655971456198,0.198207547321111,-0.1454432900481278,0.5387755102040817,245,0.9041445796530726,1.0534765314934689,0.208067659588933,0.2017411859741233,0.197951848361796,-0.1493122443287456,0.5387755102040817,245,0.467744039727214,23.574299602251585,0.5510204081632653,21161.659565219736,0.0,208.0,8.0,0.0437264007838994,0.0440319688590279,0.541674682876086,0.5575280021063341,0.602177171956299,0.2455545777030416,49.0,0.2250770425069597,49.0,0.0,5,Ridge regression,1.7375089881290413,-0.8333644084759687,False,1.136515346955966,-0.07974061036727825,-0.3696320372190799,False,50,56,2023-01-06,2023-12-27
NASDAQ_recent,2023,momentum126,ensemble,5,confidence,True,1.0,0.0338818268628602,0.1761922928541914,0.0152282460769932,0.0148021240944185,0.2077186360143169,-0.1713231303914866,0.5061224489795918,245,-0.0516409040574482,0.0906928205498974,-0.0026409268363319,-0.0025676620200698,0.2076846929132884,-0.1763468401123545,0.5020408163265306,245,0.3944210765135155,19.878822256281182,0.5714285714285714,17078.959008379425,0.0,119.0,2.0,-0.0328172223263448,0.0044534490878673,0.4924872899193279,0.5246651287304865,0.5778782925832668,-0.1353164875429124,49.0,0.0193896459335468,49.0,0.0,5,126-session momentum,1.7375089881290413,-1.7891498921864895,False,0.8615794157945404,-0.2068559850481516,-1.359989260709067,False,50,56,2023-01-06,2023-12-27
NASDAQ_recent,2023,reversal5,ensemble,5,buffer_inverse_vol,True,1.0,0.3286602219355812,0.4879865893577959,0.0762228260485615,0.0740290464417046,0.1855344872575031,-0.2048889992202091,0.5224489795918368,245,0.0489501448858426,0.2084666773017046,0.0218334666166579,0.0212205921301127,0.1853133053896657,-0.2314894034435068,0.5224489795918368,245,1.151919256677309,58.0567305365364,0.4285714285714285,48234.33313361683,0.0,188.0,3.0,0.0180150718063149,0.0134354100728857,0.5188504493053644,0.5417410890308123,0.5816025269115863,0.0838618651763469,49.0,0.0792876401178346,49.0,0.0,5,5-session reversal,1.7375089881290413,-1.6885588432431986,False,0.7707865789831155,-0.1663916575784049,-1.3811205465814027,False,50,56,2023-01-06,2023-12-27
NASDAQ_recent,2023,buy_hold,ensemble,0,buy_hold,True,1.0,1.038635139300422,1.210457266473326,0.2134470683721443,0.2069434568222288,0.1720414964746334,-0.1350781422125481,0.5306122448979592,245,1.0297859193840502,1.2017420328235968,0.2114623955720034,0.2050242118121776,0.1719074436784915,-0.1350781422125477,0.5306122448979592,245,0.0399613751100271,2.01405330554537,0.5102040816326531,1782.251827216503,0.0,4.0,5.0,,,,,,,,,,,5,Equal-weight buy-and-hold,1.7375089881290413,-0.7077230687449911,False,1.0911642818509768,-0.07136606592727822,-0.5260440307386,False,50,56,2023-01-06,2023-12-27
NASDAQ_recent,2023,equal_universe,ensemble,0,equal_universe,True,1.0,1.0389164083335016,1.2050065298157309,0.219760079343223,0.2130477705960802,0.1779788925583028,-0.1328475415022665,0.5346938775510204,245,1.0206256628139332,1.1868457154828562,0.2156553606591873,0.2090788468814133,0.1778397697007099,-0.1331437182831206,0.5346938775510204,245,0.0820356548310269,4.13459700348376,0.4897959183673469,3588.405468703927,0.0,68.0,9.0,,,,,,,,,,,5,Equal-weight rebalanced universe,1.7375089881290413,-0.7168833253151081,False,1.1161424118384689,-0.07257214916502312,-0.4507602710182149,False,50,56,2023-01-06,2023-12-27
NASDAQ_recent,2023,market_proxy,ensemble,0,buy_hold,True,1.0,1.7469827519801924,1.9723951134941915,0.2839977994541771,0.2751127989488409,0.1311398172120445,-0.0997433201537759,0.563265306122449,245,1.7375089881290413,1.9631346658753184,0.2821495267278664,0.2733282658355829,0.1310158319813354,-0.0997433201537766,0.563265306122449,245,0.0408163265306122,2.057142857142857,0.6530612244897959,,,,,,,,,,,,,,,5,SPY,1.7375089881290413,0.0,False,1.0000000000000007,-1.3542059096238738e-17,,False,50,56,2023-01-06,2023-12-27
NASDAQ_recent,2024,think,ensemble,20,equal,True,1.0,1.0077102051422018,1.1584630482894014,0.2312445328855115,0.2241503210094217,0.196086092103864,-0.0956224146218202,0.5387755102040817,245,0.8931770662144927,1.043840498288388,0.2040180757195702,0.1978245259885167,0.1962024592124165,-0.0965770895478881,0.5265306122448979,245,0.5241001242594797,26.414646262677778,0.5306122448979592,23901.38295740365,0.0,206.0,6.0,0.0171300464246606,0.0286405560628881,0.5377412658866939,0.5568180318084538,0.5934771781700281,0.1038447936256371,49.0,0.1766325888821752,49.0,0.0,5,THINK reconstruction,1.9869688502840344,-1.0937917840695417,False,1.1076864101433914,-0.10111508308672532,-0.5339877604345356,False,51,57,2024-01-05,2024-12-24
NASDAQ_recent,2024,think_rank,ensemble,20,buffer_equal,True,1.0,0.6955959356999595,0.8500121031148828,0.1554246265547287,0.1507972012793987,0.1914342026560641,-0.0998539299874262,0.5224489795918368,245,0.6369136996762108,0.7912676192532763,0.1425627399750026,0.1383407368036573,0.1915114042278806,-0.1003823376805007,0.5224489795918368,245,0.2606447758922343,13.136496704968607,0.5510204081632653,11766.3712754304,0.0,133.0,5.0,0.0023114782455268,0.0150913865503419,0.5205367103073929,0.5469668161849457,0.5873249170425322,0.0143689507257764,49.0,0.0942830308216119,49.0,0.0,5,THINK + ranking loss,1.9869688502840344,-1.3500551506078236,False,1.115407403199648,-0.15630870705605054,-0.9702904249829959,False,51,57,2024-01-05,2024-12-24
NASDAQ_recent,2024,think_gate,ensemble,20,buffer_equal,True,1.0,0.8884509980708004,1.0371034104979842,0.2050860260809643,0.1988574573327726,0.1988567518254112,-0.0998458272925273,0.5142857142857142,245,0.8468595151510743,0.9954603845954896,0.1952198886164478,0.1893138684187685,0.1989257263217992,-0.1003912535635147,0.5142857142857142,245,0.1928351931656177,9.718893735547134,0.5714285714285714,8649.548428371096,0.0,120.0,5.0,0.005444225007651,0.0192481401980285,0.5220616490774511,0.5479619298567462,0.5850812418621066,0.0330823508895539,49.0,0.1174174516235842,49.0,0.0,5,THINK + market feature gate,1.9869688502840344,-1.14010933513296,False,1.1752240198618853,-0.12474655222910132,-0.5993180781670974,False,51,57,2024-01-05,2024-12-24
NASDAQ_recent,2024,think_mix,ensemble,5,confidence,True,1.0,0.951423880473772,1.077134794624556,0.253165866180727,0.2453347219760044,0.2351469328337294,-0.1722150489572018,0.5224489795918368,245,0.8816898050995873,1.00735172146224,0.232874813375534,0.2257261545043956,0.2352386207526169,-0.1734463372965383,0.5183673469387755,245,0.3799015136346713,19.147036287187436,0.5918367346938775,17599.007124128082,0.0,48.0,2.0,0.0190906518202978,0.0161675722250869,0.5327171850716242,0.544212577066123,0.5897772380548478,0.1199060005178413,49.0,0.1088694846756894,49.0,0.0,5,THINK + stock mixer residual,1.9869688502840344,-1.1052790451844472,False,1.078719071908706,-0.061724014422117855,-0.21852393265701783,False,51,57,2024-01-05,2024-12-24
NASDAQ_recent,2024,think_risk,ensemble,20,buffer_equal,True,1.0,0.7983055383110051,0.9449836120233984,0.1856021660382869,0.1800084666213619,0.2015334339898922,-0.1130744586279964,0.5061224489795918,245,0.7647957990425075,0.9114963450924152,0.1776068550297922,0.1722711955180427,0.2015025620710686,-0.1136694009743733,0.4979591836734693,245,0.1586144555194169,7.994168558178612,0.5918367346938775,7182.03364192502,0.0,74.0,3.0,0.0054518274056855,0.0192442565351916,0.5217585385556158,0.537116514674688,0.5812775792061879,0.0382217791997197,49.0,0.1179352513189807,49.0,0.0,5,THINK + volatility auxiliary task,1.9869688502840344,-1.2221730512415268,False,1.1830030405520493,-0.1410411848835607,-0.6907782314387391,False,51,57,2024-01-05,2024-12-24
NASDAQ_recent,2024,mlp,ensemble,20,equal,True,1.0,0.5434815862737024,0.7027089005102499,0.1199545764587304,0.1164357394763333,0.1856499057841678,-0.0736875068019945,0.5061224489795918,245,0.3717292547014667,0.5306789745615982,0.0848839182734131,0.0824314516666557,0.1859741301355742,-0.0744606578167251,0.4979591836734693,245,0.7474448405729366,37.671219964876,0.5714285714285714,32830.51061794629,0.0,290.0,4.0,-0.0121434073207271,-0.0034837628625044,0.5207015268293501,0.5303242506200191,0.5799716150888728,-0.0652548382333908,49.0,-0.0193378359833671,49.0,0.0,5,Shared MLP,1.9869688502840344,-1.6152395955825676,False,1.0137132497897932,-0.18378106705014735,-1.3300761532901109,False,51,57,2024-01-05,2024-12-24
NASDAQ_recent,2024,lstm,ensemble,20,buffer_inverse_vol,True,1.0,0.640193404000197,0.7915045971982568,0.1452659701147463,0.1409590797280782,0.1953625191996713,-0.0947856344610867,0.4938775510204081,245,0.5616571423220773,0.7128676829161283,0.1278893278917179,0.1241250882157753,0.1954925613660832,-0.095691609953171,0.4938775510204081,245,0.3599265361854294,18.140297423745643,0.5918367346938775,16232.511696033716,0.0,137.0,6.0,-0.0093288493056695,0.0026632367419446,0.5024221994450967,0.5223201150457423,0.5716036866131613,-0.0522672885381616,49.0,0.0143661170942778,49.0,0.0,5,LSTM,1.9869688502840344,-1.425311707961957,False,1.0521803837046415,-0.15271053100278095,-0.9684581622418825,False,51,57,2024-01-05,2024-12-24
NASDAQ_recent,2024,stockmixer,ensemble,5,buffer_equal,True,1.0,0.7778897940815169,0.916824877904091,0.1882438081307835,0.1825645335979966,0.2127650919621656,-0.1476039767908552,0.5265306122448979,245,0.6465085159035906,0.7850000097984668,0.1558470466705008,0.151206240645892,0.2134465811215775,-0.151567136161103,0.5224489795918368,245,0.6259738318852748,31.54908112701785,0.5102040816326531,28992.48323962312,0.0,58.0,3.0,0.001215528051236,0.0014306910446824,0.5238479821232018,0.5358174100166495,0.5779696391836979,0.0073201341278257,49.0,0.0085588548315906,49.0,0.0,5,StockMixer-inspired MLP,1.9869688502840344,-1.3404603343804438,False,1.0125342562583788,-0.11462391029518779,-0.6502854179444669,False,51,57,2024-01-05,2024-12-24
NASDAQ_recent,2024,market_transformer,ensemble,5,equal,True,1.0,-0.1888138449892979,-0.006721468193588,-0.0141096010035856,-0.0137203689362855,0.1623381297254702,-0.1337819718323785,0.4979591836734693,245,-0.5042136566537108,-0.3226241677834744,-0.0636093343516607,-0.0618982744350546,0.1627877035735537,-0.1579902516022994,0.4857142857142857,245,1.1565437859421102,58.28980681148235,0.5102040816326531,47391.31647986252,0.0,202.0,3.0,-0.0311880094950319,-0.0251039490123803,0.4958020085228023,0.5233160373066996,0.5629432979208798,-0.1792967597291622,49.0,-0.146433965186008,49.0,0.0,5,MASTER-inspired Transformer,1.9869688502840344,-2.4911825069377453,False,0.7896420225119214,-0.27908895268574857,-2.516048913086133,False,51,57,2024-01-05,2024-12-24
NASDAQ_recent,2024,think_huber,ensemble,20,buffer_equal,True,1.0,1.0021834585139866,1.1557791406009523,0.2262396417392123,0.2193122173628281,0.1924568157426714,-0.0950415208224972,0.5265306122448979,245,0.94893954113004,1.1024607517133236,0.2138333325002424,0.2073169770185488,0.1925501744936079,-0.0955708340944496,0.5265306122448979,245,0.2351328074319919,11.850693494572395,0.5306122448979592,10922.23911129317,0.0,158.0,5.0,-0.0110679875884065,-0.0012104641351661,0.5114819099150401,0.5294076851752112,0.5826298653343913,-0.0661589390317923,49.0,-0.0076279538076779,49.0,0.0,5,THINK / Huber,1.9869688502840344,-1.0380293091539943,False,1.1179744727605962,-0.09620693249952499,-0.5034769020764975,False,51,57,2024-01-05,2024-12-24
NASDAQ_recent,2024,think_mix_huber,ensemble,5,buffer_equal,True,1.0,1.6666771105359632,1.7960647957067568,0.4683035780254025,0.4527205608488664,0.2284648330114327,-0.145063303969429,0.5428571428571428,245,1.6553170488253248,1.784721027976634,0.46444333229842,0.4490072390013522,0.228436065723425,-0.1451567806323705,0.5387755102040817,245,0.0658673321737369,3.319713541556341,0.5714285714285714,3168.5003863395614,0.0,1.0,1.0,0.0450150509174952,0.0442251186677594,0.5511736541170857,0.5709453033271533,0.6005799093014247,0.2167714653925143,49.0,0.2250726809237561,49.0,0.0,5,THINK+mixer / Huber,1.9869688502840344,-0.33165180145870954,False,1.4020453758817266,0.028335360924723947,0.8349322913880065,False,51,57,2024-01-05,2024-12-24
NASDAQ_recent,2024,stockmixer_huber,ensemble,20,buffer_equal,True,1.0,0.7151824403637765,0.8781423936997623,0.1535968978175221,0.1490273205210293,0.1813975475639353,-0.0948888875722603,0.5306122448979592,245,0.6477383713369557,0.8106362309182009,0.1396132163887311,0.1354836382429995,0.1814666930693331,-0.0961092270180448,0.5306122448979592,245,0.2917655345625939,14.704982941954734,0.5714285714285714,12732.602801712235,0.0,101.0,5.0,-0.0005212141769862,-0.000111900785794,0.4969578632138777,0.5285176901944728,0.5745329778200832,-0.0030193573417945,49.0,-0.0006573675222948,49.0,0.0,5,StockMixer / Huber,1.9869688502840344,-1.3392304789470786,False,1.1070961719234886,-0.15866842020360208,-1.1237596529573912,False,51,57,2024-01-05,2024-12-24
NASDAQ_recent,2024,think_mix_shrink,ensemble,5,buffer_equal,True,1.0,1.0824582056379497,1.2171493374734712,0.2752430232065721,0.2666593070247238,0.2194690584557495,-0.1331139606934125,0.5102040816326531,245,1.0247979861747356,1.1593954429107427,0.2593752311626691,0.2513334674296883,0.2196218012072819,-0.1349371682663599,0.5102040816326531,245,0.277364859383418,13.979188912924268,0.6122448979591837,13271.059422339897,0.0,94.0,3.0,0.0272232330459634,0.0340748609605779,0.513882268290392,0.5364176879492213,0.5877931089929316,0.1679352603933782,49.0,0.216550812904146,49.0,0.0,5,THINK+mixer x0.1 / MSE,1.9869688502840344,-0.9621708641092988,False,0.9987303770228189,-0.024107009107796538,-0.1354631662176759,False,51,57,2024-01-05,2024-12-24
NASDAQ_recent,2024,think_mix_shrink_huber,ensemble,5,buffer_equal,True,1.0,1.3510201657999874,1.480753522373896,0.3653255274843414,0.3535666608824968,0.2278560939679429,-0.1676573210571057,0.5224489795918368,245,1.333166955448377,1.4628740254975048,0.3598581860300813,0.3482966760316128,0.227902271441987,-0.1677600822605506,0.5224489795918368,245,0.0931930604840311,4.69693024839517,0.5714285714285714,4601.791667072037,0.0,16.0,1.0,0.0436660648747258,0.0437526972630479,0.5302984631665761,0.5524307935343841,0.5950445191203922,0.2146029988654438,49.0,0.2287804062576093,49.0,0.0,5,THINK+mixer x0.1 / Huber,1.9869688502840344,-0.6538018948356574,False,1.3727776162364356,-0.038664911327791325,0.347744807103425,True,51,57,2024-01-05,2024-12-24
NASDAQ_recent,2024,multiscale_mse,ensemble,20,inverse_vol,True,1.0,0.4559926704341763,0.6357124611387437,0.0953614244775953,0.092593529932744,0.164481250341952,-0.0740891991692016,0.5428571428571428,245,0.2956604186483139,0.4751271314736245,0.0668923962896534,0.0649751928787334,0.164713196229625,-0.0757275205355222,0.5387755102040817,245,0.6266664653194304,31.583989852099293,0.5102040816326531,26627.43465418429,0.0,209.0,5.0,-0.0218514151281454,-0.0205738546303348,0.4988092309175774,0.5222868687196517,0.5727057903060851,-0.1743684369485585,49.0,-0.1736486285496727,49.0,0.0,5,Multi-scale mixer / MSE,1.9869688502840344,-1.6913084316357205,False,0.9415942023810907,-0.186220811999119,-1.7472906569041575,False,51,57,2024-01-05,2024-12-24
NASDAQ_recent,2024,multiscale_huber,ensemble,20,buffer_equal,True,1.0,0.5106589137159857,0.6641388943419232,0.1156785248852718,0.1122913089895665,0.192601900037545,-0.0906398688913121,0.4938775510204081,245,0.4690298483490303,0.6225037631014944,0.1067743166392813,0.1036597629389262,0.1926095123979793,-0.0909051787270043,0.4938775510204081,245,0.1862057483487336,9.384769716776177,0.5714285714285714,8404.067730320308,0.0,104.0,7.0,-0.0413078194237704,-0.0448416594299474,0.5058036154738051,0.5134688611086554,0.5654296208509103,-0.3119088518981476,49.0,-0.349089823361677,49.0,0.0,5,Multi-scale mixer / Huber,1.9869688502840344,-1.517939001935004,False,1.068225103734536,-0.176173739239354,-1.1491566520682746,False,51,57,2024-01-05,2024-12-24
NASDAQ_recent,2024,ridge,ensemble,10,buffer_inverse_vol,True,1.0,0.2908121529540163,0.4781861080643468,0.0650709381546821,0.0632074710989654,0.1577622453925101,-0.1020358743538433,0.5387755102040817,245,-0.0161575677152989,0.1705864233616599,0.0146324710527423,0.0142231367749723,0.158294442117278,-0.1047746881285828,0.5183673469387755,245,1.1161882349694496,56.25588704246025,0.5510204081632653,47942.738485044334,0.0,264.0,1.0,-0.0228261654855284,-0.0438220963254099,0.5047682316021854,0.520269932378571,0.563818457513713,-0.103725606126288,49.0,-0.220128159748548,49.0,0.0,5,Ridge regression,1.9869688502840344,-2.0031264179993333,False,0.8167376923665055,-0.20632696864288078,-2.053219759525744,False,51,57,2024-01-05,2024-12-24
NASDAQ_recent,2024,momentum126,ensemble,20,buffer_equal,True,1.0,0.9128768976114988,1.067587678627116,0.2041883581800645,0.1979892264445524,0.1910696571514117,-0.0858553157453445,0.5183673469387755,245,0.8901778006686303,1.044908338011974,0.1989598173203521,0.1929317861262331,0.1910452609667282,-0.0860259777773698,0.5183673469387755,245,0.1036168289959414,5.222288181395451,0.5918367346938775,4633.700147674827,0.0,46.0,3.0,0.0461229656162223,0.0017510223672562,0.512000368637677,0.5393927240525569,0.5784898962899293,0.219972650033958,49.0,0.0104918432172979,49.0,0.0,5,126-session momentum,1.9869688502840344,-1.096791049615404,False,1.1488261180931312,-0.11655838745102577,-0.6271637625565537,False,51,57,2024-01-05,2024-12-24
NASDAQ_recent,2024,reversal5,ensemble,20,buffer_equal,True,1.0,0.4743864088942297,0.6370124622808541,0.1044544681943242,0.1014106361110989,0.1817699886991935,-0.1133689245335811,0.5183673469387755,245,0.3481304078065173,0.510644635880073,0.0794265506496196,0.0771373012177689,0.181895063814977,-0.1144896484816458,0.5102040816326531,245,0.5385420971103041,27.142521694359324,0.5510204081632653,23914.0090366877,0.0,249.0,5.0,-0.0213010473758481,0.0004569608654849,0.4915986002735252,0.5127551151642271,0.5722238218469226,-0.1131879363931689,49.0,0.0024403831670582,49.0,0.0,5,5-session reversal,1.9869688502840344,-1.638838442477517,False,0.9808804449453418,-0.18139837518474616,-1.3906197144672163,False,51,57,2024-01-05,2024-12-24
NASDAQ_recent,2024,buy_hold,ensemble,0,buy_hold,True,1.0,0.6359859511913861,0.8092208612679049,0.1315525730609377,0.127674530452015,0.1706384462186292,-0.0922565611191534,0.5183673469387755,245,0.626506908581805,0.7997830621546096,0.1297037222240373,0.125883156257208,0.1705978305541093,-0.0922565611191538,0.5183673469387755,245,0.0396366044235184,1.9976848629453303,0.6122448979591837,1689.2275990104283,0.0,8.0,8.0,,,,,,,,,,,5,Equal-weight buy-and-hold,1.9869688502840344,-1.3604619417022294,False,1.0201803177589803,-0.14764585250756512,-1.2654202267551726,False,51,57,2024-01-05,2024-12-24
NASDAQ_recent,2024,equal_universe,ensemble,0,equal_universe,True,1.0,0.6964494146082371,0.8636274083072025,0.1469952865693897,0.1426340018800242,0.1768207359846075,-0.0883632147505449,0.5061224489795918,245,0.6759505506791281,0.8431519589884903,0.1428333038732543,0.1386028121591189,0.1767959742993742,-0.0884731912694514,0.5061224489795918,245,0.0873910467607191,4.404508756740245,0.6122448979591837,3832.710140469602,0.0,90.0,11.0,,,,,,,,,,,5,Equal-weight rebalanced universe,1.9869688502840344,-1.3110182996049062,False,1.0386755058070765,-0.13963563257047545,-1.0881064460876368,False,51,57,2024-01-05,2024-12-24
NASDAQ_recent,2024,market_proxy,ensemble,0,buy_hold,True,1.0,1.9976234038349905,2.232941187482629,0.3132169864596394,0.3033149198472771,0.1256196426299199,-0.0840562193330192,0.6,245,1.9869688502840344,2.222390920155777,0.3113266536718171,0.3014909175838014,0.1255639961979165,-0.0840562193330189,0.6,245,0.0408163265306122,2.057142857142857,0.6530612244897959,,,,,,,,,,,,,,,5,SPY,1.9869688502840344,0.0,False,0.9999999999999998,4.237466288111627e-17,,False,51,57,2024-01-05,2024-12-24
NASDAQ_recent,2025,think,ensemble,5,buffer_inverse_vol,True,1.0,0.2790844686270592,0.3909412013905707,0.071393813513926,0.0678813087457517,0.2642714046438162,-0.2229747998684357,0.525,240,0.2131597369972893,0.3249606268427885,0.0528855742234009,0.0503049326842948,0.2644034043658479,-0.2243731249580067,0.5208333333333334,240,0.3931126108211975,19.81287558538836,0.625,16826.517027134458,0.0,90.0,2.0,-0.0029590578428385,0.0064091718351994,0.517036588261568,0.5447513616096872,0.5788817355329555,-0.0153573017167087,48.0,0.0319599424883424,48.0,0.0,5,THINK reconstruction,0.9256907430790456,-0.7125310060817563,False,1.2079500102146374,-0.16405096662696608,-1.0332612631157618,False,53,59,2025-01-13,2025-12-24
NASDAQ_recent,2025,think_rank,ensemble,5,buffer_inverse_vol,True,1.0,0.5869361461271431,0.7231574245364689,0.1431210517140957,0.1358629308311629,0.2170038060974285,-0.1763990955673586,0.5458333333333333,240,0.5088404780180963,0.6451338648504803,0.1238832699051719,0.1176502274268294,0.2168889964018227,-0.1778024757922792,0.5458333333333333,240,0.3821052650424226,19.258105358138103,0.6041666666666666,17101.886699747625,0.0,115.0,3.0,-0.0016377341683529,0.0080669125317351,0.5084901353579804,0.5416676534665835,0.5788992044452483,-0.0085014158828066,48.0,0.0405691134169179,48.0,0.0,5,THINK + ranking loss,0.9256907430790456,-0.41685026506094935,False,1.0063915769633678,-0.07327144478690145,-0.8222478740981739,False,53,59,2025-01-13,2025-12-24
NASDAQ_recent,2025,think_gate,ensemble,5,buffer_inverse_vol,True,1.0,0.7319544713259015,0.8636874054644487,0.1842105373696345,0.1747144362994368,0.2243974605104562,-0.1879027077347187,0.5666666666666667,240,0.6688346923863046,0.8005776146709053,0.1675574103568484,0.1589762026955798,0.2243804477209205,-0.1889598259700643,0.5583333333333333,240,0.3167727391988811,15.965346055623607,0.5833333333333334,14536.59197910814,0.0,104.0,2.0,0.0032048518618154,0.0106302151941829,0.5171777727816499,0.542728040901235,0.5793007113704834,0.0166994961107129,48.0,0.0526044500822985,48.0,0.0,5,THINK + market feature gate,0.9256907430790456,-0.2568560506927411,False,1.0535878871581459,-0.04217169118198264,-0.37840829715713087,False,53,59,2025-01-13,2025-12-24
NASDAQ_recent,2025,think_mix,ensemble,10,buffer_inverse_vol,True,1.0,0.3544243103551224,0.4740007835376528,0.0908354072788335,0.0863284858496731,0.2472103006513478,-0.2572488367445901,0.5166666666666667,240,0.3395313252986165,0.459160641625817,0.0868153571782597,0.0825153501338857,0.2471011019191111,-0.2573942090532675,0.5166666666666667,240,0.0949632668177081,4.786148647612489,0.5625,3541.070111758634,0.0,12.0,0.0,0.0049703512892011,0.003953213270218,0.5279298971001883,0.5412205153545674,0.5767067483841939,0.0287994537100846,48.0,0.0215431788226756,48.0,0.0,5,THINK + stock mixer residual,0.9256907430790456,-0.5861594177804291,False,1.0892600861003081,-0.1148555567327848,-0.7976990608837019,False,53,59,2025-01-13,2025-12-24
NASDAQ_recent,2025,think_risk,ensemble,10,buffer_inverse_vol,True,1.0,0.8799017197529787,1.004332332941853,0.234352155625122,0.222038357801581,0.2375664246017256,-0.2299756658663176,0.5291666666666667,240,0.7818615471304777,0.9064153429815724,0.2058020568339029,0.1951040926783034,0.2373314733950065,-0.2320573248951554,0.5291666666666667,240,0.5442717433019247,27.43129586241701,0.6041666666666666,23939.67440578377,0.0,133.0,3.0,0.0013733383809294,0.007000358725547,0.5228412778370634,0.5451171806864644,0.5838576845605529,0.0070033641096934,48.0,0.033788651625843,48.0,0.0,5,THINK + volatility auxiliary task,0.9256907430790456,-0.1438291959485679,False,1.044410185241795,-0.0050101373511199625,0.02612318470446869,False,53,59,2025-01-13,2025-12-24
NASDAQ_recent,2025,mlp,ensemble,20,buffer_equal,True,1.0,0.7653478719049535,0.8715648781116327,0.2266651920594835,0.2147893959849534,0.2783032297931805,-0.239054090023334,0.5208333333333334,240,0.7146764813800278,0.8209710991361407,0.2093903697601324,0.1984909740322373,0.2781000252910843,-0.2399574745638228,0.5208333333333334,240,0.340062908054473,17.139170565945438,0.6041666666666666,14422.222808858747,0.0,134.0,5.0,0.0189106637557526,0.0264012689082802,0.5391280215869679,0.5537803448186643,0.5975330217716731,0.0913361076686942,48.0,0.1226997028855855,48.0,0.0,5,Shared MLP,0.9256907430790456,-0.21101426169901782,False,1.2030428843526033,-0.02076419022538593,0.10806616728581242,False,53,59,2025-01-13,2025-12-24
NASDAQ_recent,2025,lstm,ensemble,5,equal,True,1.0,1.7851984661414084,1.8858410345310932,0.6667909227214834,0.6267295608005956,0.2937180197133247,-0.1691182627158509,0.5458333333333333,240,1.6908835100742527,1.791747556391442,0.6198694259263469,0.5830869539729067,0.2930730717794282,-0.1724278725068413,0.5416666666666666,240,0.6418917707906949,32.35134524785103,0.6666666666666666,32896.331805667425,0.0,191.0,6.0,0.0367155221904693,0.0431605312542672,0.5648203342679651,0.5656884253177722,0.5985112957166714,0.1756858864850691,48.0,0.1893859959079735,48.0,0.0,5,LSTM,0.9256907430790456,0.7651927669952071,True,1.144171186487938,0.28677883411146143,1.653913089250685,False,53,59,2025-01-13,2025-12-24
NASDAQ_recent,2025,stockmixer,ensemble,10,buffer_inverse_vol,True,1.0,0.9324779023474054,1.0301659150056957,0.3056820112558636,0.2892031355120603,0.3026014664632699,-0.2608788634088272,0.5208333333333334,240,0.8560642744074702,0.9538435393190842,0.2756581016137389,0.260954237030464,0.3023190644049326,-0.2626323237610196,0.5208333333333334,240,0.5541737635288796,27.93035768185553,0.5833333333333334,24215.848750706107,0.0,104.0,4.0,0.022550345004375,0.0087322607290159,0.5416427984936385,0.5605859772681695,0.5902152308176181,0.1122134746788313,48.0,0.0398702163909241,48.0,0.0,5,StockMixer-inspired MLP,0.9256907430790456,-0.0696264686715754,False,1.2999128957161998,0.02161322337209657,0.446448672065134,False,53,59,2025-01-13,2025-12-24
NASDAQ_recent,2025,market_transformer,ensemble,20,buffer_equal,True,1.0,0.2747358640578379,0.3917925780325914,0.0696909369078124,0.0662647772347655,0.2525317419439665,-0.2394507842593625,0.5,240,0.1925296663231765,0.3097687545075343,0.0477373752341485,0.0454133330989507,0.2521389098471781,-0.2417033580741627,0.4916666666666666,240,0.4977043245136257,25.08429795548674,0.5625,19582.13600662288,0.0,159.0,5.0,2.3115745747976738e-07,0.0021803328825887,0.4910320709064533,0.5240330324674284,0.5751641131163292,1.3879040175797777e-06,48.0,0.0117135851852926,48.0,0.0,5,MASTER-inspired Transformer,0.9256907430790456,-0.7331610767558692,False,1.1088856029500955,-0.15379091217689608,-1.050300176233045,False,53,59,2025-01-13,2025-12-24
NASDAQ_recent,2025,think_huber,ensemble,5,buffer_inverse_vol,True,1.0,0.1675973413322467,0.3125655170778046,0.0441133051577773,0.0419692097701238,0.2039105185276289,-0.2173258937181428,0.525,240,0.0307654891717174,0.1758953881625283,0.0154259757731716,0.0146860384030595,0.2036832940134054,-0.2182029501127024,0.5208333333333334,240,0.6201975556315239,31.2579568038288,0.625,26695.02965957319,0.0,152.0,3.0,-0.0212599084835815,-0.0148883761350307,0.5077350439576557,0.5291547679087621,0.5736732508409937,-0.1288891950506742,48.0,-0.0906815721416948,48.0,0.0,5,THINK / Huber,0.9256907430790456,-0.8949252539073282,False,0.9083988105553562,-0.15948647400227786,-1.784369635733761,False,53,59,2025-01-13,2025-12-24
NASDAQ_recent,2025,think_mix_huber,ensemble,5,buffer_inverse_vol,True,1.0,0.9230843782515886,1.015281176623117,0.3161425382719907,0.2990379365768887,0.3206243211088546,-0.2998686239140264,0.5583333333333333,240,0.9113121043767624,1.0035660596887763,0.3110261511785264,0.2942280675139077,0.3204256748266653,-0.3000279289301707,0.5583333333333333,240,0.0981133864597901,4.944914677573426,0.6666666666666666,4059.870183681278,0.0,2.0,1.0,0.0030913865426666,0.0112363599567331,0.5393615996689797,0.5551869481695766,0.5891593495024047,0.0165800224177392,48.0,0.057516830616215,48.0,0.0,5,THINK+mixer / Huber,0.9256907430790456,-0.014378638702283286,False,1.4637139334936151,0.024928169704006124,0.6571698248986804,False,53,59,2025-01-13,2025-12-24
NASDAQ_recent,2025,stockmixer_huber,ensemble,5,buffer_inverse_vol,True,1.0,0.9711292780336228,1.0603642382253355,0.3460622593838198,0.3271474848451405,0.3312663088858128,-0.259635491854748,0.5291666666666667,240,0.8374548337491996,0.9268206443125238,0.2874916418918443,0.2720919188119264,0.3307812652282131,-0.264787105930592,0.5291666666666667,240,1.0350485942867615,52.16644915205278,0.6041666666666666,46369.64000610729,0.0,90.0,3.0,0.0047535876439195,0.0041604842898739,0.5615047172144747,0.5494005222732469,0.5874342759386737,0.0226268859384498,48.0,0.0197715875898042,48.0,0.0,5,StockMixer / Huber,0.9256907430790456,-0.08823590932984604,False,1.363949014457314,0.028138557912884103,0.4598118962943818,False,53,59,2025-01-13,2025-12-24
NASDAQ_recent,2025,think_mix_shrink,ensemble,5,buffer_inverse_vol,True,1.0,0.5486446485105222,0.6765796780859148,0.1388344843580873,0.1318060441112598,0.2310589678557194,-0.2031882666497332,0.5125,240,0.4728301421257529,0.600714888164749,0.1190918468997346,0.1131118138851488,0.2311498188944848,-0.2044414973970035,0.5083333333333333,240,0.3984232985396945,20.080534246400603,0.5208333333333334,17583.540037774426,0.0,91.0,1.0,0.0020744863355447,0.0054341167963887,0.5247694203915939,0.5463911603080198,0.5766351882660217,0.011639362399535,48.0,0.0288593371310417,48.0,0.0,5,THINK+mixer x0.1 / MSE,0.9256907430790456,-0.4528606009532927,False,0.9873161021597089,-0.07085809723905843,-0.5865684262420472,True,53,59,2025-01-13,2025-12-24
NASDAQ_recent,2025,think_mix_shrink_huber,ensemble,10,buffer_inverse_vol,True,1.0,0.656129637534612,0.7647719427617266,0.1871469017103717,0.1774883848929629,0.2720904699553771,-0.2597804714212702,0.5166666666666667,240,0.6349964395615385,0.743676026188944,0.1803043582876984,0.1710238073691248,0.2719971321534906,-0.2603871640605775,0.5166666666666667,240,0.1391211350342409,7.011705205725742,0.6458333333333334,5785.899737699655,0.0,31.0,1.0,-0.0014276509435836,0.0050651753076622,0.5244079279244045,0.5430010231803678,0.5796201144736574,-0.0075029325798474,48.0,0.0253947456839249,48.0,0.0,5,THINK+mixer x0.1 / Huber,0.9256907430790456,-0.29069430351750714,False,1.2466316329778935,-0.05475203952960158,-0.07716890347557347,False,53,59,2025-01-13,2025-12-24
NASDAQ_recent,2025,multiscale_mse,ensemble,20,buffer_equal,True,1.0,0.642972720190621,0.7505138730059149,0.1840353541392494,0.1745489324323059,0.2748765018081267,-0.2212928390306773,0.4916666666666666,240,0.6051489807648835,0.7127372691693121,0.1717490706979001,0.1629385813964803,0.2747560754490485,-0.2226914771677547,0.4916666666666666,240,0.248595626014364,12.529219551123948,0.5625,10419.56730054094,0.0,110.0,6.0,0.018214586414863,0.0268770599977139,0.5363608378308187,0.5494630557341573,0.5877013370901661,0.1009703330319456,48.0,0.1295498890882177,48.0,0.0,5,Multi-scale mixer / MSE,0.9256907430790456,-0.3205417623141621,False,1.1391187873617639,-0.041583334609378735,-0.10079797239437864,False,53,59,2025-01-13,2025-12-24
NASDAQ_recent,2025,multiscale_huber,ensemble,20,buffer_inverse_vol,True,1.0,1.0129603632714386,1.138525012091214,0.2718177919706805,0.2573386973000315,0.2354208462662904,-0.1969481130773561,0.5041666666666667,240,0.9411420819143836,1.0668143990526702,0.2503349974356168,0.2371036358147751,0.2352191521522877,-0.199391151500311,0.5,240,0.4078685759796444,20.55657622937408,0.625,17475.77072725154,0.0,148.0,7.0,0.0066097907160584,0.0074976322765432,0.520476006795605,0.5332444431619602,0.5771595369645328,0.0379629612932531,48.0,0.0427189472978288,48.0,0.0,5,Multi-scale mixer / Huber,0.9256907430790456,0.015451338835338002,True,0.9549030236982695,0.04713626380307499,0.27526715044317585,False,53,59,2025-01-13,2025-12-24
NASDAQ_recent,2025,ridge,ensemble,20,inverse_vol,True,1.0,0.5185706950728249,0.6373525215079884,0.1362799136062586,0.1293880054051788,0.2488641299215637,-0.2618575374224047,0.5333333333333333,240,0.3275884232355721,0.4466898718120107,0.0834927854566407,0.0793632862782316,0.2481962750210329,-0.2668715414730614,0.5208333333333334,240,1.1435201824642682,57.63341719619912,0.6666666666666666,44677.968912483,0.0,240.0,4.0,0.0313662061225449,0.0176025584973002,0.5372734950621505,0.5485698762804402,0.5930869654395736,0.1279063199670177,48.0,0.0751703324378327,48.0,0.0,5,Ridge regression,0.9256907430790456,-0.5981023198434736,False,1.0552689363869585,-0.11124562868966857,-0.7447081450405886,False,53,59,2025-01-13,2025-12-24
NASDAQ_recent,2025,momentum126,ensemble,20,buffer_equal,True,1.0,1.136839810137375,1.254018573563077,0.3290795618542508,0.3111959515506226,0.2522687133921164,-0.2262962880373688,0.5666666666666667,240,1.1197482650708448,1.236991815391224,0.3232058007343878,0.305676583341524,0.2521293137703878,-0.2266589160019065,0.5666666666666667,240,0.1082918285498497,5.457908158912428,0.6458333333333334,4598.15277966466,0.0,31.0,2.0,-0.0035484363643565,0.0148682575063188,0.4833550973706404,0.5094904985816283,0.5691473105106613,-0.0153130786203058,48.0,0.0660025831891452,48.0,0.0,5,126-session momentum,0.9256907430790456,0.19405752199179915,True,1.1020473538382198,0.08123398474717215,0.7707335694594878,False,53,59,2025-01-13,2025-12-24
NASDAQ_recent,2025,reversal5,ensemble,20,buffer_inverse_vol,True,1.0,1.125768787192104,1.2518628948822046,0.305087488457342,0.2886440633656812,0.2344323333405207,-0.1567072834647844,0.525,240,1.0243908483388064,1.1506816059683302,0.2740931714859238,0.2594809635322381,0.234067293926587,-0.1591679983574397,0.5166666666666667,240,0.577257228833094,29.093764333187934,0.6458333333333334,25228.95437934172,0.0,189.0,6.0,0.0458598838731838,0.0229156998827371,0.5266345497830454,0.5540612183893464,0.5807310654292104,0.2006140253241751,48.0,0.0989506348115723,48.0,0.0,5,5-session reversal,0.9256907430790456,0.0987001052597608,True,0.9694127736547821,0.06289046314052424,0.42352404268455135,False,53,59,2025-01-13,2025-12-24
NASDAQ_recent,2025,buy_hold,ensemble,0,buy_hold,True,1.0,0.7419483492418415,0.8847016003947544,0.1756887732261911,0.1666621689142304,0.2070743443497256,-0.1983477586294627,0.5,240,0.7342089380581887,0.8769756853973338,0.1737952907810842,0.1648726289947517,0.2070547689656299,-0.198347758629464,0.5,240,0.0398902968128758,2.0104709593689405,0.5833333333333334,1666.5835820324037,0.0,7.0,3.0,,,,,,,,,,,5,Equal-weight buy-and-hold,0.9256907430790456,-0.191481805020857,False,0.912210276019825,-0.014426895159653575,-0.29242855757733593,False,53,59,2025-01-13,2025-12-24
NASDAQ_recent,2025,equal_universe,ensemble,0,equal_universe,True,1.0,0.7069223916538994,0.8418827692172127,0.1741589495019295,0.1652163353657936,0.2190312180507465,-0.2041042005640683,0.5041666666666667,240,0.6910030216962983,0.8260084818541458,0.1700336568429488,0.161317081516223,0.2189580765971923,-0.2043819266321276,0.5041666666666667,240,0.0861516462890072,4.342042972965968,0.6041666666666666,3557.1505457463004,0.0,85.0,6.0,,,,,,,,,,,5,Equal-weight rebalanced universe,0.9256907430790456,-0.2346877213827473,False,0.9576198016786698,-0.023433408786401867,-0.2800882225725236,False,53,59,2025-01-13,2025-12-24
NASDAQ_recent,2025,market_proxy,ensemble,0,buy_hold,True,1.0,0.9331196151955116,1.083078260377015,0.2144565839470869,0.2032719796498605,0.1971245862517787,-0.1875522591221894,0.5833333333333334,240,0.9256907430790456,1.075657041065774,0.2126720200743477,0.2015879884816203,0.1971145269512299,-0.1875522591221897,0.5833333333333334,240,0.0416666666666666,2.1,0.6666666666666666,,,,,,,,,,,,,,,5,SPY,0.9256907430790456,0.0,False,0.9999999999999999,6.334086760369147e-18,,False,53,59,2025-01-13,2025-12-24
NYSE_recent,2022,think,ensemble,20,buffer_equal,True,1.0,0.0264639174343729,0.1438311458699899,0.0046246754506145,0.0045694941945397,0.2518636273540096,-0.1810355077438196,0.5100401606425703,249,-0.401000804406206,-0.2835981124546416,-0.0979004422256267,-0.0967932911162519,0.2517875475843146,-0.1911905290724538,0.5020080321285141,249,0.506773694648311,127.70697105137438,0.5020080321285141,99320.51665909863,0.0,1174.0,4.0,0.010590138031702,0.0062959330197316,0.5364008370447172,0.5479549638566656,0.5816075636616032,0.0569750529295981,249.0,0.0331006927318406,249.0,0.0,1,THINK reconstruction,-0.8624026980622194,0.46140189365601336,True,0.9236375495890898,0.09289486764051971,0.9476691594822673,False,56,63,2022-01-05,2022-12-30
NYSE_recent,2022,think_huber,ensemble,20,buffer_equal,True,1.0,-0.2805576890688156,-0.1602897320102367,-0.0670853376574964,-0.0663137921402604,0.2457889583331255,-0.1854113143542062,0.4979919678714859,249,-0.7229790965888564,-0.6027469947466323,-0.1633262171329681,-0.1615481813549999,0.2458622566964045,-0.2466219984805082,0.4819277108433735,249,0.5143284085301401,129.6107589495953,0.4819277108433735,93294.60220451486,0.0,1115.0,6.0,0.0039856554454682,-0.0002641746882806,0.5258053352840183,0.5401623829740374,0.5751779631097585,0.0234226847783578,249.0,-0.0015586380370773,249.0,0.0,1,THINK / Huber,-0.8624026980622194,0.13942360147336297,True,0.9090387056465961,0.013044459631564446,0.29346891503406125,False,56,63,2022-01-05,2022-12-30
NYSE_recent,2022,think_mix,ensemble,5,buffer_equal,True,1.0,-0.997772286653318,-0.916659173497304,-0.3302218880029774,-0.3270183826968673,0.3644359677013518,-0.3850152558590256,0.4698795180722891,249,-1.013222641837976,-0.9321189987034804,-0.3340285372123092,-0.3307978329611698,0.3644785208632412,-0.3873417125086479,0.4698795180722891,249,0.0284396082612268,7.166781281829177,0.4698795180722891,4229.725673175579,0.0,0.0,0.0,-0.0088251305773984,0.0008499908487537,0.4992194319417433,0.5248597859180318,0.5677708765880949,-0.050289542501851,249.0,0.0049216207416777,249.0,0.0,1,THINK + stock mixer residual,-0.8624026980622194,-0.15081994377575658,False,1.2891046794344734,-0.09872827880265941,-0.803464849251723,True,56,63,2022-01-05,2022-12-30
NYSE_recent,2022,think_mix_huber,ensemble,5,buffer_equal,True,1.0,-1.122337764061432,-1.0233832823366995,-0.2956247272535518,-0.2926799686736479,0.2987286211908167,-0.3495611025175816,0.4738955823293173,249,-1.1401104466436525,-1.0411820574547217,-0.2994399195219592,-0.2964656244254539,0.298807411387516,-0.3516293595262229,0.4738955823293173,249,0.026539721816475,6.688009897751707,0.4738955823293173,4195.230852288265,0.0,2.0,1.0,-0.007183999739649,-0.0017340533039797,0.5027313217039966,0.5241838051813275,0.5687364513415989,-0.0407094985821903,249.0,-0.0101106675988309,249.0,0.0,1,THINK+mixer / Huber,-0.8624026980622194,-0.2777077485814331,False,1.081753269068952,-0.1136247360686107,-0.9163838531642635,False,56,63,2022-01-05,2022-12-30
NYSE_recent,2022,stockmixer,ensemble,10,buffer_equal,True,1.0,-0.2228614404661318,-0.1329564985887871,-0.0930133565275695,-0.0919586140938489,0.3287976752891952,-0.2404290535664915,0.4698795180722891,249,-0.4251755297703931,-0.335305371944146,-0.1515068911597267,-0.1498457225722108,0.3289249357215198,-0.2670101705234159,0.465863453815261,249,0.3100665107962818,78.13676072066302,0.465863453815261,56471.55878673248,0.0,385.0,3.0,0.0003860233187205,0.0059886772669245,0.5231815767573533,0.5385830911729786,0.5777346796238061,0.0017282357570142,249.0,0.0273478152393576,249.0,0.0,1,StockMixer-inspired MLP,-0.8624026980622194,0.4372271682918263,True,1.1628397209343417,0.10421708090649996,0.40662463723135717,False,56,63,2022-01-05,2022-12-30
NYSE_recent,2022,stockmixer_huber,ensemble,20,buffer_inverse_vol,True,1.0,-0.5610904740397222,-0.4403529394954844,-0.1286672187826222,-0.1272373587323397,0.2448330256027404,-0.1942625686647763,0.4899598393574297,249,-0.8173137835847855,-0.6965419751242355,-0.1816278867583071,-0.17967278146267,0.2447635442665172,-0.2281653742596939,0.4859437751004016,249,0.2980149345514429,75.09976350696361,0.4859437751004016,53958.92241627968,0.0,728.0,7.0,-0.0011240923252825,0.0071382001528515,0.5188824751043818,0.5391156148902131,0.5766743765460507,-0.0054371610738896,249.0,0.0348865016374987,249.0,0.0,1,StockMixer / Huber,-0.8624026980622194,0.045088914477433906,True,0.9297533832358403,-0.0049030920676903025,0.1037424334074429,False,56,63,2022-01-05,2022-12-30
NYSE_recent,2022,multiscale_mse,ensemble,20,buffer_inverse_vol,True,1.0,-0.7050362550286925,-0.5980290366452679,-0.1839748215422976,-0.1819973563856081,0.2762480544103188,-0.2599863396033199,0.4859437751004016,249,-0.7944530710253426,-0.687458054420502,-0.2039308560431014,-0.2017665039220295,0.2762795579111466,-0.273037442980647,0.4859437751004016,249,0.1181262388449737,29.76781218893337,0.4859437751004016,20696.96413286354,0.0,271.0,4.0,-0.0050985099253419,-0.0045997677827958,0.52273930245152,0.5380827402441355,0.5719988998081094,-0.0223093143130126,249.0,-0.0201332583128103,249.0,0.0,1,Multi-scale mixer / MSE,-0.8624026980622194,0.06794962703687679,True,1.0289787436963518,-0.0035192498436417705,-0.082137688582723,False,56,63,2022-01-05,2022-12-30
NYSE_recent,2022,multiscale_huber,ensemble,20,buffer_inverse_vol,True,1.0,-0.7313489434707217,-0.6161779857269619,-0.1739298680757439,-0.1720486596538,0.2566665804069241,-0.2462793716926482,0.4779116465863454,249,-0.9602840890124636,-0.845069656911463,-0.2210255027500223,-0.2187057472984784,0.2565697313021294,-0.2764747611941307,0.4779116465863454,249,0.2771160242834811,69.83323811943725,0.4779116465863454,48412.46399288917,0.0,652.0,3.0,-0.002740865316875,0.0010929894057813,0.5294528002356534,0.5398883847912902,0.5773657084721568,-0.0137268605841897,249.0,0.0055448934420478,249.0,0.0,1,Multi-scale mixer / Huber,-0.8624026980622194,-0.09788139095024428,False,0.9683152241478588,-0.04314057657799564,-0.35869910911159697,False,56,63,2022-01-05,2022-12-30
NYSE_recent,2022,ridge,ensemble,20,buffer_inverse_vol,True,1.0,-0.7366519261382707,-0.6091070784188491,-0.154641386699593,-0.1529490346303893,0.2317658173955379,-0.2398716114990889,0.4779116465863454,249,-1.3661529794390808,-1.2385314960472331,-0.2693516319921644,-0.2666168332972364,0.2316266438897189,-0.318046860910769,0.4618473895582329,249,0.6967905038088544,175.5912069598313,0.4618473895582329,117284.4448339519,0.0,1029.0,5.0,-0.000267908619482,-0.0021290336080159,0.531266712427877,0.5417983750354711,0.5771050035446393,-0.001366035560808,249.0,-0.0113983104958894,249.0,0.0,1,Ridge regression,-0.8624026980622194,-0.5037502813768614,False,0.8612356465868746,-0.13567306072708915,-1.022563229761884,False,56,63,2022-01-05,2022-12-30
NYSE_recent,2022,momentum126,ensemble,20,buffer_inverse_vol,True,1.0,-0.738029246869352,-0.6063726086664941,-0.149005505576084,-0.1473693199215838,0.2245275003964022,-0.2194081047725654,0.4859437751004016,249,-0.7724730791216485,-0.640891712997873,-0.1556742945245689,-0.1539716965708046,0.2246559429887226,-0.2235088475510928,0.4859437751004016,249,0.0395690183772363,9.971392631063551,0.4859437751004016,6893.721571903934,0.0,39.0,3.0,-0.0026184156505085,-0.0071952080107922,0.5253152472646158,0.5382959673624174,0.5745858892895,-0.0113625441343881,249.0,-0.0330031616138801,249.0,0.0,1,126-session momentum,-0.8624026980622194,0.08992961894057083,True,0.8278435214496961,0.0002150425410378087,0.33702373284019643,False,56,63,2022-01-05,2022-12-30
NYSE_recent,2022,reversal5,ensemble,20,buffer_inverse_vol,True,1.0,-0.1380206317597802,-0.0117944342516718,-0.0296195930161757,-0.0292721911237578,0.2341870108570946,-0.1590603268331657,0.4899598393574297,249,-0.3786738965860571,-0.2524670562196626,-0.0828341281338574,-0.0818895405728523,0.2342229296008296,-0.1908781113118577,0.4859437751004016,249,0.265698327896413,66.95597862989608,0.4859437751004016,50621.21589987437,0.0,797.0,7.0,0.0122241317121285,0.024173630425754,0.5281564613957518,0.5456929172238778,0.5852593370655444,0.0547398229310406,249.0,0.1180639352060806,249.0,0.0,1,5-session reversal,-0.8624026980622194,0.48372880147616226,True,0.8633949751133123,0.09252348002792658,1.1151910459875813,False,56,63,2022-01-05,2022-12-30
NYSE_recent,2022,buy_hold,ensemble,0,buy_hold,True,1.0,-0.5772114631049307,-0.4474211243966378,-0.1199742396011208,-0.1186342812253508,0.2277560578119706,-0.2027692581716418,0.4738955823293173,249,-0.584038106579981,-0.4542873980468667,-0.1213918036833083,-0.1200371157401468,0.2278256220754037,-0.2034135906045824,0.4738955823293173,249,0.0078995544313906,1.9906877167104549,0.4738955823293173,1485.1753966608237,0.0,7.0,0.0,,,,,,,,,,,1,Equal-weight buy-and-hold,-0.8624026980622194,0.27836459148223835,True,0.8713096363867572,0.04981994925640308,0.8634748149914618,False,56,63,2022-01-05,2022-12-30
NYSE_recent,2022,equal_universe,ensemble,0,equal_universe,True,1.0,-0.5694147926863631,-0.4436207233519539,-0.1234892278735496,-0.1221127955411445,0.2349914907967391,-0.2070316274360318,0.4738955823293173,249,-0.5907576138852438,-0.4649981567553877,-0.1279234887531969,-0.1265012804363841,0.2350561664381048,-0.2096400942732337,0.4738955823293173,249,0.0256641206910095,6.467358414134412,0.4738955823293173,4557.117164983253,0.0,59.0,4.0,,,,,,,,,,,1,Equal-weight rebalanced universe,-0.8624026980622194,0.2716450841769755,True,0.9017975144058301,0.050416661422472336,0.8119615578141371,False,56,63,2022-01-05,2022-12-30
NYSE_recent,2022,market_proxy,ensemble,0,buy_hold,True,1.0,-0.856857959976329,-0.7353681808492311,-0.1882090434196907,-0.1861914392143941,0.243317060074297,-0.2447109138077643,0.4337349397590361,249,-0.8624026980622194,-0.7409431734271428,-0.1893588313501771,-0.1873303724332994,0.2433776681993064,-0.2452396161680993,0.4337349397590361,249,0.0080321285140562,2.0240963855421685,0.4337349397590361,,,,,,,,,,,,,,,1,SPY,-0.8624026980622194,0.0,False,0.9999999999999996,1.6871711575546567e-17,,False,56,63,2022-01-05,2022-12-30
NYSE_recent,2023,think,ensemble,5,buffer_equal,True,1.0,0.4758844303157782,0.6476711182679828,0.1015416351126063,0.0998519665285422,0.1720769882617775,-0.1693766233579015,0.5080645161290323,248,-0.6484031996581165,-0.4772348677209674,-0.0926923171632276,-0.091290328190145,0.1726986268530993,-0.2769393528226904,0.4959677419354839,248,0.8657532778434368,218.16982601654607,0.4959677419354839,176295.3715984165,0.0,847.0,2.0,-0.009749146942883,-0.0176483196674946,0.5058366147811623,0.5257099701711895,0.5656225338320818,-0.0660020542723129,248.0,-0.1118648346581303,248.0,0.0,1,THINK reconstruction,1.6049788722064346,-2.253382071864551,False,0.9119708287331146,-0.3038591534550038,-2.5757545362874135,False,56,63,2023-01-05,2023-12-29
NYSE_recent,2023,think_huber,ensemble,5,confidence,True,1.0,0.1341731890257808,0.3298952646550361,0.0392256442314431,0.0385911538194816,0.1510332229578228,-0.1609248221194927,0.5201612903225806,248,-1.3127155240663193,-1.1172356291256458,-0.1650625205058551,-0.1626682781620149,0.1512203385174343,-0.2853653346111329,0.4596774193548387,248,0.9774883273360558,246.32705848868608,0.4596774193548387,195228.1186416761,0.0,963.0,1.0,-0.0066823583501639,-0.0166047387211712,0.5082417979168646,0.5282126035914907,0.5684369982991434,-0.0442536424224256,248.0,-0.1063269650628937,248.0,0.0,1,THINK / Huber,1.6049788722064346,-2.917694396272754,False,0.7834555432287629,-0.36335017826478083,-3.56928273042206,False,56,63,2023-01-05,2023-12-29
NYSE_recent,2023,think_mix,ensemble,5,buffer_inverse_vol,True,1.0,0.829661119363231,0.9868155604080406,0.1828754216199482,0.1797262578487857,0.1880986352644817,-0.1432722214507278,0.5362903225806451,248,0.8036607886569074,0.960719570654193,0.1771910169288282,0.1741467620142198,0.1882131996082336,-0.1438076066728151,0.5362903225806451,248,0.0238609165950715,6.012950981958031,0.5362903225806451,4974.854185173965,0.0,0.0,1.0,0.0069682121944822,0.0164485190358946,0.5152944568521435,0.5411405443494932,0.5756104307089145,0.0477186668111376,248.0,0.1148598807742435,248.0,0.0,1,THINK + stock mixer residual,1.6049788722064346,-0.8013180835495273,False,0.9534873221464183,-0.0493564108328704,-0.41991328550355567,False,56,63,2023-01-05,2023-12-29
NYSE_recent,2023,think_mix_huber,ensemble,5,inverse_vol,True,1.0,0.829661119363231,0.9868155604080406,0.1828754216199482,0.1797262578487857,0.1880986352644817,-0.1432722214507278,0.5362903225806451,248,0.8036607886569074,0.960719570654193,0.1771910169288282,0.1741467620142198,0.1882131996082336,-0.1438076066728151,0.5362903225806451,248,0.0238609165950715,6.012950981958031,0.5362903225806451,4974.854185173965,0.0,0.0,1.0,0.0080509428409795,0.0172556094674918,0.5152373575697667,0.5410913950903897,0.5752157653758987,0.0543088568486011,248.0,0.1189266286373465,248.0,0.0,1,THINK+mixer / Huber,1.6049788722064346,-0.8013180835495273,False,0.9534873221464183,-0.0493564108328704,-0.41991328550355567,True,56,63,2023-01-05,2023-12-29
NYSE_recent,2023,stockmixer,ensemble,5,buffer_equal,True,1.0,0.6746975933140064,0.8019788210528267,0.1727023399334324,0.1697406239673706,0.2322458418372507,-0.2000082678951747,0.5241935483870968,248,-0.0069926751089735,0.12020887851406,0.000992606027302,0.0009768426832033,0.2323913116178193,-0.2789759676227786,0.5080645161290323,248,0.7034107782464281,177.25951611809987,0.5080645161290323,152698.18792215973,0.0,576.0,1.0,-0.0039839515443707,-0.0031403487026264,0.5224214243118895,0.5393986407519648,0.5790485059935951,-0.0214407408652351,248.0,-0.0167361957871424,248.0,0.0,1,StockMixer-inspired MLP,1.6049788722064346,-1.6119715473154081,False,1.0851985346751,-0.22995336567089153,-1.1517132634512024,False,56,63,2023-01-05,2023-12-29
NYSE_recent,2023,stockmixer_huber,ensemble,5,buffer_equal,True,1.0,0.4583634872956489,0.5911593181367997,0.1128453507163174,0.1109582929137584,0.2226013851416857,-0.2011261696398617,0.532258064516129,248,-0.2568264075897594,-0.1240996395955557,-0.0509887850694973,-0.0502001054389806,0.2227172132118225,-0.2763090403042614,0.5120967741935484,248,0.7107345581498312,179.10510865375747,0.5120967741935484,150746.24872043464,0.0,541.0,1.0,-0.0058204350567523,-0.0037769035536792,0.516297213645772,0.5359011309207021,0.5766274208317668,-0.0324996831435566,248.0,-0.0211602875732727,248.0,0.0,1,StockMixer / Huber,1.6049788722064346,-1.8618052797961941,False,1.024324951790191,-0.2727200452338155,-1.5058229588496828,False,56,63,2023-01-05,2023-12-29
NYSE_recent,2023,multiscale_mse,ensemble,10,buffer_equal,True,1.0,0.0563794896695367,0.1878416267603175,0.0172394082503366,0.0169634590157414,0.2248596937524926,-0.2091932412716716,0.5241935483870968,248,-0.2391106579249697,-0.1075003469870286,-0.0480514664900075,-0.047307079633834,0.2246065348194487,-0.247674878751045,0.5120967741935484,248,0.3032792026495286,76.4263590676812,0.5120967741935484,63921.27264530055,0.0,471.0,3.0,-0.0027439210740638,-0.0020630846091238,0.5130822617382765,0.5302435218545035,0.5736958057457326,-0.0146076917600639,248.0,-0.0106109613168261,248.0,0.0,1,Multi-scale mixer / MSE,1.6049788722064346,-1.8440895301314044,False,1.008154000192795,-0.2658237934517165,-1.4542572839531906,False,56,63,2023-01-05,2023-12-29
NYSE_recent,2023,multiscale_huber,ensemble,20,buffer_equal,True,1.0,0.3026545190165213,0.464553787745267,0.0706383709765832,0.0694790545513335,0.1825859753314166,-0.1719175204628331,0.5,248,0.0438708993994196,0.2057163220939493,0.0212248124702716,0.0208844171196616,0.1826467217554512,-0.1813174030096631,0.4959677419354839,248,0.2237645213498436,56.38865938016059,0.4959677419354839,47029.97855895917,0.0,525.0,5.0,0.0058043382305823,0.009473662428077,0.5246352164993869,0.5339445083090257,0.579505947553599,0.0390812796657697,248.0,0.0613420938220294,248.0,0.0,1,Multi-scale mixer / Huber,1.6049788722064346,-1.561107972807015,False,0.9981972913488134,-0.20201018617942273,-1.5883448328889302,False,56,63,2023-01-05,2023-12-29
NYSE_recent,2023,ridge,ensemble,5,confidence,True,1.0,0.1158759699568537,0.2651878172911991,0.0335641398328128,0.0330226750902087,0.1979785021351182,-0.2488690806266893,0.5282258064516129,248,-1.2996472020369767,-1.150140697741317,-0.2188496801620136,-0.2157812168072178,0.1977207347970834,-0.384164256592314,0.4959677419354839,248,1.2521382267119427,315.5388331314096,0.4959677419354839,248191.25287482896,0.0,838.0,1.0,0.0016145483710248,-4.7791403813035416e-05,0.5066521416429691,0.5309185276435097,0.5729270405808788,0.0097464955941049,248.0,-0.0003012340903176,248.0,0.0,1,Ridge regression,1.6049788722064346,-2.9046260742434113,False,0.8626139927218697,-0.43846321639517133,-2.8640081301709626,False,56,63,2023-01-05,2023-12-29
NYSE_recent,2023,momentum126,ensemble,5,equal,True,1.0,0.2051575547225023,0.3356063654425805,0.0517111104234466,0.0508697699589459,0.2266064038691256,-0.1809959510104848,0.4919354838709677,248,0.0272143019816845,0.1576265787806682,0.0101366552704578,0.0099749561751898,0.2266698857795841,-0.2031523341299453,0.4919354838709677,248,0.1820587079284082,45.87879439795887,0.4919354838709677,38488.08016012486,0.0,129.0,1.0,0.0034068826269716,0.0061652972373088,0.5130279974043749,0.5293975262954678,0.5756473148331263,0.0160886305335301,248.0,0.0304377449958003,248.0,0.0,1,126-session momentum,1.6049788722064346,-1.5777645702247503,False,1.0895068964802892,-0.22306615548437186,-1.1577814710027303,False,56,63,2023-01-05,2023-12-29
NYSE_recent,2023,reversal5,ensemble,10,buffer_equal,True,1.0,0.9310264625013804,1.0771906926680872,0.2182761728752109,0.2144641706055534,0.202241929181757,-0.1448548157793541,0.5524193548387096,248,0.4895817257146961,0.6357436311753831,0.1142786055101552,0.1123663914442572,0.2022451458409045,-0.1645699948599377,0.5362903225806451,248,0.4097172063306616,103.24873599532673,0.5362903225806451,93069.78484053724,0.0,731.0,0.0,0.0023308538331809,0.0074220371520054,0.521125908471751,0.536271011954264,0.5771922478273736,0.0123122652708885,248.0,0.039679136141281,248.0,0.0,1,5-session reversal,1.6049788722064346,-1.1153971464917385,False,0.9914936273945911,-0.10959706792528412,-0.7188497943743924,False,56,63,2023-01-05,2023-12-29
NYSE_recent,2023,buy_hold,ensemble,0,buy_hold,True,1.0,0.7161783089303233,0.9069307314975876,0.1372019897506002,0.134883546350881,0.1549680758358774,-0.1446861714158045,0.5241935483870968,248,0.7051425339410745,0.8958228457759135,0.13529646551708,0.1330120668097503,0.1550266810549666,-0.1446861714158032,0.5241935483870968,248,0.0080612024370115,2.0314230141269087,0.5241935483870968,1757.5617818592682,0.0,6.0,7.0,,,,,,,,,,,1,Equal-weight buy-and-hold,1.6049788722064346,-0.8998363382653601,False,0.9442963867757009,-0.08936627809964433,-1.0798979481596047,False,56,63,2023-01-05,2023-12-29
NYSE_recent,2023,equal_universe,ensemble,0,equal_universe,True,1.0,0.652149419100616,0.8354026916452256,0.1295234023835465,0.1273418423193641,0.1613097298389866,-0.1443713617302354,0.5161290322580645,248,0.6207995560071794,0.8039893188978503,0.1238572549054854,0.1217761816197029,0.1613656539526345,-0.1451815324787635,0.5161290322580645,248,0.0250624594161346,6.315739772865937,0.5161290322580645,5193.070105061239,0.0,78.0,6.0,,,,,,,,,,,1,Equal-weight rebalanced universe,1.6049788722064346,-0.9841793161992552,False,0.9632409894582669,-0.10249244752187332,-1.0958846917068341,False,56,63,2023-01-05,2023-12-29
NYSE_recent,2023,market_proxy,ensemble,0,buy_hold,True,1.0,1.6168791510430447,1.842528271384844,0.2620384551757735,0.2573849607416889,0.1310022207997297,-0.099743320153775,0.5604838709677419,248,1.6049788722064346,1.8304708124428164,0.2602437523342213,0.2556252379152792,0.1310935364487662,-0.0997433201537761,0.5604838709677419,248,0.0080645161290322,2.032258064516129,0.5604838709677419,,,,,,,,,,,,,,,1,SPY,1.6049788722064346,0.0,False,1.0000000000000002,-1.0889037039339493e-16,,False,56,63,2023-01-05,2023-12-29
NYSE_recent,2024,think,ensemble,20,buffer_equal,True,1.0,0.0645483058438106,0.2330908179113735,0.0258505846347874,0.0256428130709014,0.1753891972040346,-0.1153941766332163,0.528,250,-0.4415571999090133,-0.2731775862778883,-0.0613942870331344,-0.0609221853286879,0.1755588770445835,-0.1261139422066322,0.508,250,0.418480663640906,105.45712723750832,0.508,85667.65561471132,0.0,823.0,4.0,-0.0011745151351198,-0.0138469141421945,0.5128432780242641,0.5290214168742686,0.5684984624438765,-0.0064667329082593,250.0,-0.0768622840927387,250.0,0.0,1,THINK reconstruction,1.7095712273412922,-2.1511284272503053,False,0.8902343556093334,-0.26888759587624794,-2.1514849493507957,False,56,61,2024-01-04,2024-12-31
NYSE_recent,2024,think_huber,ensemble,20,buffer_equal,True,1.0,0.2408847953332731,0.4350273449276569,0.0561877806371788,0.05572964548078,0.1522620154522597,-0.1011498984854692,0.544,250,-0.382621694980049,-0.1885205372266636,-0.0394880363879603,-0.0391808609787985,0.152294485145932,-0.1113388352786095,0.524,250,0.445382329745658,112.23634709590584,0.524,94149.26951830428,0.0,1015.0,9.0,0.00519741641169,-0.0094739209567535,0.5180845914151488,0.530222345220476,0.5699551932835538,0.0303702191524538,250.0,-0.0551149629401019,250.0,0.0,1,THINK / Huber,1.7095712273412922,-2.0921929223213414,False,0.7444374848027178,-0.21829840985226792,-2.197226977645089,False,56,61,2024-01-04,2024-12-31
NYSE_recent,2024,think_mix,ensemble,10,buffer_equal,True,1.0,0.3492857105841091,0.5068175820785272,0.0806262499603411,0.0799614342859063,0.1876479699368556,-0.1278243642368088,0.504,250,0.3139109870252347,0.471476904191845,0.0734730285890454,0.07286916363333,0.1876074243583009,-0.1286126415738252,0.504,250,0.0331708688376102,8.359058947077779,0.504,6887.10686365006,0.0,3.0,1.0,0.0204116008042084,0.0172471223274667,0.5217824031020418,0.5393542651512191,0.5791180940948899,0.1229663006820401,250.0,0.1027235831838028,250.0,0.0,1,THINK + stock mixer residual,1.7095712273412922,-1.3956602403160576,False,0.9743412042792118,-0.15055621989852366,-1.0981995686100627,False,56,61,2024-01-04,2024-12-31
NYSE_recent,2024,think_mix_huber,ensemble,10,confidence,True,1.0,0.8646724684964703,1.0197685117955697,0.1926857433880842,0.1910189694367097,0.1905950355501611,-0.1396416898983508,0.532,250,0.5444779133398474,0.6996967340659814,0.122049650776018,0.1210246276921287,0.1904442756876588,-0.1554597170314723,0.528,250,0.286495033084735,72.19674833735323,0.528,65853.42389501889,0.0,324.0,3.0,0.0211724642539006,0.0186310201965776,0.5286429779478687,0.5412722306186268,0.5758120734843523,0.1330430735023959,250.0,0.1208508980085395,250.0,0.0,1,THINK+mixer / Huber,1.7095712273412922,-1.1650933140014448,False,1.0314037041274076,-0.11802193122091359,-0.7975447849108915,True,56,61,2024-01-04,2024-12-31
NYSE_recent,2024,stockmixer,ensemble,20,buffer_equal,True,1.0,-0.0291902922778091,0.1500073916681706,0.0112273580507862,0.0111377576533013,0.1649604795963342,-0.0978503954352864,0.496,250,-0.3552784781865634,-0.1759180071774982,-0.041662330564669,-0.0413386080788407,0.1648107619252801,-0.1089494843845917,0.484,250,0.2559035089310981,64.48768425063672,0.484,51718.97527777122,0.0,446.0,3.0,0.0014850220704606,0.0009676732532171,0.5091134707593119,0.5285995320510247,0.5662884075457083,0.0089559088661121,250.0,0.0058944445281734,250.0,0.0,1,StockMixer-inspired MLP,1.7095712273412922,-2.0648497055278554,False,0.8037152470695142,-0.2313235354980529,-2.064148814098938,False,56,61,2024-01-04,2024-12-31
NYSE_recent,2024,stockmixer_huber,ensemble,20,buffer_equal,True,1.0,-0.1151494981906029,0.0588346427161499,-0.004402289459617,-0.0043674270624851,0.1699036230096637,-0.1020608035090449,0.524,250,-0.4987174433716299,-0.3248432910398244,-0.0672951711622338,-0.0667793279553996,0.1700110999239872,-0.1205048707863296,0.512,250,0.3092702100019025,77.93609292047944,0.512,62159.39349550351,0.0,477.0,3.0,0.0114859773447234,0.0099891085016621,0.5276304481515242,0.5386578539767386,0.5756789916290062,0.0676848075749431,250.0,0.0590449503695169,250.0,0.0,1,StockMixer / Huber,1.7095712273412922,-2.208288670712922,False,0.8516913432316301,-0.2678704519210881,-2.2478279022265917,False,56,61,2024-01-04,2024-12-31
NYSE_recent,2024,multiscale_mse,ensemble,20,buffer_equal,True,1.0,-0.2633158791529348,-0.1058847659300694,-0.0367780053382233,-0.0364915083944575,0.1877680674495018,-0.1098157346538654,0.468,250,-0.5158275983623116,-0.3584528005521499,-0.0814391633466961,-0.0808196758350238,0.1878352588699715,-0.1206278352495392,0.46,250,0.2258363858456838,56.91076923311234,0.46,44808.61507313817,0.0,356.0,1.0,-0.0060976551293412,-0.0080375622119703,0.506894735027191,0.5254664492210253,0.5671575086278213,-0.0326897495196268,250.0,-0.0413870969374067,250.0,0.0,1,Multi-scale mixer / MSE,1.7095712273412922,-2.225398825703604,False,0.8787187576827169,-0.28578348155343514,-2.0427508617709322,False,56,61,2024-01-04,2024-12-31
NYSE_recent,2024,multiscale_huber,ensemble,5,buffer_equal,True,1.0,0.3621829032481329,0.5035873832921083,0.0870609505284873,0.0863409880589676,0.2090495002498374,-0.134355823497142,0.52,250,-0.5543667024476442,-0.4128828576339609,-0.1024268995638504,-0.1016567885113562,0.208932234808919,-0.1971776670960003,0.5,250,0.8491343769750886,213.98186299772237,0.5,172393.23767077943,0.0,753.0,1.0,0.0135845855403428,0.0128164222228178,0.5020883141088985,0.5271807347852376,0.5733036111814914,0.0809580346349727,250.0,0.0767434444250136,250.0,0.0,1,Multi-scale mixer / Huber,1.7095712273412922,-2.2639379297889364,False,0.8108885470801362,-0.2901368938938774,-1.7986748301230768,False,56,61,2024-01-04,2024-12-31
NYSE_recent,2024,ridge,ensemble,20,buffer_equal,True,1.0,0.3527481493075417,0.5181892540637019,0.0796504089202798,0.0789939301336786,0.1786770943644855,-0.1044210246059008,0.516,250,-0.4602978811696349,-0.2947364198403748,-0.0662620081740158,-0.0657538023118294,0.1785472032497507,-0.1439179082421665,0.488,250,0.6879652801282713,173.36725059232435,0.488,139497.4425962896,0.0,784.0,1.0,0.0105195240059735,0.0097198435972067,0.5125393435333444,0.5312530460695527,0.5733494140256432,0.0534611881992195,250.0,0.0531040499402983,250.0,0.0,1,Ridge regression,1.7095712273412922,-2.169869108510927,False,0.8534238246314944,-0.26564027124336886,-2.0651679144208908,False,56,61,2024-01-04,2024-12-31
NYSE_recent,2024,momentum126,ensemble,5,buffer_equal,True,1.0,0.6427494197442013,0.790880553166037,0.1479324447717691,0.1466762154016851,0.1995565361813649,-0.1087588727481005,0.52,250,0.5761698257860021,0.7241333299146216,0.1328841195020087,0.1317628793913037,0.1997826157224905,-0.110831661583072,0.52,250,0.0608498948722656,15.334173507810938,0.52,14465.230187435638,0.0,81.0,0.0,0.0112966346203113,0.0166817084209527,0.5011683772504274,0.531692216510382,0.5736269496928,0.0478450819236399,250.0,0.0743850374560452,250.0,0.0,1,126-session momentum,1.7095712273412922,-1.13340140155529,False,0.9875188727105347,-0.09717226065381435,-0.637992738153123,False,56,61,2024-01-04,2024-12-31
NYSE_recent,2024,reversal5,ensemble,5,inverse_vol,True,1.0,-0.0756417863899435,0.0637335821590626,-0.0088862478463038,-0.0088160338698549,0.2120929701856702,-0.1215343653874305,0.516,250,-0.8573832681039009,-0.7180914342091055,-0.1604915918406496,-0.1593252062700535,0.2122201643824124,-0.2003992342449361,0.5,250,0.7493073070140488,188.8254413675403,0.5,145665.6484711107,0.0,571.0,2.0,0.0212009332460838,0.0207640020146009,0.5109195733486831,0.5285931530736632,0.5738990501896926,0.1047333751686265,250.0,0.1103450299479293,250.0,0.0,1,5-session reversal,1.7095712273412922,-2.5669544954451933,False,0.8005011280894678,-0.354032917137996,-2.105584113903363,False,56,61,2024-01-04,2024-12-31
NYSE_recent,2024,buy_hold,ensemble,0,buy_hold,True,1.0,0.3600485240563312,0.5840219173057589,0.0707761977863774,0.0701952145887967,0.131982354945889,-0.0668488792355962,0.528,250,0.3480538860880866,0.571990723226567,0.0690878878915959,0.0685212022746952,0.1320039001354708,-0.0668488792355963,0.528,250,0.0077403716765074,1.950573662479873,0.528,1615.5605622768949,0.0,4.0,4.0,,,,,,,,,,,1,Equal-weight buy-and-hold,1.7095712273412922,-1.3615173412532056,False,0.7682341404490654,-0.11919818891629791,-1.7872930331765484,False,56,61,2024-01-04,2024-12-31
NYSE_recent,2024,equal_universe,ensemble,0,equal_universe,True,1.0,0.2668287526618223,0.4782053087756264,0.0587769155353783,0.0582970925764942,0.1398477505252092,-0.0723211283966195,0.528,250,0.2317459174626032,0.4431115100161863,0.0535967414739932,0.0531602600643685,0.1398550044458503,-0.0723778558815614,0.528,250,0.024592981842242,6.197431424244991,0.528,5064.748876874606,0.0,66.0,6.0,,,,,,,,,,,1,Equal-weight rebalanced universe,1.7095712273412922,-1.477825309878689,False,0.7813792342078711,-0.1355575545369391,-1.7679750789274995,False,56,61,2024-01-04,2024-12-31
NYSE_recent,2024,market_proxy,ensemble,0,buy_hold,True,1.0,1.7214863927523294,1.9566760356268396,0.2686274307340315,0.2662340438806061,0.1256880852617042,-0.0840562193330189,0.592,250,1.7095712273412922,1.9446610521117609,0.2668377803274719,0.2644619366738561,0.1257414518690579,-0.0840562193330192,0.592,250,0.008,2.016,0.592,,,,,,,,,,,,,,,1,SPY,1.7095712273412922,0.0,False,0.9999999999999996,1.8634242979983158e-17,,False,56,61,2024-01-04,2024-12-31
NYSE_recent,2025,think,ensemble,20,buffer_inverse_vol,True,1.0,0.7902652235746863,0.9429789766650836,0.1780674032802425,0.175007001999615,0.1935682627666358,-0.1967173299814276,0.5080645161290323,248,0.4143941886779268,0.5669885493921847,0.0954709653941963,0.0938865593205413,0.1937197138080027,-0.2052893220474513,0.5040322580645161,248,0.3500181575466302,88.20457570175081,0.5040322580645161,73198.99583063804,0.0,747.0,3.0,0.0096661176598378,0.0104515169669801,0.5197314540444636,0.5344796966237861,0.5762085479925706,0.0549950859176863,248.0,0.0553021770531517,248.0,0.0,1,THINK reconstruction,0.7347257552942883,-0.3203315666163615,False,0.8002345686465303,-0.03453861094280098,-0.5225291426777255,False,56,61,2025-01-06,2025-12-31
NYSE_recent,2025,think_huber,ensemble,20,buffer_inverse_vol,True,1.0,0.4997170575089361,0.6717674706212421,0.1060896509884581,0.1043207799169039,0.1718132223663159,-0.1728005210258698,0.5201612903225806,248,-0.0321478248022325,0.1397770409705964,0.0094837444080249,0.0093325085375641,0.1719386881787108,-0.1875360326398911,0.4919354838709677,248,0.4367321296898397,110.05649668183962,0.4919354838709677,90147.3709953107,0.0,1255.0,3.0,0.0133887680961475,0.0182356297922613,0.5060256943514662,0.5307031057277476,0.5755565484254062,0.0764981393053931,248.0,0.0998828303321423,248.0,0.0,1,THINK / Huber,0.7347257552942883,-0.7668735800965208,False,0.7514658412723149,-0.11334521824408832,-1.4622197350888027,False,56,61,2025-01-06,2025-12-31
NYSE_recent,2025,think_mix,ensemble,10,buffer_inverse_vol,True,1.0,-0.2748143064052682,-0.1461338660339278,-0.0579363226083288,-0.0570434453121744,0.2297205060922752,-0.2380238274468672,0.4798387096774194,248,-0.3144263745259757,-0.1857604985290004,-0.0664858335050291,-0.0654658326566782,0.2297465093773274,-0.2388865262743803,0.4798387096774194,248,0.0471727809271384,11.88754079363889,0.4798387096774194,8396.666018816932,0.0,2.0,0.0,-0.0165127061422925,-0.008147594150609,0.5056990455278535,0.5235577702758819,0.5672270063623814,-0.0978045221997898,248.0,-0.0483086413523944,248.0,0.0,1,THINK + stock mixer residual,0.7347257552942883,-1.049152129820264,False,0.9609298250768634,-0.21010930550208204,-1.6246598732230517,False,56,61,2025-01-06,2025-12-31
NYSE_recent,2025,think_mix_huber,ensemble,20,buffer_inverse_vol,True,1.0,-0.3632232020389021,-0.2024511657414927,-0.0525170400020855,-0.0517053715080975,0.1838661533875059,-0.1966487869966646,0.4596774193548387,248,-0.3953509496806503,-0.2346311727684348,-0.0581316233383157,-0.0572358285127965,0.1839259390113949,-0.1972583138063742,0.4596774193548387,248,0.030712261144617,7.739489808443489,0.4596774193548387,5633.796947422918,0.0,41.0,1.0,-0.0180995617292694,-0.0106669222229363,0.5013818958455681,0.5174567571553432,0.5608837689624022,-0.1102276050359973,248.0,-0.0692848048010052,248.0,0.0,1,THINK+mixer / Huber,0.7347257552942883,-1.1300767049749387,False,0.7750542849158434,-0.18391744775635765,-1.9070928859305412,True,56,61,2025-01-06,2025-12-31
NYSE_recent,2025,stockmixer,ensemble,20,buffer_inverse_vol,True,1.0,0.2381550158904664,0.3798176764162406,0.0593906665256755,0.0584209458692137,0.208668507118027,-0.1989984865408604,0.4879032258064516,248,-0.0429915956691887,0.0986299239408642,-0.0009866965361208,-0.0009710422929827,0.2087291251193636,-0.2075355375054008,0.4717741935483871,248,0.2874165330323069,72.42896632414134,0.4717741935483871,56336.28027143754,0.0,378.0,4.0,-0.0143294523375616,-0.0204618022371733,0.4958357850563857,0.5154501445790586,0.5591052260866518,-0.0798901909482963,248.0,-0.1075704019616737,248.0,0.0,1,StockMixer-inspired MLP,0.7347257552942883,-0.7777173509634769,False,0.8468160588818449,-0.13047188653947567,-1.1652392615987874,False,56,61,2025-01-06,2025-12-31
NYSE_recent,2025,stockmixer_huber,ensemble,20,buffer_inverse_vol,True,1.0,0.0834570736084755,0.2377384221492757,0.0278224858559594,0.0273748692129311,0.1916014875800997,-0.1949040728397144,0.4677419354838709,248,-0.3151260161154952,-0.1609005308792944,-0.0477909420743948,-0.047050490597328,0.1916708891595209,-0.206469242973297,0.4556451612903225,248,0.3700570943260318,93.25438777016002,0.4556451612903225,71618.56018310584,0.0,688.0,4.0,-0.0138642518479865,-0.0200309795089207,0.4852663173282869,0.5107428379833414,0.5569682056882825,-0.0766922942027846,248.0,-0.1056675730393948,248.0,0.0,1,StockMixer / Huber,0.7347257552942883,-1.0498517714097835,False,0.7757364461388523,-0.17170051097592642,-1.6267071290996704,False,56,61,2025-01-06,2025-12-31
NYSE_recent,2025,multiscale_mse,ensemble,20,buffer_inverse_vol,True,1.0,0.3272096784383109,0.4626129752857192,0.0805556011769283,0.0792275857267719,0.2183147425102519,-0.2090599714122899,0.4919354838709677,248,0.0363796364863831,0.1718081370018004,0.0140933622449372,0.0138681140836478,0.2182741134530686,-0.2177208389831818,0.4838709677419355,248,0.307449364544225,77.47723986514472,0.4838709677419355,61862.75676764518,0.0,493.0,3.0,-0.0123497121430475,-0.0198514859356075,0.5155802750462262,0.5280634751913834,0.5676527137232088,-0.0633351008258788,248.0,-0.0948032208547889,248.0,0.0,1,Multi-scale mixer / MSE,0.7347257552942883,-0.6983461188079052,False,0.8603484543357471,-0.11549913756669017,-0.9545588966784013,False,56,61,2025-01-06,2025-12-31
NYSE_recent,2025,multiscale_huber,ensemble,20,buffer_inverse_vol,True,1.0,0.6862432601539292,0.827752411400584,0.1633598067471706,0.1605690240183732,0.2088948709384614,-0.1822773032087234,0.4919354838709677,248,0.342563723158063,0.4839743658605873,0.0828168195957379,0.0814501399507117,0.2090403898981324,-0.1933802347320411,0.4919354838709677,248,0.3471656144865689,87.48573485061537,0.4919354838709677,72092.02022520022,0.0,620.0,3.0,-0.015974091822084,-0.0183433071489581,0.5071072162543423,0.522621460006897,0.5638832040449642,-0.0881081562589701,248.0,-0.0944940138922802,248.0,0.0,1,Multi-scale mixer / Huber,0.7347257552942883,-0.3921620321362253,False,0.8246711425720296,-0.046711356849421896,-0.5222592189090427,False,56,61,2025-01-06,2025-12-31
NYSE_recent,2025,ridge,ensemble,20,buffer_inverse_vol,True,1.0,0.1405228180327261,0.2777200451842542,0.0375546669982738,0.0369476830580306,0.2154601554274335,-0.2333966082781501,0.4959677419354839,248,-0.5592255199450324,-0.4219605931983015,-0.1076135612303063,-0.1059993480852333,0.2153538896416243,-0.2537457889838067,0.4838709677419355,248,0.7339538659804601,184.95637422707597,0.4838709677419355,136438.9601036545,0.0,800.0,2.0,-0.0067565343676909,-0.0159847987698228,0.4870556719307491,0.511370642892193,0.5574849643394613,-0.0344890962419412,248.0,-0.0803700125110633,248.0,0.0,1,Ridge regression,0.7347257552942883,-1.2939512752393207,False,0.8619989425816533,-0.24410806781628197,-1.92636599600327,False,56,61,2025-01-06,2025-12-31
NYSE_recent,2025,momentum126,ensemble,10,buffer_inverse_vol,True,1.0,0.6878675161681468,0.8467663182961738,0.1505525742354039,0.1479942137944159,0.1860337239198556,-0.1944874126430514,0.532258064516129,248,0.6386030130183712,0.7975600293199027,0.1400261525122652,0.1376571602073353,0.1859655935552203,-0.1958667648699573,0.5282258064516129,248,0.0459770501263431,11.586216631838475,0.5282258064516129,9435.939021902796,0.0,23.0,2.0,0.002697771093352,0.0141936266295174,0.5154054872933813,0.5353043251619027,0.5790077847148859,0.012233849726037,248.0,0.0611276763621934,248.0,0.0,1,126-session momentum,0.7347257552942883,-0.0961227422759171,False,0.7850431827974791,0.006122862165684296,-0.2181110879531701,False,56,61,2025-01-06,2025-12-31
NYSE_recent,2025,reversal5,ensemble,20,buffer_inverse_vol,True,1.0,0.1663551001779221,0.3116475734497789,0.0439334923776082,0.0432212792841604,0.2034553836176388,-0.2038623143406424,0.5161290322580645,248,-0.0973794206186768,0.0477838605451921,-0.0106587223796398,-0.0104904268718314,0.2036364544068927,-0.2114059187006433,0.5,248,0.2586734555428491,65.18571079679796,0.5,51322.38635061445,0.0,589.0,7.0,0.0111263062175817,0.0050907643394702,0.5068579713406576,0.5255735771816872,0.5695826245308433,0.0519892605169253,248.0,0.0245612446236124,248.0,0.0,1,5-session reversal,0.7347257552942883,-0.8321051759129651,False,0.8335859515003042,-0.13943007751904646,-1.2900077190698764,False,56,61,2025-01-06,2025-12-31
NYSE_recent,2025,buy_hold,ensemble,0,buy_hold,True,1.0,0.4412205451928315,0.6094675785456268,0.0961018899130925,0.094506568294167,0.1756972191259742,-0.1792991471354538,0.5080645161290323,248,0.4318014484434466,0.600002446695574,0.0943036551502676,0.0927394296163792,0.1757453058748851,-0.1792991471354531,0.5080645161290323,248,0.0080213375598628,2.021377065085444,0.5080645161290323,1689.612449358203,0.0,4.0,5.0,,,,,,,,,,,1,Equal-weight buy-and-hold,0.7347257552942883,-0.3029243068508417,False,0.7566430751430848,-0.03267349769560621,-0.6354691535686278,False,56,61,2025-01-06,2025-12-31
NYSE_recent,2025,equal_universe,ensemble,0,equal_universe,True,1.0,0.4059115595674557,0.5668124026425365,0.0913310299892489,0.0898181076432373,0.1837189620721091,-0.1833665506953267,0.5,248,0.3783998163856869,0.539264656919491,0.0858392812456196,0.0844208060157605,0.1837600795064308,-0.1839250791301983,0.5,248,0.0255085079925483,6.42814401412218,0.5,5093.441973709031,0.0,61.0,4.0,,,,,,,,,,,1,Equal-weight rebalanced universe,0.7347257552942883,-0.35632593890860137,False,0.7893294387990559,-0.0437155232871478,-0.6835565210255065,False,56,61,2025-01-06,2025-12-31
NYSE_recent,2025,market_proxy,ensemble,0,buy_hold,True,1.0,0.74205515474697,0.8934412808220976,0.1683999117350749,0.1655170586632317,0.1952658189536557,-0.1875522591221899,0.5725806451612904,248,0.7347257552942883,0.8861015695880087,0.1667383691465285,0.1638859058844619,0.1952791205398487,-0.1875522591221897,0.5725806451612904,248,0.0080645161290322,2.032258064516129,0.5725806451612904,,,,,,,,,,,,,,,1,SPY,0.7347257552942883,0.0,False,1.0,1.3426327016541487e-17,,False,56,61,2025-01-06,2025-12-31
NASDAQ_recent,2022,think,ensemble,20,buffer_inverse_vol,True,1.0,-0.6319587462125049,-0.5058561089429545,-0.1358303117540519,-0.1343271393883712,0.23441647634295,-0.2162128266491687,0.4779116465863454,249,-1.0630045982681111,-0.9370258010363732,-0.2191862162361837,-0.2168829705341872,0.2346469130984357,-0.2677376897532114,0.4618473895582329,249,0.4780015026981412,120.4563786799316,0.4618473895582329,84079.7373244212,0.0,873.0,4.0,0.0037496795269075,-0.007158822997188,0.4976766198403292,0.5217519134183817,0.5715902302609626,0.019452624499685,249.0,-0.0358353768457162,249.0,0.0,1,THINK reconstruction,-0.8624026980622194,-0.20060190020589175,False,0.892270182205765,-0.06215255369815787,-0.4266630698652925,False,52,58,2022-01-05,2022-12-30
NASDAQ_recent,2022,think_huber,ensemble,20,buffer_inverse_vol,True,1.0,-0.6702706603853932,-0.5329721628051962,-0.1287711437325913,-0.1273402150644922,0.2153012334968534,-0.1851060732483572,0.465863453815261,249,-1.043222911218773,-0.906034089579137,-0.1962187935465846,-0.1941259729398398,0.2154733565970119,-0.2328325586440948,0.4457831325301205,249,0.3815501554899175,96.15063918345922,0.4457831325301205,68634.91792005589,0.0,719.0,4.0,0.0064116071784059,-0.0010864460418455,0.510622684018406,0.5311094791404334,0.5750646296389632,0.0364661768488051,249.0,-0.0056842472570687,249.0,0.0,1,THINK / Huber,-0.8624026980622194,-0.1808202131565536,False,0.8117917818391726,-0.05440012432191965,-0.15290438498285303,False,52,58,2022-01-05,2022-12-30
NASDAQ_recent,2022,think_mix,ensemble,20,inverse_vol,True,1.0,-0.5173549776942589,-0.4086208488756682,-0.1374905830015331,-0.1359705178713925,0.2718606955098636,-0.2683590409107871,0.4979919678714859,249,-0.5780072352219483,-0.4693123016840059,-0.1516770875993984,-0.1500142223065609,0.2719587281955731,-0.2743766474344156,0.4939759036144578,249,0.0771877220768177,19.451305963358067,0.4939759036144578,13908.6690055763,0.0,142.0,4.0,-0.0058083657097808,-0.0086305852147065,0.5091607975603739,0.5232054890829578,0.5709138058121286,-0.0346941463388281,249.0,-0.0496553545379264,249.0,0.0,1,THINK + stock mixer residual,-0.8624026980622194,0.28439546284027106,True,1.0604876007987178,0.06539116090254202,0.6059280164701618,False,52,58,2022-01-05,2022-12-30
NASDAQ_recent,2022,think_mix_huber,ensemble,20,buffer_inverse_vol,True,1.0,-0.8467306089291129,-0.7329676368184309,-0.2008271366261877,-0.1986914668839936,0.2598432102979974,-0.2812824646216337,0.4899598393574297,249,-0.8654882740750475,-0.7517516437232444,-0.2047705355285097,-0.2025984481905104,0.2599033907971983,-0.2835649505696039,0.4899598393574297,249,0.0246564007921229,6.2134129996149845,0.4899598393574297,4148.576487531382,0.0,31.0,4.0,-0.0073845590849309,-0.0108342323252868,0.5111755184115718,0.528582791035057,0.5698750741485571,-0.0476266265335129,249.0,-0.0688289390552466,249.0,0.0,1,THINK+mixer / Huber,-0.8624026980622194,-0.0030855760128281062,False,1.021104213667502,-0.010624225351802526,-0.19737736253176003,True,52,58,2022-01-05,2022-12-30
NASDAQ_recent,2022,stockmixer,ensemble,20,buffer_inverse_vol,True,1.0,-0.4384551768032978,-0.3342231147605867,-0.1261035768467105,-0.1247001238725439,0.2836030997273001,-0.2350332099299972,0.4899598393574297,249,-0.6069170587015271,-0.5027073100167833,-0.1669495843743663,-0.1651361143321551,0.2836638247320593,-0.2520597301854143,0.4899598393574297,249,0.2292097794762796,57.76086442802246,0.4899598393574297,40468.350874099895,0.0,349.0,3.0,0.0100807179791459,0.0048734687547152,0.5259564957410372,0.5400771044378807,0.5806482980160508,0.0470287707764877,249.0,0.0213372764075646,249.0,0.0,1,StockMixer-inspired MLP,-0.8624026980622194,0.25548563936069224,True,1.0731130180975177,0.05307480256759626,0.33650386142568806,False,52,58,2022-01-05,2022-12-30
NASDAQ_recent,2022,stockmixer_huber,ensemble,20,buffer_inverse_vol,True,1.0,-0.2490247215727125,-0.1437769463119281,-0.0765176012370197,-0.0756420380177543,0.2808661352986859,-0.2265172302133834,0.4618473895582329,249,-0.4311024987939629,-0.3258599078138586,-0.1225913355652948,-0.1212242046203582,0.2808799708463037,-0.2448657852446257,0.4618473895582329,249,0.2456064555651149,61.89282680240897,0.4618473895582329,43728.73420238791,0.0,381.0,3.0,0.0086736933475968,0.0040252214943374,0.5159237565814105,0.5326663100454107,0.5786427345474093,0.0395086704636181,249.0,0.0168363729086244,249.0,0.0,1,StockMixer / Huber,-0.8624026980622194,0.43130019926825647,True,1.0757900147458295,0.10470903308347512,0.8591843877590523,False,52,58,2022-01-05,2022-12-30
NASDAQ_recent,2022,multiscale_mse,ensemble,20,buffer_inverse_vol,True,1.0,-0.3953711946922071,-0.295586269186651,-0.1229692998769251,-0.1215982522287393,0.2962425009240018,-0.2593614224545549,0.4738955823293173,249,-0.5054927569297138,-0.4056824659410159,-0.1510884163627901,-0.1494314213031232,0.2961672147577294,-0.2708069556950474,0.4698795180722891,249,0.1553058527788778,39.13707490027721,0.4698795180722891,27557.52397903747,0.0,331.0,4.0,0.0068192128899676,-0.0021725242719656,0.5251595161220572,0.541833809983205,0.5798116963140599,0.0311549884646085,249.0,-0.0094397736303763,249.0,0.0,1,Multi-scale mixer / MSE,-0.8624026980622194,0.3569099411325055,True,1.1275123367713886,0.08694268376973839,0.5203247231142875,False,52,58,2022-01-05,2022-12-30
NASDAQ_recent,2022,multiscale_huber,ensemble,20,buffer_inverse_vol,True,1.0,-0.3527557616867651,-0.2439211096811471,-0.097879420227151,-0.0967724938892957,0.2716095962226741,-0.23333087901846,0.4738955823293173,249,-0.6191521240921315,-0.510360165115644,-0.1609689973590815,-0.1592141130777953,0.2717161834788716,-0.2595359168207964,0.4698795180722891,249,0.3455750255902612,87.08490644874583,0.4698795180722891,61143.7924306936,0.0,580.0,6.0,0.008847018778969,0.0034628138124165,0.5249027054831576,0.5399480007812446,0.5795704119964871,0.0431908157235681,249.0,0.0161974595528623,249.0,0.0,1,Multi-scale mixer / Huber,-0.8624026980622194,0.24325057397008787,True,1.0394972342402076,0.04994596257719751,0.4182787850613288,False,52,58,2022-01-05,2022-12-30
NASDAQ_recent,2022,ridge,ensemble,20,buffer_inverse_vol,True,1.0,-0.758791619801634,-0.6406005416997622,-0.1742276813343132,-0.1723435982852459,0.2501080145897492,-0.2510704753868268,0.4899598393574297,249,-1.3942361160450507,-1.27605259364304,-0.2957213169695953,-0.2927758075925502,0.2501240044760944,-0.3348312616044048,0.4698795180722891,249,0.7565584509089459,190.6527296290544,0.4698795180722891,123888.00239353169,0.0,984.0,5.0,0.0158514389083504,0.0029877552556242,0.5118081622182005,0.5320502298063109,0.5761142893551547,0.0743399835551686,249.0,0.0148796646018297,249.0,0.0,1,Ridge regression,-0.8624026980622194,-0.5318334179828313,False,0.9479392802931715,-0.14976936426018697,-1.4247384785618207,False,52,58,2022-01-05,2022-12-30
NASDAQ_recent,2022,momentum126,ensemble,20,buffer_inverse_vol,True,1.0,-0.481063598153145,-0.3413525308729298,-0.0902033507230726,-0.0891788830720021,0.2115833517110873,-0.2035128882886299,0.4698795180722891,249,-0.510095935354619,-0.3704541176055401,-0.0958460407773189,-0.0947608829976163,0.2116882776432933,-0.2058722778837318,0.4698795180722891,249,0.0308622438430345,7.777285448444702,0.4698795180722891,5549.958740054186,0.0,45.0,4.0,-0.0038312949484778,0.008057831005651,0.5209258215915643,0.537989364051142,0.5825921191461109,-0.0165692358203572,249.0,0.0350172450858213,249.0,0.0,1,126-session momentum,-0.8624026980622194,0.3523067627076004,True,0.7785048359413443,0.05541870569744614,0.9373969776623453,False,52,58,2022-01-05,2022-12-30
NASDAQ_recent,2022,reversal5,ensemble,20,buffer_inverse_vol,True,1.0,-0.5868559655566387,-0.4726723568748583,-0.1442408677240841,-0.1426525090629418,0.2588859839652099,-0.2462971387517079,0.4779116465863454,249,-0.7635653436324902,-0.6494067716142888,-0.1825865424327203,-0.1806222941731471,0.2589427614911657,-0.2618232504898784,0.4779116465863454,249,0.217745316261549,54.87181969791036,0.4779116465863454,37957.01667018661,0.0,410.0,2.0,0.0018239269417398,-0.0022255725403706,0.5002513273404325,0.5254578069172741,0.5738575688632586,0.0075813111298349,249.0,-0.0095936511488491,249.0,0.0,1,5-session reversal,-0.8624026980622194,0.09883735442972919,True,0.9719172009178744,0.006275552765610609,0.1152749606434794,False,52,58,2022-01-05,2022-12-30
NASDAQ_recent,2022,buy_hold,ensemble,0,buy_hold,True,1.0,-0.6966120834112393,-0.5703372833490953,-0.1485894686529331,-0.1469574466362739,0.2340968734199812,-0.2442434800717066,0.4698795180722891,249,-0.703460682831723,-0.5772333177889107,-0.150024518148229,-0.1483781444906469,0.2341848447541875,-0.2448702719675516,0.4698795180722891,249,0.0080176771719471,2.020454647330679,0.4698795180722891,1525.348354126069,0.0,2.0,5.0,,,,,,,,,,,1,Equal-weight buy-and-hold,-0.8624026980622194,0.15894201523049634,True,0.9117973854011214,0.026636919137129764,0.580044779756103,False,52,58,2022-01-05,2022-12-30
NASDAQ_recent,2022,equal_universe,ensemble,0,equal_universe,True,1.0,-0.5740871245121473,-0.4540345186652592,-0.1323857448684964,-0.1309177397438231,0.246229856301344,-0.2335012113152401,0.4618473895582329,249,-0.5951849288987101,-0.4751700416837567,-0.1369404936222069,-0.135426021319192,0.24630724214519,-0.2361942414910484,0.4618473895582329,249,0.0264514296958165,6.665760283345783,0.4618473895582329,4585.468857086128,0.0,63.0,1.0,,,,,,,,,,,1,Equal-weight rebalanced universe,-0.8624026980622194,0.26721776916350926,True,0.9606500217743528,0.055032049774339585,0.8106147414093722,False,52,58,2022-01-05,2022-12-30
NASDAQ_recent,2022,market_proxy,ensemble,0,buy_hold,True,1.0,-0.856857959976329,-0.7353681808492311,-0.1882090434196907,-0.1861914392143941,0.243317060074297,-0.2447109138077643,0.4337349397590361,249,-0.8624026980622194,-0.7409431734271428,-0.1893588313501771,-0.1873303724332994,0.2433776681993064,-0.2452396161680993,0.4337349397590361,249,0.0080321285140562,2.0240963855421685,0.4337349397590361,,,,,,,,,,,,,,,1,SPY,-0.8624026980622194,0.0,False,0.9999999999999996,1.6871711575546567e-17,,False,52,58,2022-01-05,2022-12-30
NASDAQ_recent,2023,think,ensemble,20,buffer_equal,True,1.0,1.3661045124638054,1.5228653999042894,0.3091402484156367,0.3035546755050493,0.1885708633635041,-0.1392954266900334,0.5161290322580645,248,1.0187650962842645,1.1754462493901223,0.2263091046246388,0.2223444478373084,0.1886668262283545,-0.1531651870084538,0.5080645161290323,248,0.3038895028061649,76.58015470715355,0.5080645161290323,68093.18317709542,0.0,772.0,6.0,0.0105201165140989,0.0079280160817873,0.5190039290267289,0.539220571664728,0.5817669766606705,0.0611442507891574,248.0,0.0448073350684613,248.0,0.0,1,THINK reconstruction,1.6049788722064346,-0.5862137759221702,False,1.1372177985280874,-0.04706612702920428,-0.15548970945365678,False,50,57,2023-01-05,2023-12-29
NASDAQ_recent,2023,think_huber,ensemble,5,buffer_equal,True,1.0,1.0876616263789334,1.2638962812765269,0.2188952838794111,0.2150715455444733,0.1677339562043469,-0.1323331170319851,0.5120967741935484,248,0.2202719188532217,0.3970768343449561,0.0538900684934691,0.053012390746677,0.1671929527754737,-0.1547209740552576,0.4838709677419355,248,0.6365023795823738,160.3985996547582,0.4838709677419355,143934.5520105116,0.0,1007.0,6.0,0.0070006446572383,0.0037420730592498,0.519095443761839,0.5312366901027706,0.5804199159894262,0.0404284234031032,248.0,0.0213714818318512,248.0,0.0,1,THINK / Huber,1.6049788722064346,-1.384706953353213,False,0.9906709993102885,-0.17161160002962125,-1.6483412209449644,False,50,57,2023-01-05,2023-12-29
NASDAQ_recent,2023,think_mix,ensemble,5,inverse_vol,True,1.0,0.7561549616163313,0.9000362263903409,0.1781038746985335,0.1750428012556124,0.2054509037900876,-0.1674449301510071,0.4919354838709677,248,0.7217466209835495,0.8655709772453709,0.1698587519636312,0.1669491861751639,0.2055321967335521,-0.1681915074737536,0.4919354838709677,248,0.0347386400033826,8.754137280852419,0.4919354838709677,7066.640819356113,0.0,33.0,1.0,0.001473953828822,-0.0017663216730298,0.5234947859780335,0.541810850445059,0.5828536758432755,0.0104659405774475,248.0,-0.0121274337724711,248.0,0.0,1,THINK + stock mixer residual,1.6049788722064346,-0.8832322512228852,False,1.2466748451154475,-0.11396115643538145,-0.48197817348698885,False,50,57,2023-01-05,2023-12-29
NASDAQ_recent,2023,think_mix_huber,ensemble,20,confidence,True,1.0,1.0772830511582328,1.2301597627903929,0.2451007242136438,0.2407757685042162,0.1933619291694825,-0.1340015233075067,0.5161290322580645,248,1.0428516641580408,1.1956499994270309,0.2369494694756739,0.2327813470867605,0.1934611122185465,-0.1349257181109001,0.5161290322580645,248,0.0323841739689018,8.160811840163271,0.5161290322580645,6864.236225148461,0.0,82.0,7.0,0.0015763519586032,-0.0019718708068631,0.5234901564218243,0.5402143536238679,0.5833255482438269,0.011311489393352,248.0,-0.0135766001535714,248.0,0.0,1,THINK+mixer / Huber,1.6049788722064346,-0.5621272080483939,False,1.2006662690715557,-0.050871769295307886,-0.07488926187970112,False,50,57,2023-01-05,2023-12-29
NASDAQ_recent,2023,stockmixer,ensemble,5,buffer_equal,True,1.0,1.184570853499898,1.3308572667675156,0.2820926799256493,0.2770456260226934,0.2020730102405537,-0.1949023667930216,0.5403225806451613,248,0.3918933090025375,0.5384026630880552,0.0923732825971579,0.0908423868479881,0.201765519142393,-0.2345918576120622,0.5161290322580645,248,0.7004631765513045,176.51672049092872,0.5161290322580645,158051.9370638458,0.0,833.0,1.0,-0.0189762910416441,-0.0196407890636098,0.5132715439757727,0.5291895348740294,0.5760405245009702,-0.1047118345907194,248.0,-0.1089742178763679,248.0,0.0,1,StockMixer-inspired MLP,1.6049788722064346,-1.2130855632038973,False,1.1027200700905933,-0.15294434412838992,-0.9288136283329766,False,50,57,2023-01-05,2023-12-29
NASDAQ_recent,2023,stockmixer_huber,ensemble,20,buffer_equal,True,1.0,1.0896486893451178,1.2447520595709145,0.2449402682726118,0.2406184078313895,0.1905860320330078,-0.1513039646409798,0.5282258064516129,248,0.845622065673009,1.0007076045918584,0.188422095743896,0.185170154752851,0.1906079450886074,-0.1598491860112867,0.5201612903225806,248,0.2186256362674007,55.093660339385,0.5201612903225806,49602.63494655425,0.0,457.0,1.0,0.0013016908676829,-0.0042578211544415,0.5151758295174269,0.533572400580904,0.5799007084994213,0.0077012855995514,248.0,-0.0240469540811896,248.0,0.0,1,StockMixer / Huber,1.6049788722064346,-0.7593568065334256,False,1.1942093825589353,-0.09008218372626131,-0.4407546315455869,False,50,57,2023-01-05,2023-12-29
NASDAQ_recent,2023,multiscale_mse,ensemble,10,buffer_inverse_vol,True,1.0,1.1059097050422673,1.2484768569355786,0.2679694816183515,0.2632001051028632,0.2073446477236389,-0.1811699999362184,0.5241935483870968,248,0.5945959878599226,0.7372487718598234,0.1404469871391096,0.1380704530887668,0.2072201821613361,-0.2046638782674052,0.5120967741935484,248,0.4836026310660293,121.8678630286394,0.5120967741935484,110278.1030474552,0.0,816.0,4.0,0.006640720176358,0.0032046584766838,0.5213766942644337,0.5375092630203359,0.583501213851797,0.0372185362474946,248.0,0.0170915253163945,248.0,0.0,1,Multi-scale mixer / MSE,1.6049788722064346,-1.010382884346512,False,1.1855861661703522,-0.12623783402214753,-0.6263773744332977,False,50,57,2023-01-05,2023-12-29
NASDAQ_recent,2023,multiscale_huber,ensemble,20,buffer_equal,True,1.0,1.038335688542207,1.1867718042740778,0.2417923829782942,0.2375311815150882,0.1991465199727954,-0.1446477395288675,0.532258064516129,248,0.7229359241076422,0.8713236766927723,0.1662814028918975,0.1634372911338952,0.1992114266258076,-0.1547342625004364,0.5282258064516129,248,0.2936570275304574,74.00157093767527,0.5282258064516129,65246.265733044886,0.0,661.0,6.0,0.0086758651356429,0.0007171800886834,0.519691464536584,0.5356260168929096,0.583380620287614,0.054131538850089,248.0,0.0043434731904973,248.0,0.0,1,Multi-scale mixer / Huber,1.6049788722064346,-0.8820429480987925,False,1.1718104075052773,-0.10253457405563128,-0.5153368380602082,False,50,57,2023-01-05,2023-12-29
NASDAQ_recent,2023,ridge,ensemble,5,buffer_equal,True,1.0,-0.3672850775130659,-0.1879884366401568,-0.0435952754916887,-0.042918355365105,0.1648694350455486,-0.2097102866153738,0.5080645161290323,248,-2.008574045928376,-1.8291791541770253,-0.27034621960864,-0.266686659914752,0.1647791394598539,-0.3523491077808668,0.4556451612903225,248,1.1935707640208109,300.7798325332443,0.4556451612903225,225718.66624077503,0.0,1040.0,1.0,-0.0264937633853429,-0.0175082210183714,0.4973966953352012,0.5213751715383446,0.5718584014611361,-0.1318572226504879,248.0,-0.0995945835638387,248.0,0.0,1,Ridge regression,1.6049788722064346,-3.6135529181348107,False,0.8372714094212105,-0.5071349802201628,-4.3400523817130985,False,50,57,2023-01-05,2023-12-29
NASDAQ_recent,2023,momentum126,ensemble,5,inverse_vol,True,1.0,-0.6678561008708638,-0.5379819370481635,-0.1378757765559416,-0.1358432061639248,0.2276090564604994,-0.2730722668230582,0.4838709677419355,248,-0.9114574781588284,-0.7817248976677509,-0.1846433128978435,-0.1819971482020186,0.2278574570426759,-0.3022771450082803,0.4838709677419355,248,0.2516157201076306,63.407161467122926,0.4838709677419355,48917.060814491495,0.0,294.0,3.0,-0.0041007290872075,0.0164904362710207,0.506401860193975,0.5364902350809947,0.5845656705721962,-0.0161314841431012,248.0,0.0700626197748928,248.0,0.0,1,126-session momentum,1.6049788722064346,-2.516436350365263,False,1.0766283028297008,-0.434207514932236,-2.333531940742168,True,50,57,2023-01-05,2023-12-29
NASDAQ_recent,2023,reversal5,ensemble,20,buffer_inverse_vol,True,1.0,0.8962843556805268,1.053365678877611,0.1979257467540061,0.1944967712347922,0.1881861909782405,-0.1445479800343406,0.5201612903225806,248,0.6718812365582134,0.828986935068607,0.1484017469871934,0.1458822019575241,0.1881569934544769,-0.1536065127357608,0.5201612903225806,248,0.2004633068841749,50.51675333481209,0.5201612903225806,42880.66884433408,0.0,426.0,4.0,0.0145606810092654,0.0045268233047021,0.5281034497132773,0.5445387807784253,0.5841258743867312,0.0650127074402026,248.0,0.0222213059110549,248.0,0.0,1,5-session reversal,1.6049788722064346,-0.9330976356482212,False,1.1106777433360486,-0.10727006083982323,-0.6995338745096915,False,50,57,2023-01-05,2023-12-29
NASDAQ_recent,2023,buy_hold,ensemble,0,buy_hold,True,1.0,0.9032874905747532,1.0718548596990094,0.1884201240853604,0.1851682196999715,0.1753633341960222,-0.1460563211069364,0.5201612903225806,248,0.893320690235134,1.0617940435110615,0.1864295128021598,0.1832145399361153,0.1754611949693111,-0.1460563211069365,0.5201612903225806,248,0.0080611732986335,2.031415671255667,0.5201612903225806,1794.0210452247368,0.0,3.0,4.0,,,,,,,,,,,1,Equal-weight buy-and-hold,1.6049788722064346,-0.7116581819713006,False,1.1173637730012267,-0.07835285486535758,-0.548595263568078,False,50,57,2023-01-05,2023-12-29
NASDAQ_recent,2023,equal_universe,ensemble,0,equal_universe,True,1.0,0.8791051152411627,1.0454794419685347,0.1853246388375118,0.1821301420874324,0.1776748640715482,-0.13346446622112,0.5282258064516129,248,0.8491730164004817,1.015459145271365,0.179116009268059,0.1760362753339182,0.1777691024922116,-0.1340728088978741,0.5282258064516129,248,0.0260177791268996,6.556480339978704,0.5282258064516129,5510.522965188324,0.0,91.0,9.0,,,,,,,,,,,1,Equal-weight rebalanced universe,1.6049788722064346,-0.7558058558059529,False,1.1123839585272512,-0.08309148097953042,-0.5786552746638279,False,50,57,2023-01-05,2023-12-29
NASDAQ_recent,2023,market_proxy,ensemble,0,buy_hold,True,1.0,1.6168791510430447,1.842528271384844,0.2620384551757735,0.2573849607416889,0.1310022207997297,-0.099743320153775,0.5604838709677419,248,1.6049788722064346,1.8304708124428164,0.2602437523342213,0.2556252379152792,0.1310935364487662,-0.0997433201537761,0.5604838709677419,248,0.0080645161290322,2.032258064516129,0.5604838709677419,,,,,,,,,,,,,,,1,SPY,1.6049788722064346,0.0,False,1.0000000000000002,-1.0889037039339493e-16,,False,50,57,2023-01-05,2023-12-29
NASDAQ_recent,2024,think,ensemble,20,buffer_inverse_vol,True,1.0,0.4346239123773876,0.5991020877809103,0.0958992439112371,0.0951030471591427,0.1797231505867498,-0.1222418547816338,0.508,250,-0.0679370199281588,0.0966172270602707,0.0012845604846312,0.0012743590669215,0.1796400665876442,-0.1286127061087805,0.492,250,0.4284434021761787,107.96773734839708,0.492,91337.43439753362,0.0,831.0,3.0,-0.0026278785586132,0.001702936885643,0.4938430993175105,0.528067767194467,0.5750878879447906,-0.0149549656939409,250.0,0.0093627561546796,250.0,0.0,1,THINK reconstruction,1.7095712273412922,-1.777508247269451,False,1.0385728537313994,-0.2354599526859984,-1.8401638054043796,False,51,57,2024-01-04,2024-12-31
NASDAQ_recent,2024,think_huber,ensemble,20,buffer_equal,True,1.0,0.7549797940441344,0.9098599994584023,0.1683629161791187,0.1669209383353622,0.1908606448914094,-0.0924442649394913,0.512,250,0.2460161183436507,0.4009555425812367,0.0602370687489124,0.0597449928829574,0.1907876967514264,-0.0987536767194305,0.48,250,0.4565638467233002,115.05408937427164,0.48,102526.41843093642,0.0,1057.0,3.0,-0.0064514580914827,0.0071477447364358,0.4991512543465237,0.5309625949780502,0.5770109350943655,-0.0344754110413643,250.0,0.0372195675233776,250.0,0.0,1,THINK / Huber,1.7095712273412922,-1.4635551089976415,False,1.1176615426193657,-0.19332011172287542,-1.2937279334250955,False,51,57,2024-01-04,2024-12-31
NASDAQ_recent,2024,think_mix,ensemble,5,buffer_equal,True,1.0,1.32822964703331,1.4630986219922315,0.3452658878083832,0.3421029874891266,0.2191796585929769,-0.1234647670743263,0.528,250,1.2555685805342258,1.3904370860725928,0.3240339358962627,0.3210877429782666,0.2191804214652018,-0.1238482432477985,0.524,250,0.0759547533755985,19.14059785065082,0.524,19526.698060417875,0.0,60.0,1.0,0.0153465582342984,0.0175931183463099,0.5185962439207182,0.543304773293281,0.5878249492911218,0.0932924817883893,250.0,0.1109066184243374,250.0,0.0,1,THINK + stock mixer residual,1.7095712273412922,-0.45400264680706637,False,1.061919368463754,0.046921649307124676,0.3461891746872256,False,51,57,2024-01-04,2024-12-31
NASDAQ_recent,2024,think_mix_huber,ensemble,5,buffer_equal,True,1.0,1.555771956827475,1.6819779936212695,0.4427920114070187,0.4386005014625198,0.2342244209330457,-0.1279168047621505,0.556,250,1.503483124801489,1.629651320485182,0.4253811130107026,0.4213771363271066,0.2342946709041494,-0.1289386020139792,0.552,250,0.0572776344016735,14.433963869221722,0.552,14998.203535834122,0.0,70.0,1.0,0.0168151525987634,0.0229914944851816,0.525275671716954,0.5428262130811665,0.5874689499430006,0.0918752536784813,250.0,0.120370019795888,250.0,0.0,1,THINK+mixer / Huber,1.7095712273412922,-0.20608810253980314,False,1.1340488949167884,0.10847843335178133,0.735506672762597,False,51,57,2024-01-04,2024-12-31
NASDAQ_recent,2024,stockmixer,ensemble,20,buffer_equal,True,1.0,0.2747397307345335,0.431217905671588,0.0657551112508034,0.0652165878858852,0.1889115584213089,-0.1011456228693967,0.512,250,-0.076684944023998,0.0798941446833032,-0.0026656340980782,-0.0026445062700505,0.1887898066742468,-0.1057601256907285,0.5,250,0.3145307032873564,79.26173722841382,0.5,68476.1983269888,0.0,626.0,3.0,0.0007991360725651,0.0013659826665182,0.5189625614075838,0.5364944423464264,0.5777560378333904,0.0043100971194975,250.0,0.0074062475909963,250.0,0.0,1,StockMixer-inspired MLP,1.7095712273412922,-1.7862561713652902,False,1.0902654108986158,-0.24884511487449598,-1.7609612880463468,False,51,57,2024-01-04,2024-12-31
NASDAQ_recent,2024,stockmixer_huber,ensemble,20,buffer_equal,True,1.0,0.5774818340349678,0.7419465241181233,0.1244377951946489,0.123391634285384,0.179737887028121,-0.0892628749204935,0.52,250,0.1187643296796605,0.2831827686783674,0.0354655843258995,0.0351792177218366,0.1797884474898442,-0.0998467024964556,0.504,250,0.3902116181979175,98.33332778587524,0.504,85781.21568489657,0.0,743.0,1.0,-0.0041231178516543,0.0009454581093242,0.5024861197169718,0.5213501400458977,0.5750383161656631,-0.0230313255414516,250.0,0.0052758317002999,250.0,0.0,1,StockMixer / Huber,1.7095712273412922,-1.5908068976616316,False,1.074203681372482,-0.2095626315520184,-1.6266706574133574,False,51,57,2024-01-04,2024-12-31
NASDAQ_recent,2024,multiscale_mse,ensemble,20,buffer_equal,True,1.0,0.4820209084479276,0.6354234860296953,0.1095790471740496,0.1086637517748845,0.1926990820641497,-0.0842120218346108,0.508,250,0.1387869859152407,0.2921552238633631,0.0385769822930783,0.0382650316422747,0.1927422279982128,-0.0880714587555487,0.496,250,0.3106059678324675,78.27270389378181,0.496,68921.26736647113,0.0,813.0,8.0,-0.0053794515830466,-0.0003219140554496,0.5189041301168761,0.5356699881694811,0.5775493705202294,-0.0317802357189466,250.0,-0.001870318974276,250.0,0.0,1,Multi-scale mixer / MSE,1.7095712273412922,-1.5707842414260516,False,1.0695682790096983,-0.20316852863373114,-1.3604872968185717,False,51,57,2024-01-04,2024-12-31
NASDAQ_recent,2024,multiscale_huber,ensemble,20,buffer_equal,True,1.0,0.5003646468364088,0.6534533283982557,0.113698779519658,0.1127473563302219,0.1930941960221853,-0.0885665947239465,0.496,250,0.1161848876983566,0.2691582118470216,0.0340756302616775,0.0338006690451013,0.1932398086450234,-0.0948513539221515,0.48,250,0.3485415452835637,87.83246941145805,0.48,78579.73568603539,0.0,871.0,8.0,-0.0105589964237748,-0.0073318993572326,0.5084316807522534,0.5316342786603981,0.5777492200809207,-0.0619041843984318,250.0,-0.0423083987717528,250.0,0.0,1,Multi-scale mixer / Huber,1.7095712273412922,-1.5933863396429355,False,1.067457592066159,-0.2070133744089064,-1.3822449056126953,False,51,57,2024-01-04,2024-12-31
NASDAQ_recent,2024,ridge,ensemble,20,buffer_equal,True,1.0,0.4140703208158655,0.5694490683746728,0.0945457507113796,0.0937612649305685,0.1902482569251831,-0.1027230149963411,0.496,250,-0.3281091262742889,-0.1727013388516229,-0.0495696674347645,-0.049186095826507,0.1902127066894318,-0.1273630231867902,0.46,250,0.6634416824242438,167.18730397090945,0.46,143184.65468363845,0.0,1232.0,4.0,-0.0032039167145374,-0.0057471684998461,0.5021355055909349,0.5249379278661167,0.5729696958866752,-0.0166027689985558,250.0,-0.0301317621338619,250.0,0.0,1,Ridge regression,1.7095712273412922,-2.037680353615581,False,1.0480204163971685,-0.2876971524609213,-2.020197995846543,False,51,57,2024-01-04,2024-12-31
NASDAQ_recent,2024,momentum126,ensemble,20,buffer_equal,True,1.0,0.7462129233011137,0.9052390048847448,0.1630947234946587,0.1617009134919913,0.1858848283998962,-0.0885463452665044,0.536,250,0.7123918192888087,0.871372626041181,0.155841553487974,0.1545137530497802,0.1859377650053347,-0.0888768238476945,0.532,250,0.0302357009560985,7.619396640936837,0.532,6750.2970956431045,0.0,71.0,5.0,0.0231584297221066,0.0082919738510298,0.5278521488291942,0.5429409484434462,0.5854220754251795,0.1008681782388628,250.0,0.0418485097867193,250.0,0.0,1,126-session momentum,1.7095712273412922,-0.9971794080524835,False,1.1300789739945885,-0.1104657179420056,-0.6816694714586373,False,51,57,2024-01-04,2024-12-31
NASDAQ_recent,2024,reversal5,ensemble,5,buffer_equal,True,1.0,0.0054203738731723,0.1458182089998537,0.0086140534473184,0.0085453966704236,0.2105483739091033,-0.1562647315357381,0.52,250,-0.4932688722774647,-0.3526779615192665,-0.0917572075840726,-0.091063192522408,0.2102592246316849,-0.1831744132931382,0.516,250,0.472222014097656,118.99994755260931,0.516,97648.22796123424,0.0,743.0,1.0,0.0042196915076227,0.0097182045485205,0.5059324034718151,0.5339499969109179,0.5794308338496924,0.0204229692613163,250.0,0.0484812505550307,250.0,0.0,1,5-session reversal,1.7095712273412922,-2.202840099618757,False,0.8613768310013172,-0.28887931232712366,-1.7601017361010423,True,51,57,2024-01-04,2024-12-31
NASDAQ_recent,2024,buy_hold,ensemble,0,buy_hold,True,1.0,0.5415276047812532,0.7194895514757168,0.1115779435202743,0.1106451338987253,0.1661059368890393,-0.0907854805824824,0.512,250,0.5319768976504479,0.7099206550706589,0.1098236300458728,0.1089061931447861,0.1661229161103667,-0.0907854805824829,0.512,250,0.0076249850571007,1.9214962343893864,0.512,1651.726572760051,0.0,9.0,7.0,,,,,,,,,,,1,Equal-weight buy-and-hold,1.7095712273412922,-1.1775943296908444,False,0.9986471588922451,-0.1262996025655547,-1.16394511032419,False,51,57,2024-01-04,2024-12-31
NASDAQ_recent,2024,equal_universe,ensemble,0,equal_universe,True,1.0,0.6001657986999405,0.7674228582379292,0.1276043825557478,0.1265301321944958,0.1767371491997749,-0.0863092042127694,0.508,250,0.5707226440694965,0.7379737951924719,0.1217571847148792,0.1207347475456588,0.1767433927228762,-0.0865363514253018,0.504,250,0.0258030977428842,6.50238063120682,0.504,5597.133424096241,0.0,111.0,9.0,,,,,,,,,,,1,Equal-weight rebalanced universe,1.7095712273412922,-1.1388485832717956,False,1.0317641838281406,-0.1209206667851604,-0.9500167369374162,False,51,57,2024-01-04,2024-12-31
NASDAQ_recent,2024,market_proxy,ensemble,0,buy_hold,True,1.0,1.7214863927523294,1.9566760356268396,0.2686274307340315,0.2662340438806061,0.1256880852617042,-0.0840562193330189,0.592,250,1.7095712273412922,1.9446610521117609,0.2668377803274719,0.2644619366738561,0.1257414518690579,-0.0840562193330192,0.592,250,0.008,2.016,0.592,,,,,,,,,,,,,,,1,SPY,1.7095712273412922,0.0,False,0.9999999999999996,1.8634242979983158e-17,,False,51,57,2024-01-04,2024-12-31
NASDAQ_recent,2025,think,ensemble,20,buffer_inverse_vol,True,1.0,0.2849757817921178,0.4059031856439143,0.0720669376188256,0.0708834083302463,0.2444486108583733,-0.2223289804738786,0.5080645161290323,248,-0.0525991380437384,0.0682371588083841,-0.0128989618495459,-0.0126955216781976,0.2446329178926829,-0.230410048350267,0.5040322580645161,248,0.3955063447390358,99.66759887423702,0.5040322580645161,78762.39116166302,0.0,595.0,4.0,-0.0036428082151546,-0.007953238970499,0.5133951410984259,0.5323404955289589,0.5748140764539535,-0.0194678119641653,248.0,-0.0413491913453657,248.0,0.0,1,THINK reconstruction,0.7347257552942883,-0.7873248933380267,False,1.0366651717673636,-0.16160467410922194,-1.1367861777098558,False,53,59,2025-01-06,2025-12-31
NASDAQ_recent,2025,think_huber,ensemble,20,buffer_inverse_vol,True,1.0,0.390621706389707,0.5298894985946893,0.0941215059203506,0.0925604276435108,0.2122567997830559,-0.205248755682084,0.5161290322580645,248,-0.0110193738497101,0.128129899907417,0.00468200927484,0.0046075207218072,0.2124375865437606,-0.2133114342326728,0.4919354838709677,248,0.4075859538747565,102.71166037643864,0.4919354838709677,81448.80427897039,0.0,622.0,4.0,-0.0139813600276679,-0.0106815809303518,0.5125085229899987,0.5276007187718601,0.5711946039850515,-0.0740095786259917,248.0,-0.055336488170678,248.0,0.0,1,THINK / Huber,0.7347257552942883,-0.7457451291439984,False,0.8813112786833605,-0.12878847440414237,-1.1510660189121225,False,53,59,2025-01-06,2025-12-31
NASDAQ_recent,2025,think_mix,ensemble,5,equal,True,1.0,0.7390912942928118,0.8316138590897116,0.2397509375179862,0.2355290078253529,0.3194954220213279,-0.285034408077655,0.532258064516129,248,0.4024279110864104,0.4950272877065779,0.1133432369536133,0.1114474435910275,0.3192303983593241,-0.3022272509626754,0.5201612903225806,248,0.5208555737113758,131.2556045752667,0.5201612903225806,104482.78203473517,0.0,26.0,0.0,0.0185317770304603,0.0205158011687993,0.5232108405554649,0.5389558088311684,0.5841173718305209,0.1074235365417445,248.0,0.111211412220587,248.0,0.0,1,THINK + stock mixer residual,0.7347257552942883,-0.3322978442078779,False,1.2590695131625176,-0.05217978970393198,-0.0715418520472195,False,53,59,2025-01-06,2025-12-31
NASDAQ_recent,2025,think_mix_huber,ensemble,5,buffer_inverse_vol,True,1.0,-0.1322899726762343,-0.0175779201368212,-0.0365193248077192,-0.0359502008269289,0.2576933742522362,-0.2548668168737517,0.4596774193548387,248,-0.2074023129611855,-0.0925127027839213,-0.0548250708527723,-0.0539787567435051,0.2572951186854229,-0.2564828436715755,0.4596774193548387,248,0.0927295899862142,23.36785667652598,0.4596774193548387,17494.415255810425,0.0,21.0,0.0,0.0047388268434321,0.0102294485554768,0.5079979393451785,0.5299134724882718,0.5780712788906136,0.0270091119979473,248.0,0.0526097397631031,248.0,0.0,1,THINK+mixer / Huber,0.7347257552942883,-0.9421280682554738,False,1.0283004487370442,-0.20090065420517783,-1.2229065432629125,True,53,59,2025-01-06,2025-12-31
NASDAQ_recent,2025,stockmixer,ensemble,20,buffer_equal,True,1.0,0.7848527560651133,0.8925507389526104,0.2310447324272364,0.2269896974946463,0.274476225958294,-0.2176227105446486,0.5,248,0.5884175294027033,0.6961337280219455,0.1664521296678767,0.163604898037917,0.274429809677674,-0.2230128373799288,0.4919354838709677,248,0.2601126508220803,65.54838800716425,0.4919354838709677,54926.36788280162,0.0,455.0,3.0,0.0100482505113993,0.0079230395601384,0.5218362755318251,0.5381858728484696,0.5822020386604715,0.0535748311224777,248.0,0.0412903180816953,248.0,0.0,1,StockMixer-inspired MLP,0.7347257552942883,-0.146308225891585,False,1.2009265976651298,-0.010825553675161156,0.12178028850592537,False,53,59,2025-01-06,2025-12-31
NASDAQ_recent,2025,stockmixer_huber,ensemble,20,buffer_equal,True,1.0,0.9531793651029437,1.0702344515149624,0.2697859197284515,0.2649809666728864,0.2525352532074678,-0.208374317868383,0.5080645161290323,248,0.6733162617374724,0.7903350773576096,0.1832401974835789,0.1800842870170096,0.2526135282571963,-0.215706704282155,0.5080645161290323,248,0.3405182372358936,85.81059578344517,0.5080645161290323,73091.05730563214,0.0,589.0,4.0,0.0112255668440503,0.0117887550955207,0.525930053805876,0.5401817531271543,0.5842987839998254,0.0615459053978993,248.0,0.0610233910254788,248.0,0.0,1,StockMixer / Huber,0.7347257552942883,-0.06140949355681591,False,1.1124628336596056,0.010476412253903588,0.20349452242541444,False,53,59,2025-01-06,2025-12-31
NASDAQ_recent,2025,multiscale_mse,ensemble,20,buffer_inverse_vol,True,1.0,0.8082537891564042,0.9272620951571108,0.2211316356631769,0.2172654635590443,0.2483905273477775,-0.1952090055479199,0.5040322580645161,248,0.624621364574826,0.7436208221680725,0.1667250124012229,0.1638727932862795,0.2484089968487282,-0.1995143523959121,0.4959677419354839,248,0.2198148211251684,55.39333492354245,0.4959677419354839,47985.50686172052,0.0,424.0,6.0,0.0065722598566937,0.0071706176559679,0.5092906947965491,0.531690608064862,0.5789830074228969,0.0380216401599676,248.0,0.0386989545838286,248.0,0.0,1,Multi-scale mixer / MSE,0.7347257552942883,-0.11010439071946232,False,1.0761283134211646,0.0007623357299357768,0.08766395364586006,False,53,59,2025-01-06,2025-12-31
NASDAQ_recent,2025,multiscale_huber,ensemble,20,buffer_inverse_vol,True,1.0,0.7526921813236506,0.8894941720284154,0.1840671829458837,0.1808959705197801,0.216082644221723,-0.1806800108228321,0.4959677419354839,248,0.3713538616816005,0.5081925706800715,0.0904377161740663,0.0889401864594472,0.2160246621927093,-0.1919283084452681,0.4879032258064516,248,0.3947442177853428,99.4755428819064,0.4879032258064516,83167.87142798261,0.0,698.0,6.0,0.0141183141617077,0.0178136639042455,0.5181450531371795,0.5385509879235146,0.5825934272881155,0.0907911611762745,248.0,0.107329230365878,248.0,0.0,1,Multi-scale mixer / Huber,0.7347257552942883,-0.3633718936126878,False,0.9121827919379012,-0.05065529243255043,-0.5125543793394681,False,53,59,2025-01-06,2025-12-31
NASDAQ_recent,2025,ridge,ensemble,20,buffer_inverse_vol,True,1.0,0.81162823792599,0.9404385521353992,0.2090085746460119,0.2053716649166581,0.2294888888961491,-0.2089710173748032,0.4919354838709677,248,0.1305119416137158,0.2591930493241683,0.0340911376428534,0.0335410340564408,0.2297193147637165,-0.2258621696165028,0.4677419354838709,248,0.7528555513150531,189.71959893139336,0.4677419354838709,151923.2321137469,0.0,893.0,4.0,0.0211558147126162,0.0182132534822821,0.524334571945805,0.5408772437482472,0.581613987251169,0.1037969330019837,248.0,0.0939597581545057,248.0,0.0,1,Ridge regression,0.7347257552942883,-0.6042138136805725,False,0.9751468899704921,-0.10992964582600312,-0.8826916676299191,False,53,59,2025-01-06,2025-12-31
NASDAQ_recent,2025,momentum126,ensemble,20,buffer_equal,True,1.0,0.7405687510536868,0.8587788034300742,0.2014111416684247,0.197916945189593,0.2500678689504236,-0.2577036248157535,0.5282258064516129,248,0.7156533944218583,0.8338205421769286,0.1940037727306731,0.1906479988225793,0.2501586646362357,-0.2586668355022971,0.5282258064516129,248,0.030688695150504,7.733551177927021,0.5282258064516129,6177.165746733913,0.0,54.0,2.0,0.0059213571436529,0.0187405852005592,0.5114637651742174,0.529912123399709,0.5786758461558115,0.0221749991702384,248.0,0.074353927331202,248.0,0.0,1,126-session momentum,0.7347257552942883,-0.019072360872430028,False,1.1005556182960943,0.021122920002282778,0.27447050185419963,False,53,59,2025-01-06,2025-12-31
NASDAQ_recent,2025,reversal5,ensemble,20,buffer_inverse_vol,True,1.0,0.5596234969526162,0.6784041905404704,0.1483199222583453,0.145801852658941,0.2488665034138496,-0.2152820884363238,0.4959677419354839,248,0.3725236301300235,0.4912544187346535,0.0961083336375341,0.0945129005073188,0.248971107104467,-0.221214674279371,0.4919354838709677,248,0.2229894688502326,56.19334615025863,0.4919354838709677,46901.42099817232,0.0,451.0,10.0,0.0115499277769745,0.0092576203006242,0.5204756808473568,0.5390081472258478,0.57640087686994,0.0498498791184527,248.0,0.0428328492111836,248.0,0.0,1,5-session reversal,0.7347257552942883,-0.3622021251642648,False,1.0730047570001426,-0.061203452985223346,-0.37515564660973977,False,53,59,2025-01-06,2025-12-31
NASDAQ_recent,2025,buy_hold,ensemble,0,buy_hold,True,1.0,0.5695373441647581,0.7079228389833383,0.1371538513393018,0.1348362686087079,0.2136100747049701,-0.2056523283988611,0.4838709677419355,248,0.5619810646415178,0.7003517755332074,0.1353297809710418,0.1330447874673856,0.2136328974230667,-0.2056523283988603,0.4838709677419355,248,0.0079397994830349,2.000829469724809,0.4838709677419355,1690.88907848216,0.0,9.0,3.0,,,,,,,,,,,1,Equal-weight buy-and-hold,0.7347257552942883,-0.17274469065277054,False,0.9510749649839657,-0.01639935854928313,-0.2209287499722727,False,53,59,2025-01-06,2025-12-31
NASDAQ_recent,2025,equal_universe,ensemble,0,equal_universe,True,1.0,0.5110936382048662,0.6467345250893536,0.1245185247233762,0.1224257470057765,0.2179323400580173,-0.2055067029325169,0.5,248,0.4871493557462081,0.6227878463953056,0.1186690911697072,0.1166796372299916,0.2179361901243469,-0.206109926402996,0.5,248,0.0262588575624278,6.617232105731825,0.5,5312.273176476379,0.0,89.0,4.0,,,,,,,,,,,1,Equal-weight rebalanced universe,0.7347257552942883,-0.2475763995480802,False,0.9619984354401472,-0.03185678946664704,-0.33694587766975126,False,53,59,2025-01-06,2025-12-31
NASDAQ_recent,2025,market_proxy,ensemble,0,buy_hold,True,1.0,0.74205515474697,0.8934412808220976,0.1683999117350749,0.1655170586632317,0.1952658189536557,-0.1875522591221899,0.5725806451612904,248,0.7347257552942883,0.8861015695880087,0.1667383691465285,0.1638859058844619,0.1952791205398487,-0.1875522591221897,0.5725806451612904,248,0.0080645161290322,2.032258064516129,0.5725806451612904,,,,,,,,,,,,,,,1,SPY,0.7347257552942883,0.0,False,1.0,1.3426327016541487e-17,,False,53,59,2025-01-06,2025-12-31
