dataset,year,model,seed_daily,k_daily,method_daily,selected_policy_daily,cost_multiplier_daily,gross_sharpe_daily,gross_sharpe_rf0_daily,gross_annualized_return_daily,gross_cumulative_return_daily,gross_annualized_volatility_daily,gross_maximum_drawdown_daily,gross_profitable_days_daily,gross_days_daily,net_sharpe_daily,net_sharpe_rf0_daily,net_annualized_return_daily,net_cumulative_return_daily,net_annualized_volatility_daily,net_maximum_drawdown_daily,net_profitable_days_daily,net_days_daily,turnover_mean_daily,turnover_annual_daily,profitable_periods_daily,cost_dollars_daily,stale_position_marks_daily,constrained_orders_daily,terminal_liquidation_over_cap_daily,IC_daily,RankIC_daily,NDCG@5_daily,NDCG@10_daily,NDCG@20_daily,ICIR_daily,IC_periods_daily,RankICIR_daily,RankIC_periods_daily,unobserved_labels_daily,horizon_daily,seed_five,k_five,method_five,selected_policy_five,cost_multiplier_five,gross_sharpe_five,gross_sharpe_rf0_five,gross_annualized_return_five,gross_cumulative_return_five,gross_annualized_volatility_five,gross_maximum_drawdown_five,gross_profitable_days_five,gross_days_five,net_sharpe_five,net_sharpe_rf0_five,net_annualized_return_five,net_cumulative_return_five,net_annualized_volatility_five,net_maximum_drawdown_five,net_profitable_days_five,net_days_five,turnover_mean_five,turnover_annual_five,profitable_periods_five,cost_dollars_five,stale_position_marks_five,constrained_orders_five,terminal_liquidation_over_cap_five,IC_five,RankIC_five,NDCG@5_five,NDCG@10_five,NDCG@20_five,ICIR_five,IC_periods_five,RankICIR_five,RankIC_periods_five,unobserved_labels_five,horizon_five,delta_sharpe_daily_minus_five,delta_turnover_daily_minus_five
NYSE_recent,2022,think,ensemble,10,equal,False,1.0,0.3713986623498118,0.4906096653386363,0.0952539123171916,0.0940682091966762,0.2479681836839535,-0.1636371113305142,0.5261044176706827,249,-0.5764308564824971,-0.4572216366227629,-0.1341999328279459,-0.1327133856593533,0.2479718927870103,-0.2340866718774861,0.5020080321285141,249,1.0858097526095394,273.62405765760394,0.5020080321285141,210887.20523584407,0.0,1339.0,3.0,0.010590138031702,0.0062959330197316,0.5364008370447172,0.5479549638566656,0.5816075636616032,0.0569750529295981,249.0,0.0331006927318406,249.0,0.0,1,ensemble,10,equal,False,1.0,-0.313258434585796,-0.1883848989823296,-0.069915043943592,-0.0680406034981757,0.2367237841342949,-0.200981939079848,0.4653061224489795,245,-0.3744132219490221,-0.2495611967946341,-0.0833107744683391,-0.0810931009148431,0.2367645686942405,-0.204305838224059,0.4653061224489795,245,0.329889822677802,16.62644706296122,0.5102040816326531,13354.919828282826,0.0,137.0,4.0,0.0286161588621329,0.0153405095857479,0.5236489020859666,0.538454469510185,0.5732990000295288,0.1946102132927213,49.0,0.1012447164387217,49.0,0.0,5,-0.20201763453347504,256.9976105946427
NYSE_recent,2022,think_huber,ensemble,10,equal,False,1.0,-0.0955105481253655,0.0263296008530792,-0.0226648817677478,-0.0223981064293564,0.2426173649172968,-0.1586227756122726,0.4939759036144578,249,-1.0908576032250576,-0.9691186865010804,-0.2326777429443827,-0.2302545905916442,0.2428191139017998,-0.2720760327492213,0.4819277108433735,249,1.1207453096045612,282.4278180203495,0.4819277108433735,201459.27606181608,0.0,1422.0,4.0,0.0039856554454682,-0.0002641746882806,0.5258053352840183,0.5401623829740374,0.5751779631097585,0.0234226847783578,249.0,-0.0015586380370773,249.0,0.0,1,ensemble,10,equal,False,1.0,-0.2332626091268306,-0.1002961685675204,-0.0458336093499677,-0.0445892757938767,0.2223157645037175,-0.1870562809442018,0.473469387755102,245,-0.4196466324765275,-0.2864675344812817,-0.0843687671340084,-0.0821242098501422,0.2219607756116235,-0.1939223121653261,0.473469387755102,245,0.9489895948979372,47.82907558285604,0.4897959183673469,37344.58157753853,0.0,303.0,4.0,0.0374426988186849,0.032699559188832,0.4939767504933494,0.5222877708857914,0.5752943156402098,0.218452892772828,49.0,0.2000353428094572,49.0,0.0,5,-0.6712109707485301,234.59874243749346
NYSE_recent,2022,think_mix,ensemble,10,equal,False,1.0,-0.7814276212137153,-0.6805501080992099,-0.2152748707224986,-0.2130069037008265,0.2930339475431673,-0.2826365687850574,0.4738955823293173,249,-0.8931526105275184,-0.7922864057309514,-0.2406092197589666,-0.2381168793667797,0.2930668001824859,-0.2990092708376841,0.4738955823293173,249,0.159648472118621,40.23141497389251,0.4738955823293173,26901.19954656543,0.0,5.0,0.0,-0.0088251305773984,0.0008499908487537,0.4992194319417433,0.5248597859180318,0.5677708765880949,-0.050289542501851,249.0,0.0049216207416777,249.0,0.0,1,ensemble,10,equal,False,1.0,-0.928720393125119,-0.8264738292109136,-0.2448376806992124,-0.2389239057778649,0.2891103109448766,-0.2673196646951929,0.4857142857142857,245,-0.9541427440161672,-0.8519243436843082,-0.2504494351947043,-0.2444230728207301,0.2891899676605275,-0.2696965595955087,0.4857142857142857,245,0.1707760572721634,8.607113286517038,0.5714285714285714,6125.51058683563,0.0,34.0,0.0,-0.0068162743176607,0.0034026163347843,0.4960114116420278,0.5181661526540912,0.5668053665679204,-0.038708122751418,49.0,0.019415810547422,49.0,0.0,5,0.06099013348864879,31.624301687375475
NYSE_recent,2022,think_mix_huber,ensemble,10,equal,False,1.0,-0.8410815968416808,-0.736292566757605,-0.2192508057700943,-0.2169469794347294,0.2820957104246859,-0.2991370421790025,0.4618473895582329,249,-0.8760174611585811,-0.7712292389217766,-0.2269178790688983,-0.2245455782519066,0.2820978851943793,-0.304490946524344,0.4578313253012048,249,0.048950557965822,12.335540607387143,0.4578313253012048,7916.9698065916145,0.0,41.0,1.0,-0.007183999739649,-0.0017340533039797,0.5027313217039966,0.5241838051813275,0.5687364513415989,-0.0407094985821903,249.0,-0.0101106675988309,249.0,0.0,1,ensemble,10,equal,False,1.0,-0.7671044479423782,-0.6497271244631032,-0.1774569141688273,-0.1729812420002965,0.2518419658078212,-0.2326435475087015,0.4979591836734693,245,-0.7891061551928689,-0.6717369040581639,-0.182021513861433,-0.1774435390757395,0.2518592868276418,-0.235009394103521,0.4979591836734693,245,0.1280777269257451,6.455117437057554,0.5714285714285714,4807.578801071903,0.0,53.0,4.0,-0.0173848384328799,-0.0126177135077029,0.4928445854423455,0.5210243566602278,0.5597601534337814,-0.0925989790152685,49.0,-0.0688107020377118,49.0,0.0,5,-0.08691130596571228,5.880423170329589
NYSE_recent,2022,stockmixer,ensemble,10,equal,False,1.0,-0.4753667949475207,-0.381437286456105,-0.1558993496958041,-0.1541945212924617,0.3147097899376607,-0.26002315151082,0.4859437751004016,249,-0.9564730677165276,-0.8625880960944863,-0.2747657948067771,-0.271986803058962,0.3148590810176184,-0.3175908871212415,0.4779116465863454,249,0.7090452947449363,178.67941427572393,0.4779116465863454,119212.09603322722,0.0,606.0,0.0,0.0003860233187205,0.0059886772669245,0.5231815767573533,0.5385830911729786,0.5777346796238061,0.0017282357570142,249.0,0.0273478152393576,249.0,0.0,1,ensemble,10,equal,False,1.0,-0.4688535796941814,-0.3677888880207199,-0.1394318129588506,-0.1358347326397891,0.2924912291009687,-0.2095995254221663,0.473469387755102,245,-0.562159555985793,-0.4610425653415267,-0.1625112179610811,-0.1583753037366742,0.292339948983216,-0.2238383935111143,0.4653061224489795,245,0.6483472215205986,32.676699964638175,0.4897959183673469,23247.401883983915,0.0,131.0,1.0,0.0047268917661218,0.0115398892166728,0.4809160628303372,0.5205487474872805,0.563009806259184,0.0279117093988924,49.0,0.0677332092791895,49.0,0.0,5,-0.3943135117307346,146.00271431108575
NYSE_recent,2022,stockmixer_huber,ensemble,10,equal,False,1.0,-0.3297661726525882,-0.2285771536077727,-0.1035816187833837,-0.1024139352877542,0.2921318554653557,-0.2545591940872211,0.4899598393574297,249,-0.9740873180207492,-0.8729798871107418,-0.2577399731994318,-0.2551015474122946,0.2923675898024952,-0.3243492427649262,0.4738955823293173,249,0.8844067406871511,222.8704986531621,0.4738955823293173,147023.0631859234,0.0,821.0,2.0,-0.0011240923252825,0.0071382001528515,0.5188824751043818,0.5391156148902131,0.5766743765460507,-0.0054371610738896,249.0,0.0348865016374987,249.0,0.0,1,ensemble,10,equal,False,1.0,-0.9234325869156754,-0.8179066177454063,-0.2353225371810742,-0.2296022519028615,0.2801256990929354,-0.2583332294604683,0.4897959183673469,245,-1.04798846999549,-0.9423491322911266,-0.261281583734092,-0.2550411407097247,0.2798250777471521,-0.2752920004499108,0.4816326530612245,245,0.8123021140098716,40.940026546097535,0.4693877551020408,28036.294099691822,0.0,188.0,2.0,-0.0170534613342065,-0.0031430555208565,0.4947164723923265,0.5047090163822742,0.5573270364162192,-0.0992957189667679,49.0,-0.0180304215017447,49.0,0.0,5,0.07390115197474079,181.93047210706456
NYSE_recent,2022,multiscale_mse,ensemble,10,equal,False,1.0,-0.3642622199190345,-0.2735675301756955,-0.1326138562738839,-0.131143517260763,0.3259345830493034,-0.2327238639051563,0.4859437751004016,249,-0.7136584868022996,-0.622983410578463,-0.2261221069829173,-0.2237568716166726,0.3260050844987355,-0.2783871143437676,0.4779116465863454,249,0.5291838658453517,133.35433419302862,0.4779116465863454,93001.70635750692,0.0,506.0,3.0,-0.0050985099253419,-0.0045997677827958,0.52273930245152,0.5380827402441355,0.5719988998081094,-0.0223093143130126,249.0,-0.0201332583128103,249.0,0.0,1,ensemble,10,equal,False,1.0,-0.2094441375383431,-0.1113524846744429,-0.0757993860167588,-0.0737735259835297,0.3013562828561538,-0.1699871165275488,0.4938775510204081,245,-0.323525075075847,-0.2253484396897258,-0.1069062303047725,-0.1040969187205409,0.3010954263203442,-0.1740230833869117,0.4897959183673469,245,0.7943962095397183,40.037568960801806,0.4897959183673469,30743.50470443884,0.0,165.0,4.0,-0.0074151039854271,-0.007763354713601,0.5134522584271257,0.5283667073747861,0.5670938979743559,-0.0434871578166393,49.0,-0.0462934496191534,49.0,0.0,5,-0.3901334117264526,93.31676523222681
NYSE_recent,2022,multiscale_huber,ensemble,10,equal,False,1.0,-0.5701931522644512,-0.472053662440227,-0.1710927242713319,-0.1692389646387061,0.3012093902182138,-0.3092773091557267,0.4859437751004016,249,-1.2108356006383043,-1.1126451268889364,-0.3165684003866481,-0.313464543902424,0.3010529917773353,-0.3675343051834012,0.465863453815261,249,0.896586539398562,225.93980792843763,0.465863453815261,142009.80485202768,0.0,814.0,3.0,-0.002740865316875,0.0010929894057813,0.5294528002356534,0.5398883847912902,0.5773657084721568,-0.0137268605841897,249.0,0.0055448934420478,249.0,0.0,1,ensemble,10,equal,False,1.0,-0.3299021212160891,-0.2203421845439169,-0.0912909086539366,-0.0888712772903875,0.2698115459370235,-0.1735927286387109,0.4979591836734693,245,-0.4916191936178395,-0.3819782420392388,-0.1299835317247895,-0.1266119092280676,0.2696121792147112,-0.1947154419534991,0.4897959183673469,245,1.0123207840014696,51.02096751367407,0.4897959183673469,38303.8585710178,0.0,219.0,4.0,-0.0217909192325897,-0.0223068350665321,0.5158844655481502,0.534217469456462,0.5646054851852144,-0.1505309501260866,49.0,-0.1400927173634486,49.0,0.0,5,-0.7192164070204647,174.91884041476357
NYSE_recent,2022,ridge,ensemble,10,equal,False,1.0,-0.3793957028197373,-0.2683159761588835,-0.1012840712898377,-0.100140817020126,0.2661199912431793,-0.1923563802049992,0.5140562248995983,249,-1.5162322839119091,-1.4049979757749398,-0.3356939298188661,-0.3324514069318954,0.2657501663055391,-0.3398727355380582,0.4939759036144578,249,1.4105859231636169,355.4676526372315,0.4939759036144578,235138.96037932907,0.0,1022.0,4.0,-0.000267908619482,-0.0021290336080159,0.531266712427877,0.5417983750354711,0.5771050035446393,-0.001366035560808,249.0,-0.0113983104958894,249.0,0.0,1,ensemble,10,equal,False,1.0,-0.2487823933339495,-0.1405665135024863,-0.0729277128687811,-0.0709756222642671,0.27316264426551,-0.1797936099854956,0.4979591836734693,245,-0.455105960312703,-0.346550115498348,-0.1232145401096751,-0.1200061535850433,0.2723071791927337,-0.1956480616983669,0.4938775510204081,245,1.298616835601213,65.45028851430114,0.4693877551020408,49771.79718787064,0.0,218.0,3.0,0.0125727814617226,0.0087593353019978,0.5308431932138604,0.5468855622819141,0.5814529973334043,0.0775633695657788,49.0,0.0534476870471379,49.0,0.0,5,-1.0611263235992061,290.01736412293036
NYSE_recent,2022,momentum126,ensemble,10,equal,False,1.0,-0.4962785436027053,-0.3742808447158104,-0.1131191855988481,-0.1118508352371838,0.2423040447155235,-0.2098589651059267,0.5060240963855421,249,-0.6397610773423162,-0.517803819061812,-0.1435037732801556,-0.1419228414724586,0.2423843919013932,-0.2219127388023697,0.5020080321285141,249,0.1647854902614817,41.52594354589339,0.5020080321285141,31234.6223407163,0.0,183.0,1.0,-0.0026184156505085,-0.0071952080107922,0.5253152472646158,0.5382959673624174,0.5745858892895,-0.0113625441343881,249.0,-0.0330031616138801,249.0,0.0,1,ensemble,10,equal,False,1.0,-0.5955726989912935,-0.4732197812242377,-0.1337199569056885,-0.1302588404125038,0.2416005799106533,-0.215328039044143,0.5020408163265306,245,-0.6649507316111246,-0.542495211522138,-0.1479734996033399,-0.144175015290793,0.2413981490160668,-0.2201909349840823,0.5020408163265306,245,0.393164947946639,19.815513376510605,0.5714285714285714,14778.71651544468,0.0,70.0,2.0,-0.0116103950367862,-0.0258980067920766,0.5368222830764285,0.5411463054055271,0.5727877625141068,-0.0521596888078808,49.0,-0.1178740138057886,49.0,0.0,5,0.02518965426880837,21.710430169382786
NYSE_recent,2022,reversal5,ensemble,10,equal,False,1.0,0.1499891989375257,0.2472744688747278,0.0294339065355824,0.0290784572561404,0.3038541796241361,-0.2006210282530695,0.4939759036144578,249,-0.2986199663469842,-0.2013808195247103,-0.1018629860855916,-0.1007135698385902,0.3039983057472687,-0.2581574218682657,0.4779116465863454,249,0.6288928598337149,158.48100067809614,0.4779116465863454,117172.29116998262,0.0,913.0,8.0,0.0122241317121285,0.024173630425754,0.5281564613957518,0.5456929172238778,0.5852593370655444,0.0547398229310406,249.0,0.1180639352060806,249.0,0.0,1,ensemble,10,equal,False,1.0,-0.050146323552642,0.0583830675874317,-0.0207775108412602,-0.0202062290489153,0.2723735531523323,-0.1474979952103586,0.4775510204081633,245,-0.2662535822189774,-0.1573978957521857,-0.0763748764395531,-0.0743342618532204,0.2715571124095487,-0.1699759671260476,0.473469387755102,245,1.3609979611722975,68.5942972430838,0.4693877551020408,52828.16428149208,0.0,226.0,2.0,0.0433874440407895,0.0440690577665601,0.5548901755670692,0.5656195962467858,0.5995836917057819,0.1973357906229806,49.0,0.2308195670134878,49.0,0.0,5,-0.0323663841280068,89.88670343501234
NYSE_recent,2023,think,ensemble,10,equal,False,1.0,0.678034903109143,0.8547492085600644,0.1377236729925317,0.1353959003541291,0.1672786807545185,-0.1420964409597461,0.5120967741935484,248,-0.67974299549593,-0.5033379082912334,-0.0936630782730501,-0.0922471647496429,0.1675719014383058,-0.2667290859667239,0.4637096774193548,248,1.0560800474600671,266.1321719599369,0.4637096774193548,205475.4553061636,0.0,1255.0,2.0,-0.009749146942883,-0.0176483196674946,0.5058366147811623,0.5257099701711895,0.5656225338320818,-0.0660020542723129,248.0,-0.1118648346581303,248.0,0.0,1,ensemble,10,equal,False,1.0,-0.1012760563122771,0.0821537220104579,0.000327852844804,0.0003187443700873,0.161154509134667,-0.1841738335985605,0.5020408163265306,245,-0.4254353526980965,-0.242388913887101,-0.0507835702720466,-0.0494083615769137,0.161492002129601,-0.2127452511904808,0.4938775510204081,245,1.2152736305508125,61.24979097976094,0.3877551020408163,48811.51425108617,0.0,264.0,3.0,-0.0261421316389586,-0.030475973433882,0.4856174582393815,0.5057000515303932,0.5589988104075521,-0.185358014020321,49.0,-0.2071541256735058,49.0,0.0,5,-0.25430764279783347,204.88238098017595
NYSE_recent,2023,think_huber,ensemble,10,equal,False,1.0,0.4224017691277025,0.6107862690985932,0.0871631175418632,0.0857219145231815,0.1569159664985646,-0.1589610967455893,0.4959677419354839,248,-0.8702295813391054,-0.6822249814824319,-0.1127365247761114,-0.1110503450135532,0.1572330459404547,-0.262094970069036,0.4596774193548387,248,0.9407677027903982,237.07346110318036,0.4596774193548387,187145.2750027222,0.0,1379.0,4.0,-0.0066823583501639,-0.0166047387211712,0.5082417979168646,0.5282126035914907,0.5684369982991434,-0.0442536424224256,248.0,-0.1063269650628937,248.0,0.0,1,ensemble,10,equal,False,1.0,0.2546907555815704,0.4417021841985026,0.0590588238402469,0.0573721283280554,0.1580680715873892,-0.1502584339460932,0.5306122448979592,245,-0.0602694954368252,0.1266651340707008,0.0076127205501033,0.0074004755721697,0.1581330113321301,-0.1698114945146099,0.5224489795918368,245,1.1591901314331765,58.42318262423209,0.4693877551020408,47099.47588887715,0.0,281.0,4.0,-0.0138979852301285,-0.0193726631261569,0.5076908059320235,0.530130651576356,0.56601805547443,-0.093908352618913,49.0,-0.1338343128900808,49.0,0.0,5,-0.8099600859022802,178.65027847894828
NYSE_recent,2023,think_mix,ensemble,10,equal,False,1.0,0.8947738167547274,1.0427155200853524,0.2073097508345165,0.2037048172083477,0.1998120558353873,-0.1628472950346632,0.5645161290322581,248,0.8766700606121188,1.0245578973771725,0.2030127221580242,0.1994885030311064,0.1998848352433704,-0.1630957581743672,0.5645161290322581,248,0.0183022366712097,4.612163641144861,0.5645161290322581,3791.606477372181,0.0,0.0,0.0,0.0069682121944822,0.0164485190358946,0.5152944568521435,0.5411405443494932,0.5756104307089145,0.0477186668111376,248.0,0.1148598807742435,248.0,0.0,1,ensemble,10,equal,False,1.0,1.006279472601954,1.165557895326428,0.220299244369595,0.2135690710217732,0.1855903353426353,-0.1470145154640063,0.5673469387755102,245,0.990628474907211,1.1499949294739216,0.2166616325514756,0.2100518630288941,0.1854878177885746,-0.1471852901579805,0.563265306122449,245,0.0708873297439835,3.5727214190967693,0.5714285714285714,3184.688734111807,0.0,33.0,1.0,0.0035690198362537,0.023719370394908,0.5259842117774212,0.5454349482214575,0.5815618291307391,0.0228716065042945,49.0,0.170325869410237,49.0,0.0,5,-0.11395841429509213,1.0394422220480921
NYSE_recent,2023,think_mix_huber,ensemble,10,equal,False,1.0,0.8931058197672724,1.041334244000875,0.2065838237119184,0.2029925424953567,0.1994255557874298,-0.1616419328889295,0.5645161290322581,248,0.8721719639544913,1.0203475162122528,0.2016181553191767,0.1981200801078149,0.1994967147809819,-0.1620301246935553,0.5645161290322581,248,0.0208722534681688,5.259807873978557,0.5645161290322581,4341.077800796976,0.0,8.0,0.0,0.0080509428409795,0.0172556094674918,0.5152373575697667,0.5410913950903897,0.5752157653758987,0.0543088568486011,248.0,0.1189266286373465,248.0,0.0,1,ensemble,10,equal,False,1.0,1.006279472601954,1.165557895326428,0.220299244369595,0.2135690710217732,0.1855903353426353,-0.1470145154640063,0.5673469387755102,245,0.990628474907211,1.1499949294739216,0.2166616325514756,0.2100518630288941,0.1854878177885746,-0.1471852901579805,0.563265306122449,245,0.0708873297439835,3.5727214190967693,0.5714285714285714,3184.688734111807,0.0,33.0,1.0,0.0049358647917107,0.0239335242548557,0.5266948770475713,0.5460472038028534,0.581361428681352,0.0313312139831089,49.0,0.1682304624338318,49.0,0.0,5,-0.1184565109527197,1.687086454881788
NYSE_recent,2023,stockmixer,ensemble,10,equal,False,1.0,0.972874134112776,1.1143855632177309,0.2349304237009071,0.2308010195325236,0.2088915084332656,-0.1393435668245214,0.5483870967741935,248,0.0484004074861117,0.1897041700200655,0.0180830148715305,0.0177934443794176,0.2091985050941447,-0.2296903518652781,0.4959677419354839,248,0.8870979403223065,223.54868096122124,0.4959677419354839,184126.50170985085,0.0,800.0,1.0,-0.0039839515443707,-0.0031403487026264,0.5224214243118895,0.5393986407519648,0.5790485059935951,-0.0214407408652351,248.0,-0.0167361957871424,248.0,0.0,1,ensemble,10,equal,False,1.0,1.0704573984219443,1.2392825004642132,0.2234542313585821,0.2166193930560569,0.1750956198378605,-0.1209117939875771,0.5306122448979592,245,0.7721293286270643,0.9412017641436552,0.1610439137162145,0.156238150334977,0.1748394751395202,-0.1426229293733929,0.5224489795918368,245,1.2139930673250836,61.185250593184215,0.4897959183673469,53012.55790527123,0.0,199.0,4.0,-0.0153472534914543,-0.0103831149685692,0.5324624489958443,0.5538478879513792,0.5765507967445384,-0.1105575886037072,49.0,-0.0678139821727181,49.0,0.0,5,-0.7237289211409526,162.36343036803703
NYSE_recent,2023,stockmixer_huber,ensemble,10,equal,False,1.0,0.7660074812738333,0.911560381623443,0.1788782389830234,0.1758028899815726,0.2030913558938259,-0.1324602812108424,0.5685483870967742,248,-0.2252708840636414,-0.0797194758934371,-0.0360563158619705,-0.0354942738119283,0.2030934379673866,-0.2457409087419443,0.532258064516129,248,0.9310392817998664,234.62189901356632,0.532258064516129,187852.12475341195,0.0,780.0,2.0,-0.0058204350567523,-0.0037769035536792,0.516297213645772,0.5359011309207021,0.5766274208317668,-0.0324996831435566,248.0,-0.0211602875732727,248.0,0.0,1,ensemble,10,equal,False,1.0,0.6479656703973942,0.831636196808973,0.1285708928929358,0.1247855038311949,0.1609432741540703,-0.1374870986009654,0.5102040816326531,245,0.2908562619315774,0.4748329816822961,0.0655156425781124,0.0636390636693273,0.1606754154891691,-0.1655049869313977,0.4938775510204081,245,1.3305587593433394,67.0601614709043,0.4897959183673469,57753.03539869665,0.0,239.0,3.0,-0.0064167719000608,-0.0034457967755343,0.5435911196961574,0.5434707705144947,0.5821802518105539,-0.0458430501205986,49.0,-0.0251650078420845,49.0,0.0,5,-0.5161271459952188,167.561737542662
NYSE_recent,2023,multiscale_mse,ensemble,10,equal,False,1.0,0.3026679255062822,0.4397407203638797,0.0743055479066343,0.0730840165474029,0.2156557464009622,-0.1865813325709218,0.532258064516129,248,-0.3702246416659455,-0.2330549437598146,-0.0707360496873141,-0.06965330689898,0.2155033971607219,-0.2663533526689188,0.5040322580645161,248,0.6644577313160702,167.4433482916497,0.5040322580645161,135166.2727826059,0.0,621.0,3.0,-0.0027439210740638,-0.0020630846091238,0.5130822617382765,0.5302435218545035,0.5736958057457326,-0.0146076917600639,248.0,-0.0106109613168261,248.0,0.0,1,ensemble,10,equal,False,1.0,0.5615640529223299,0.7165615722825031,0.12589028549204,0.1221880133795874,0.1907161869964532,-0.193828817713701,0.5183673469387755,245,0.3980075013093981,0.5530812406403754,0.0913018716972593,0.0886565128358749,0.1906224484803932,-0.2001824959507547,0.5183673469387755,245,0.728586197833018,36.72074437078411,0.4897959183673469,31434.68843027905,0.0,144.0,4.0,-0.0074910560582159,-0.0106349471170217,0.4965698841036307,0.5204828947964145,0.5669634138753059,-0.0623420586676792,49.0,-0.0804936269206493,49.0,0.0,5,-0.7682321429753436,130.7226039208656
NYSE_recent,2023,multiscale_huber,ensemble,10,equal,False,1.0,0.608711231018957,0.7650964639697793,0.135229723601431,0.1329465164227761,0.1890238312691387,-0.1204731639201914,0.5,248,-0.3793447327665125,-0.2226805683784258,-0.0579790421519328,-0.0570855266293458,0.1886872853261716,-0.2122432734895499,0.4798387096774194,248,0.8634113778550485,217.5796672194722,0.4798387096774194,173600.42360089137,0.0,890.0,2.0,0.0058043382305823,0.009473662428077,0.5246352164993869,0.5339445083090257,0.579505947553599,0.0390812796657697,248.0,0.0613420938220294,248.0,0.0,1,ensemble,10,equal,False,1.0,0.5850804080308148,0.7390442033314449,0.1314777422144146,0.1276020275089799,0.1919966692725465,-0.1518762202571346,0.5306122448979592,245,0.3221479177162662,0.4762986419123139,0.0757589009296779,0.0735789248358185,0.1917638469780153,-0.1711352962024733,0.5142857142857142,245,1.167357552313105,58.834820636580496,0.5306122448979592,50876.77136372456,0.0,168.0,1.0,-0.0025619767296408,0.0075053933862599,0.4805427547782987,0.5188458543174163,0.5699996418549466,-0.0148740079473711,49.0,0.0416282845722122,49.0,0.0,5,-0.7014926504827788,158.7448465828917
NYSE_recent,2023,ridge,ensemble,10,equal,False,1.0,0.4731254099318207,0.6205586237115579,0.1100489650043445,0.1082109060184826,0.2005011973112388,-0.1941039675122988,0.5362903225806451,248,-0.9947254390295538,-0.8471655466471433,-0.1728518136820961,-0.1703564845770783,0.2003290691597497,-0.342770994878082,0.4959677419354839,248,1.3509849369164122,340.44820410293585,0.4959677419354839,272590.1586060334,0.0,1107.0,2.0,0.0016145483710248,-4.7791403813035416e-05,0.5066521416429691,0.5309185276435097,0.5729270405808788,0.0097464955941049,248.0,-0.0003012340903176,248.0,0.0,1,ensemble,10,equal,False,1.0,1.2806975255826347,1.4349618283650214,0.292532262913364,0.2833520187529064,0.1916226589892337,-0.1519615243051596,0.5387755102040817,245,0.9999712754130156,1.154319528990097,0.2247907915802391,0.2179115477087487,0.1915184344571714,-0.1618167891906088,0.5306122448979592,245,1.23248989581018,62.11749074883306,0.5714285714285714,57425.61566410123,0.0,275.0,4.0,0.0540938132798713,0.0492988434542843,0.5477522021462937,0.5586055482622353,0.5906795308236377,0.297388165060486,49.0,0.2749742995318338,49.0,0.0,5,-1.9946967144425694,278.3307133541028
NYSE_recent,2023,momentum126,ensemble,10,equal,False,1.0,-0.0363475750909025,0.113012557986792,0.0028385291425545,0.0027934102534339,0.1979144988502673,-0.2121660392121646,0.5241935483870968,248,-0.2222127822917316,-0.0727737538612666,-0.0333435786433666,-0.0328230989230731,0.1978100111915266,-0.2186199056743099,0.5241935483870968,248,0.1751159718470927,44.12922490546738,0.5241935483870968,35062.98448866142,0.0,109.0,1.0,0.0034068826269716,0.0061652972373088,0.5130279974043749,0.5293975262954678,0.5756473148331263,0.0160886305335301,248.0,0.0304377449958003,248.0,0.0,1,ensemble,10,equal,False,1.0,0.0245332982401674,0.1735753416934622,0.0149016936154051,0.0144847743732641,0.1983368934118547,-0.2138506196323908,0.5306122448979592,245,-0.057313195908422,0.0918627776661875,-0.0013956460210613,-0.0013569043903038,0.1981588266390406,-0.2225529043212923,0.5306122448979592,245,0.3862182724196197,19.46540092994884,0.4489795918367347,15001.530661563338,0.0,46.0,1.0,-0.0086992935174466,0.0054727518986771,0.5091081386985603,0.5181108341806943,0.5696344427764345,-0.0414009223797799,49.0,0.0279894218179397,49.0,0.0,5,-0.1648995863833096,24.663823975518543
NYSE_recent,2023,reversal5,ensemble,10,equal,False,1.0,1.0291708316943242,1.1775643596091645,0.2395794860417477,0.2353608522209098,0.1992036735136138,-0.1433288268216248,0.5443548387096774,248,0.3509578144339786,0.4992365258928796,0.0830297499611674,0.0816594256578151,0.1993579226271775,-0.1698872043827792,0.532258064516129,248,0.620420449129093,156.34595318053144,0.532258064516129,139423.43029914016,0.0,839.0,0.0,0.0023308538331809,0.0074220371520054,0.521125908471751,0.536271011954264,0.5771922478273736,0.0123122652708885,248.0,0.039679136141281,248.0,0.0,1,ensemble,10,equal,False,1.0,0.9841819179162948,1.1361822554059042,0.2239825661772509,0.2171301792845101,0.1944767779762453,-0.1665495051977891,0.5551020408163265,245,0.6776409914767129,0.8296137599917647,0.1532106230892327,0.1486532614983515,0.1945120574897824,-0.1784561312237741,0.5224489795918368,245,1.372178477103828,69.15779524603293,0.5102040816326531,63922.26940444845,0.0,230.0,3.0,0.0339763224543248,0.0496683003276978,0.5521835076712112,0.5604484353307401,0.6004288901226733,0.1959964902173697,49.0,0.3022440235351742,49.0,0.0,5,-0.32668317704273425,87.1881579344985
NYSE_recent,2024,think,ensemble,10,equal,False,1.0,0.1073908248060164,0.264284105243971,0.0326637257439481,0.0324003349746258,0.1884117395197893,-0.117720831036264,0.496,250,-1.0351145690641312,-0.8780501830210133,-0.1671872919964794,-0.1659772059979022,0.1882064841750064,-0.2018840194864565,0.48,250,0.9928547735367774,250.1994029312679,0.48,191927.85103816597,0.0,1002.0,1.0,-0.0011745151351198,-0.0138469141421945,0.5128432780242641,0.5290214168742686,0.5684984624438765,-0.0064667329082593,250.0,-0.0768622840927387,250.0,0.0,1,ensemble,10,equal,False,1.0,-0.5090294586391226,-0.3631429731809111,-0.0897848257350004,-0.0874031649145287,0.2026269657085448,-0.1471803151845568,0.5142857142857142,245,-0.6115079259064682,-0.4656769633857642,-0.1085550393751161,-0.105705011214672,0.2027041128668708,-0.1551096272723909,0.5102040816326531,245,0.4772630684477303,24.054058649765608,0.4693877551020408,18847.06533185509,0.0,88.0,3.0,-0.0205476396355594,-0.0114595935243441,0.5111868259612672,0.5187669032114348,0.5693514461186009,-0.1279138291584068,49.0,-0.0707802374097567,49.0,0.0,5,-0.42360664315766305,226.1453442815023
NYSE_recent,2024,think_huber,ensemble,10,equal,False,1.0,0.4476030208832028,0.6338283307881758,0.0920608654599972,0.0912978456201982,0.1587353292705771,-0.1024637588742531,0.512,250,-1.0267362614928273,-0.8404087149750186,-0.1357536495747677,-0.134752345248269,0.1586482323130673,-0.1735988874309272,0.46,250,1.0794303266761167,272.0164423223814,0.46,218164.3368607391,0.0,1341.0,1.0,0.00519741641169,-0.0094739209567535,0.5180845914151488,0.530222345220476,0.5699551932835538,0.0303702191524538,250.0,-0.0551149629401019,250.0,0.0,1,ensemble,10,equal,False,1.0,0.3376717269398845,0.5322911289053787,0.0717819806650204,0.0697201113901293,0.1518889462599531,-0.09541818470274,0.5510204081632653,245,0.0404921588329574,0.2346209728227356,0.024442892060315,0.0237559220821328,0.1522727887671413,-0.1055868741052561,0.5346938775510204,245,1.0340423918374972,52.11573654860987,0.5306122448979592,44024.54498072087,0.0,287.0,3.0,-0.0105454689935663,-0.0145891746558229,0.5022925581157144,0.5208254856012382,0.5634765651488715,-0.0678635648894081,49.0,-0.0974628389256938,49.0,0.0,5,-1.0672284203257847,219.90070577377153
NYSE_recent,2024,think_mix,ensemble,10,equal,False,1.0,0.5771776699334935,0.7376665001855156,0.1262989297427055,0.1252362679847543,0.184190612143294,-0.1120116144655632,0.5,250,0.2238596793450359,0.3844209798353401,0.0553513610900784,0.0549002215052656,0.1841074766834379,-0.1223083460536647,0.488,250,0.3023361443214238,76.18870836899882,0.488,69182.4097310815,0.0,115.0,1.0,0.0204116008042084,0.0172471223274667,0.5217824031020418,0.5393542651512191,0.5791180940948899,0.1229663006820401,250.0,0.1027235831838028,250.0,0.0,1,ensemble,10,equal,False,1.0,1.1662819524039238,1.3389102140330134,0.2393522160888312,0.231986658255711,0.1712381020773712,-0.0830485985645596,0.5387755102040817,245,1.1249061986075857,1.2974360214229708,0.230723909542543,0.2236470728830459,0.1713358038854089,-0.0834395980034653,0.5387755102040817,245,0.1675531887709567,8.444680714056219,0.5510204081632653,7725.688582682948,0.0,3.0,0.0,0.0694588580781665,0.0674217957187671,0.5313112976146107,0.5475277227405142,0.5918609835191384,0.4201912116132635,49.0,0.3869088817404234,49.0,0.0,5,-0.9010465192625497,67.7440276549426
NYSE_recent,2024,think_mix_huber,ensemble,10,equal,False,1.0,0.85086981477441,1.0121450255289226,0.1838045717186254,0.1822203355217579,0.1832924957777744,-0.1156794369539951,0.54,250,0.4971840242672143,0.6585622785760633,0.1094885128064027,0.1085740099942891,0.1831754594996895,-0.1328557076153093,0.528,250,0.2951805021918995,74.38548655235869,0.528,69022.43767259983,0.0,377.0,4.0,0.0211724642539006,0.0186310201965776,0.5286429779478687,0.5412722306186268,0.5758120734843523,0.1330430735023959,250.0,0.1208508980085395,250.0,0.0,1,ensemble,10,equal,False,1.0,0.4977892902413092,0.6749353676089882,0.1037468301053927,0.1007245445783482,0.1668709594112333,-0.1204181072414681,0.5183673469387755,245,0.4701317845054435,0.647214654745632,0.0986859029421431,0.0958173586630348,0.166930521547264,-0.1214642564004174,0.5183673469387755,245,0.1104903775395163,5.568715027991623,0.5102040816326531,4737.679694988543,0.0,11.0,3.0,0.0754688443852612,0.0724913418581985,0.5286770929040229,0.5411098462100328,0.58837817373773,0.4360429575841825,49.0,0.4537956878863,49.0,0.0,5,0.02705223976177079,68.81677152436706
NYSE_recent,2024,stockmixer,ensemble,10,equal,False,1.0,0.1640293704091628,0.3243607129945988,0.0437653850266668,0.0434106086998362,0.1843715359055838,-0.1086712963024372,0.524,250,-1.0541694420109455,-0.8936621462057225,-0.1660590338261837,-0.1648562819203165,0.1841694219442406,-0.1858633989618279,0.492,250,1.0465160561200173,263.7220461422444,0.492,208015.90214276305,0.0,802.0,1.0,0.0014850220704606,0.0009676732532171,0.5091134707593119,0.5285995320510247,0.5662884075457083,0.0089559088661121,250.0,0.0058944445281734,250.0,0.0,1,ensemble,10,equal,False,1.0,0.1776869185141917,0.3290636071750852,0.0463077516227752,0.0449929179533243,0.1952779925877569,-0.128241661113589,0.5224489795918368,245,-0.0459434161189802,0.1048989806651142,0.0014315441677184,0.0013917513933825,0.1959696777331912,-0.1409704209709488,0.5183673469387755,245,1.0176067291670812,51.2873791500209,0.5306122448979592,41995.80468660784,0.0,144.0,1.0,-0.0337065783592599,-0.0328565827711542,0.5437195282296287,0.540728734743872,0.5712118737388815,-0.1704552493027789,49.0,-0.1820289984324802,49.0,0.0,5,-1.0082260258919653,212.43466699222347
NYSE_recent,2024,stockmixer_huber,ensemble,10,equal,False,1.0,0.0982515000591252,0.2547849422740855,0.0307473757348135,0.0304996649915134,0.1888448593987157,-0.1310272629887079,0.516,250,-1.1662377495266585,-1.0095825893733372,-0.1881269906250451,-0.1867829941326646,0.1886981307053643,-0.1964080294753258,0.5,250,1.1071375229154652,278.9986557746972,0.5,215505.40588146943,0.0,953.0,0.0,0.0114859773447234,0.0099891085016621,0.5276304481515242,0.5386578539767386,0.5756789916290062,0.0676848075749431,250.0,0.0590449503695169,250.0,0.0,1,ensemble,10,equal,False,1.0,0.3543479348195455,0.5100585100754004,0.0820766061570086,0.0797081923566569,0.1898428275517508,-0.1490216677819802,0.5102040816326531,245,0.0774010316466575,0.2326122959612501,0.0265894608522205,0.0258414038533993,0.1904535474072672,-0.1616114364763933,0.5061224489795918,245,1.2261864782648966,61.79979850455079,0.5306122448979592,50266.05292656891,0.0,147.0,1.0,-0.0146856876447232,-0.0031787170603536,0.5196642520203799,0.5335288504276284,0.569307393864147,-0.08170351308908,49.0,-0.0196465769814449,49.0,0.0,5,-1.243638781173316,217.19885727014645
NYSE_recent,2024,multiscale_mse,ensemble,10,equal,False,1.0,-0.0832798473655894,0.0495392810134826,-0.0136288125311382,-0.0135213819553399,0.2225623390775007,-0.1556775773943658,0.532,250,-0.8579992836080833,-0.7250945536514668,-0.1697889301205065,-0.1685619784827925,0.2224189906253183,-0.2240315267531444,0.496,250,0.7931808734671645,199.88158011372545,0.496,149240.53278827472,0.0,675.0,1.0,-0.0060976551293412,-0.0080375622119703,0.506894735027191,0.5254664492210253,0.5671575086278213,-0.0326897495196268,250.0,-0.0413870969374067,250.0,0.0,1,ensemble,10,equal,False,1.0,0.501891377955931,0.6401820176415115,0.1207908072178307,0.1172461787918508,0.2137565923007544,-0.1271026064386095,0.5265306122448979,245,0.3450172244258636,0.4832114546036121,0.0838625311739984,0.0814406682617516,0.2139057169627105,-0.1359009185702461,0.5142857142857142,245,0.7770133334834198,39.16147200756436,0.5102040816326531,32710.190828368733,0.0,166.0,5.0,-0.0189501455289036,-0.0296824989532392,0.5163349225314141,0.5369003730813601,0.5589962831904106,-0.1122237362967553,49.0,-0.175807591326644,49.0,0.0,5,-1.2030165080339468,160.7201081061611
NYSE_recent,2024,multiscale_huber,ensemble,10,equal,False,1.0,0.4343441614012849,0.5984062001338641,0.0959540009434709,0.0951573301344446,0.1801790110292654,-0.1060840411640041,0.52,250,-0.8624133488656619,-0.6982863348622914,-0.1323673117977997,-0.131389043166709,0.180107681028512,-0.1768170705761498,0.472,250,1.0749569027628594,270.88913949624055,0.472,213820.71392722303,0.0,1032.0,0.0,0.0135845855403428,0.0128164222228178,0.5020883141088985,0.5271807347852376,0.5733036111814914,0.0809580346349727,250.0,0.0767434444250136,250.0,0.0,1,ensemble,10,equal,False,1.0,0.3646100399639227,0.5098004603435815,0.0866798326959956,0.0841734925115851,0.203598390368891,-0.130549123934802,0.5306122448979592,245,0.1459846824908156,0.2909874347715098,0.0393621311971106,0.0382480939167506,0.203861895180157,-0.1430333215305568,0.5306122448979592,245,1.0236091967231646,51.5899035148475,0.5102040816326531,43132.15362615785,0.0,198.0,5.0,-0.0044328199264614,-0.0165947686026859,0.5385219837098082,0.5433252263034262,0.5780368679384629,-0.0265260036177635,49.0,-0.0996068021113973,49.0,0.0,5,-1.0083980313564775,219.29923598139305
NYSE_recent,2024,ridge,ensemble,10,equal,False,1.0,0.5944490689815746,0.7536200247869272,0.1305628677891797,0.1294623107529322,0.1857156397454206,-0.1322151403932087,0.552,250,-1.0320885655095948,-0.872530338671801,-0.1637798453085693,-0.1625919456632188,0.1852648808659189,-0.2110697773320046,0.476,250,1.3848458359031115,348.9811506475841,0.476,279836.6286024144,0.0,1115.0,3.0,0.0105195240059735,0.0097198435972067,0.5125393435333444,0.5312530460695527,0.5733494140256432,0.0534611881992195,250.0,0.0531040499402983,250.0,0.0,1,ensemble,10,equal,True,1.0,-0.335781493304964,-0.1802864273362962,-0.0509719751639509,-0.0495917988809753,0.1901059413180198,-0.1807602823550246,0.5020408163265306,245,-0.643055567634801,-0.4882115033273505,-0.105437131919828,-0.1026641685171881,0.1909051923849484,-0.2130543283821283,0.5020408163265306,245,1.3509711304938266,68.08894497688885,0.4489795918367347,52114.00929906546,0.0,230.0,5.0,-0.0140063866740563,-0.0154801589878438,0.5102434342124503,0.5176659927856387,0.5625552356069223,-0.0757853268535742,49.0,-0.088403570370527,49.0,0.0,5,-0.38903299787479384,280.89220567069526
NYSE_recent,2024,momentum126,ensemble,10,equal,False,1.0,0.8673703277309317,1.0414376693920695,0.1763691818603086,0.1748536441998369,0.1698224124306301,-0.0943050567546603,0.552,250,0.7151967910480452,0.8892792477617779,0.1463648578374166,0.1451227630711316,0.1698076672647811,-0.0993842162952853,0.548,250,0.1244895898384547,31.371376639290585,0.548,28578.2226716228,0.0,118.0,2.0,0.0112966346203113,0.0166817084209527,0.5011683772504274,0.531692216510382,0.5736269496928,0.0478450819236399,250.0,0.0743850374560452,250.0,0.0,1,ensemble,10,equal,False,1.0,1.060387031999602,1.23394873942305,0.2160863466422908,0.2094955921759118,0.1703171530466723,-0.0906609301950954,0.5591836734693878,245,0.9870704124588924,1.160659948208555,0.2009787330971244,0.1948847066821346,0.1702898493196683,-0.0927042539508098,0.5591836734693878,245,0.3001484616257034,15.127482465935456,0.5102040816326531,13609.067608823105,0.0,45.0,2.0,0.0410611144504987,0.0459950756549232,0.503891862925877,0.5352067334241122,0.5795111470857732,0.2020988051211605,49.0,0.2570803165212782,49.0,0.0,5,-0.27187362141084714,16.24389417335513
NYSE_recent,2024,reversal5,ensemble,10,equal,False,1.0,-0.061869287866637,0.0888453164041926,-0.0017437524869123,-0.0017299251588783,0.196135842503768,-0.1116242890573772,0.496,250,-0.7487525985494486,-0.5979708805408751,-0.127534578128051,-0.1265893646864909,0.1960485414060631,-0.1398470163990223,0.476,250,0.619333265904383,156.07198300790452,0.476,124663.359221906,0.0,772.0,4.0,0.0212009332460838,0.0207640020146009,0.5109195733486831,0.5285931530736632,0.5738990501896926,0.1047333751686265,250.0,0.1103450299479293,250.0,0.0,1,ensemble,10,equal,False,1.0,-0.6120454706614571,-0.4618799868920613,-0.1044303411875277,-0.1016823253791366,0.1968530659926903,-0.1522726422265965,0.4816326530612245,245,-0.9075279813382822,-0.7581278799163396,-0.1560092106234981,-0.1520233728636864,0.1978615516651821,-0.1836906976440648,0.473469387755102,245,1.361177500196817,68.60334600991958,0.4693877551020408,55274.40942431299,0.0,216.0,1.0,-0.0022591043011817,0.0198101040519039,0.4687245548861773,0.5008937278717032,0.5560535429743924,-0.0144171384268078,49.0,0.1241482185009081,49.0,0.0,5,0.15877538278883352,87.46863699798494
NYSE_recent,2025,think,ensemble,10,equal,False,1.0,0.5330741990465805,0.6587311302113462,0.1358439431318472,0.1335497681191455,0.2352479533939944,-0.2150461589731329,0.5,248,-0.2993255619186671,-0.1738508777106744,-0.0663217624300669,-0.0653041896838749,0.2355896416306593,-0.2521866767829807,0.4475806451612903,248,0.916836325674644,231.04275407001023,0.4475806451612903,178972.52630971745,0.0,951.0,3.0,0.0096661176598378,0.0104515169669801,0.5197314540444636,0.5344796966237861,0.5762085479925706,0.0549950859176863,248.0,0.0553021770531517,248.0,0.0,1,ensemble,10,equal,False,1.0,0.9200409973621084,1.0465333862217752,0.2428560295611828,0.2300551790328662,0.233694186288759,-0.2305561391201925,0.5166666666666667,240,0.7888398585327856,0.9156001372405652,0.2050204119116723,0.1943662621345159,0.233200306812413,-0.2350369842689336,0.5125,240,0.7237699153421896,36.47800373324636,0.5833333333333334,31941.26288045215,0.0,160.0,4.0,0.0405916849058337,0.0211209538454013,0.5456908004606016,0.5489409805706297,0.5924652121618685,0.2981218505927734,48.0,0.1341100446094759,48.0,0.0,5,-1.0881654204514528,194.56475033676386
NYSE_recent,2025,think_huber,ensemble,10,equal,False,1.0,0.5365560676892039,0.6667014432836801,0.1343160631114022,0.1320491611595473,0.2271347387585227,-0.1827067264406047,0.5040322580645161,248,-0.4171267329885542,-0.2871053792705639,-0.086734040032056,-0.085417871588137,0.2273513929903887,-0.2182905760503423,0.4637096774193548,248,1.018378130904922,256.63128898804035,0.4637096774193548,199428.68662789845,0.0,1228.0,3.0,0.0133887680961475,0.0182356297922613,0.5060256943514662,0.5307031057277476,0.5755565484254062,0.0764981393053931,248.0,0.0998828303321423,248.0,0.0,1,ensemble,10,equal,False,1.0,1.0366561778270142,1.167437050845203,0.2694853831221333,0.2551425486018199,0.2260310334690143,-0.2078528632674602,0.5208333333333334,240,0.9058143571790752,1.0369181651461894,0.232048140833678,0.2198658515485791,0.2254742737426514,-0.2113357445785276,0.5166666666666667,240,0.7049288844513321,35.52841577634714,0.5833333333333334,31544.79033900997,0.0,192.0,5.0,0.0412207932109959,0.0233404374540099,0.543618018010917,0.5574159705972499,0.5923498793030496,0.3754915380226615,48.0,0.1964199541333738,48.0,0.0,5,-1.3229410901676295,221.1028732116932
NYSE_recent,2025,think_mix,ensemble,10,equal,False,1.0,-0.3722300959052778,-0.2446952408937309,-0.0800198604715103,-0.0788011287837558,0.2317839768869833,-0.2233741866772861,0.4556451612903225,248,-0.7252880511385665,-0.5977584654842956,-0.1523556537920767,-0.1501287553082485,0.2317935539006526,-0.2369844212721109,0.4435483870967742,248,0.4034349444644768,101.66560600504816,0.4435483870967742,72728.14880294287,0.0,34.0,0.0,-0.0165127061422925,-0.008147594150609,0.5056990455278535,0.5235577702758819,0.5672270063623814,-0.0978045221997898,248.0,-0.0483086413523944,248.0,0.0,1,ensemble,10,equal,False,1.0,0.3252723662603207,0.4501534910513941,0.0821560639885063,0.0780950329689766,0.2367093981235037,-0.1943747781948541,0.4708333333333333,240,0.2248301286014128,0.3500634554977244,0.0567367664507558,0.0539634267193065,0.2360436843681089,-0.1972845972433724,0.4708333333333333,240,0.5801925048577913,29.24170224483268,0.6458333333333334,22930.321246536558,0.0,36.0,1.0,-0.0203382078420519,-0.0117294217655545,0.5036890848568198,0.5216962387398191,0.5629958790336985,-0.1260835553203511,48.0,-0.0696116354498036,48.0,0.0,5,-0.9501181797399794,72.42390376021548
NYSE_recent,2025,think_mix_huber,ensemble,10,equal,False,1.0,-0.7224456567111168,-0.5760189547949243,-0.1276028486932983,-0.1257104598219267,0.2018794079183737,-0.2083999368634425,0.4758064516129032,248,-0.8365118556428373,-0.6899826010828155,-0.1473516342562997,-0.1451914578351869,0.2017381169039693,-0.2225755868044281,0.4717741935483871,248,0.1125095695591108,28.352411528895928,0.4717741935483871,21002.288175478665,0.0,179.0,1.0,-0.0180995617292694,-0.0106669222229363,0.5013818958455681,0.5174567571553432,0.5608837689624022,-0.1102276050359973,248.0,-0.0692848048010052,248.0,0.0,1,ensemble,10,equal,False,1.0,0.1449038733053795,0.2623544956805533,0.0353013890883902,0.0335924545171972,0.2516847956058982,-0.245182517016726,0.4708333333333333,240,0.0536349977796861,0.1713205063565112,0.0118874575117013,0.0113181969821047,0.2511824628516947,-0.2478148946191531,0.4708333333333333,240,0.5578583677161284,28.116061732892877,0.5208333333333334,21423.48942357747,0.0,44.0,1.0,-0.0231860765916032,-0.0155530855954297,0.5155540924877592,0.5262730349579201,0.5702115530619566,-0.1306923141497728,48.0,-0.0801801477582028,48.0,0.0,5,-0.8901468534225233,0.23634979600305073
NYSE_recent,2025,stockmixer,ensemble,10,equal,False,1.0,-0.0970787486684469,0.023727157997207,-0.0237347858760262,-0.0233624790210433,0.2446944582610003,-0.2087633162854483,0.4758064516129032,248,-0.9173042720220476,-0.7964589780121648,-0.2012891350122881,-0.1984345973686272,0.2446147045152102,-0.2857573455999428,0.4556451612903225,248,0.9495726955413156,239.29231927641152,0.4556451612903225,170655.7693158024,0.0,655.0,4.0,-0.0143294523375616,-0.0204618022371733,0.4958357850563857,0.5154501445790586,0.5591052260866518,-0.0798901909482963,248.0,-0.1075704019616737,248.0,0.0,1,ensemble,10,equal,False,1.0,1.0117286698176842,1.1250903093793532,0.2964261922000093,0.2804978510617988,0.2607631294023425,-0.1932716131914092,0.5208333333333334,240,0.880486849075827,0.9940980130341392,0.2523970373323227,0.239046625150251,0.2601904148885221,-0.1984881672055354,0.5208333333333334,240,0.822559901158424,41.45701901838457,0.5,36002.73434458636,0.0,114.0,3.0,-0.0069321067974286,-0.0222784655232517,0.5057216498098596,0.5279655472126977,0.5658401283382234,-0.0376935901198303,48.0,-0.1094810688156407,48.0,0.0,5,-1.7977911210978745,197.83530025802696
NYSE_recent,2025,stockmixer_huber,ensemble,10,equal,False,1.0,-0.0903521658799984,0.0324862669624817,-0.0204234159801931,-0.0201025154372261,0.2406456611522194,-0.1770130569979011,0.4475806451612903,248,-0.9829997910390802,-0.8604338040694266,-0.210401015838353,-0.207434711468059,0.2411805804949796,-0.2842268414527413,0.4233870967741935,248,1.0177473574135982,256.4723340682268,0.4233870967741935,183973.9518931419,0.0,808.0,3.0,-0.0138642518479865,-0.0200309795089207,0.4852663173282869,0.5107428379833414,0.5569682056882825,-0.0766922942027846,248.0,-0.1056675730393948,248.0,0.0,1,ensemble,10,equal,False,1.0,-0.0619448048534923,0.0866695722836029,-0.0023467634424905,-0.0022351377868921,0.1989076457859245,-0.1940180031439472,0.4875,240,-0.3621622263449958,-0.2132085426291121,-0.0599518579910665,-0.0571802699618336,0.198454547405926,-0.2028951525599907,0.4833333333333333,240,1.411976041341581,71.16359248361569,0.5208333333333334,53394.13848039028,0.0,193.0,3.0,-0.037588190954427,-0.0623086426456743,0.4671809254928861,0.486429578134685,0.5373263461512039,-0.2632168616132919,48.0,-0.4094844124963769,48.0,0.0,5,-0.6208375646940845,185.30874158461114
NYSE_recent,2025,multiscale_mse,ensemble,10,equal,False,1.0,0.7232305461727019,0.8410957855159835,0.197034098526017,0.1936217827491313,0.2507994388420686,-0.1911202519492031,0.5241935483870968,248,-0.0311214481022643,0.0867075804583249,-0.0092860206394873,-0.009139299117802,0.2508765136010668,-0.2181996376409112,0.4838709677419355,248,0.8800627005337819,221.77580053451305,0.4838709677419355,178428.5972809277,0.0,850.0,3.0,-0.0123497121430475,-0.0198514859356075,0.5155802750462262,0.5280634751913834,0.5676527137232088,-0.0633351008258788,248.0,-0.0948032208547889,248.0,0.0,1,ensemble,10,equal,False,1.0,0.4717446602025419,0.5907202519394045,0.1232887986209545,0.1170871971406186,0.2484588263419609,-0.1932423870234718,0.4958333333333333,240,0.3161119470356714,0.435435483194411,0.0806342788519911,0.0766511043154436,0.2477343266709422,-0.1985881334544431,0.4916666666666666,240,0.9084684997725648,45.78681238853726,0.4583333333333333,38049.96500978604,0.0,158.0,4.0,-0.0001134420300263,-0.0279269487944622,0.5203012041369195,0.519134927052665,0.5540401477926293,-0.0006286817890083,48.0,-0.1322366954236629,48.0,0.0,5,-0.3472333951379357,175.98898814597578
NYSE_recent,2025,multiscale_huber,ensemble,10,equal,False,1.0,0.101770035193705,0.2303742590923436,0.0271756388568717,0.0267385636780641,0.229856648484421,-0.1971878588574455,0.5080645161290323,248,-0.794410882218007,-0.6657681731758105,-0.1640554511837553,-0.1616743615741119,0.229787883871327,-0.2303393761193245,0.4798387096774194,248,0.9626166808383788,242.57940357127148,0.4798387096774194,180319.4910171283,0.0,855.0,4.0,-0.015974091822084,-0.0183433071489581,0.5071072162543423,0.522621460006897,0.5638832040449642,-0.0881081562589701,248.0,-0.0944940138922802,248.0,0.0,1,ensemble,10,equal,False,1.0,0.5673542061028655,0.6864877496804462,0.1501046123999563,0.1424707519028685,0.2481294100601573,-0.1827485041160217,0.5166666666666667,240,0.3562582500797598,0.4758205181156306,0.0913194311533658,0.0867875515433433,0.2472396716112183,-0.1910527319747529,0.5041666666666667,240,1.237333731310236,62.36162005803589,0.4583333333333333,52437.25606682809,0.0,178.0,1.0,-0.0309609096113914,-0.0466511043901783,0.4930567019553848,0.5199836315376453,0.558747672150481,-0.1620492990113842,48.0,-0.2138517779667503,48.0,0.0,5,-1.150669132297767,180.2177835132356
NYSE_recent,2025,ridge,ensemble,10,equal,False,1.0,0.0890001930642504,0.2063551005665401,0.0208986638375086,0.0205635516224411,0.2518900701762676,-0.2153428661850444,0.4879032258064516,248,-1.0700084484069443,-0.9527248021216422,-0.2378718509717555,-0.2345786464971457,0.2520431178816918,-0.3176103066261901,0.4556451612903225,248,1.3648087306020518,343.93180011171705,0.4556451612903225,239585.98076284904,0.0,1034.0,2.0,-0.0067565343676909,-0.0159847987698228,0.4870556719307491,0.511370642892193,0.5574849643394613,-0.0344890962419412,248.0,-0.0803700125110633,248.0,0.0,1,ensemble,10,equal,False,1.0,0.8933505111551837,0.9989827528933318,0.2722700619536935,0.2577645232999421,0.2798438753156332,-0.248744282746562,0.5208333333333334,240,0.6982561337703501,0.8042962020466389,0.2041637226993937,0.1935575676599583,0.2787676051778919,-0.2566858677365352,0.5166666666666667,240,1.2787272397570109,64.44785288375336,0.5416666666666666,55185.781529161,0.0,207.0,4.0,-0.0150845181291278,-0.0340738021968079,0.5379823526251214,0.5404383470222308,0.5686289398094191,-0.0785844396677387,48.0,-0.1670311794167593,48.0,0.0,5,-1.7682645821772944,279.4839472279637
NYSE_recent,2025,momentum126,ensemble,10,equal,False,1.0,0.6514942435541998,0.7883152080430988,0.1584586984757288,0.1557571206433252,0.2160526787448537,-0.2250512297540837,0.5040322580645161,248,0.4933582696451268,0.6301712098518792,0.119568535104628,0.1175632244489872,0.2160653505553577,-0.2313811968433379,0.5040322580645161,248,0.1612930638498291,40.64585209015695,0.5040322580645161,33812.53209897741,0.0,106.0,3.0,0.002697771093352,0.0141936266295174,0.5154054872933813,0.5353043251619027,0.5790077847148859,0.012233849726037,248.0,0.0611276763621934,248.0,0.0,1,ensemble,10,equal,False,1.0,0.4920885231381957,0.6272312364180715,0.1200445221104773,0.1140142569793356,0.2187356992386435,-0.2316619565124731,0.4916666666666666,240,0.4224155806115205,0.5577312170613234,0.1030472695582924,0.0979077034463988,0.2184561715249149,-0.2338330778666147,0.4875,240,0.3644566524917791,18.368615285585676,0.6041666666666666,14433.35785920211,0.0,43.0,2.0,-0.0022850585392983,0.0100745453648162,0.5062048416455577,0.5315200217606408,0.5775545493598987,-0.0108170402513451,48.0,0.0457654869782689,48.0,0.0,5,0.07094268903360629,22.277236804571274
NYSE_recent,2025,reversal5,ensemble,10,equal,False,1.0,0.2574289658803404,0.3681543792921398,0.0652209954614928,0.064153227858257,0.2669715558102495,-0.2281939330224884,0.5120967741935484,248,-0.2467032516239842,-0.1360903462871122,-0.0690647255838574,-0.0680066187883394,0.2672431014830905,-0.2468937150258761,0.4838709677419355,248,0.630790389128313,158.95917806033486,0.4838709677419355,123204.21522014946,0.0,775.0,4.0,0.0111263062175817,0.0050907643394702,0.5068579713406576,0.5255735771816872,0.5695826245308433,0.0519892605169253,248.0,0.0245612446236124,248.0,0.0,1,ensemble,10,equal,False,1.0,0.4513792172396898,0.5756652323425833,0.1150609849047259,0.1092930836391548,0.2378428165213013,-0.1907528136942019,0.5208333333333334,240,0.2036810038360104,0.3285472812270098,0.0513120241215236,0.0488099334588401,0.2367375443869199,-0.1983643348165132,0.4875,240,1.3943359475637582,70.27453175721342,0.5416666666666666,56485.98157500704,0.0,211.0,4.0,0.030663702137643,0.0069950070521823,0.4939083862262987,0.5231068862862923,0.5700868332083924,0.148521860080196,48.0,0.035262270012131,48.0,0.0,5,-0.4503842554599946,88.68464630312144
NASDAQ_recent,2022,think,ensemble,10,equal,False,1.0,-0.6415592831273067,-0.532426228498952,-0.1653515826746031,-0.1635537172369247,0.2708669338263057,-0.2371992408806936,0.4578313253012048,249,-1.5663282920340582,-1.4573231176495725,-0.3508912876873588,-0.3475432109715088,0.2711847034161375,-0.3670490868172303,0.4377510040160642,249,1.15291297930013,290.5340707836328,0.4377510040160642,196228.4990996564,0.0,1233.0,1.0,0.0037496795269075,-0.007158822997188,0.4976766198403292,0.5217519134183817,0.5715902302609626,0.019452624499685,249.0,-0.0358353768457162,249.0,0.0,1,ensemble,10,equal,False,1.0,-0.3243864839880002,-0.2113116544340765,-0.0853756429550732,-0.0831055315616517,0.2614245451697469,-0.1956840849938832,0.4530612244897959,245,-0.4613296808098006,-0.3481434774537379,-0.1173968758491821,-0.1143299160640261,0.261167306701588,-0.2103823601544684,0.4530612244897959,245,0.8074309865230967,40.69452172076407,0.4693877551020408,32575.450822697974,0.0,282.0,7.0,-0.0021920418991122,-0.0014119054774861,0.5075941546817853,0.5358817214405035,0.5770594261250908,-0.01206729046502,49.0,-0.0080136635652723,49.0,0.0,5,-1.1049986112242576,249.8395490628687
NASDAQ_recent,2022,think_huber,ensemble,10,equal,False,1.0,-0.3766155295282422,-0.2521773181317996,-0.0842247565369205,-0.08326504145195,0.2375519187760219,-0.1775656355066698,0.4578313253012048,249,-1.3204580315710228,-1.1962658857400432,-0.2688470165819768,-0.2661163609926351,0.2380225874067094,-0.2993340643965326,0.4337349397590361,249,1.0304179736203285,259.6653293523227,0.4337349397590361,184729.5881666113,0.0,1356.0,2.0,0.0064116071784059,-0.0010864460418455,0.510622684018406,0.5311094791404334,0.5750646296389632,0.0364661768488051,249.0,-0.0056842472570687,249.0,0.0,1,ensemble,10,equal,False,1.0,-0.4621484569834795,-0.3379271580660197,-0.1029044207931746,-0.1001942746994286,0.2379667266715909,-0.1492466533092789,0.473469387755102,245,-0.6080468226008403,-0.4837167275801499,-0.1333839467751708,-0.1299308604671198,0.2377584918708689,-0.1634491924024693,0.4653061224489795,245,0.7881629885625652,39.72341462355328,0.4693877551020408,30668.87776859501,0.0,293.0,6.0,-0.0043561763679499,-0.0128784494062521,0.5042900792430605,0.5318111332909338,0.5735908323373663,-0.0301450049263177,49.0,-0.0870041957528318,49.0,0.0,5,-0.7124112089701825,219.94191472876943
NASDAQ_recent,2022,think_mix,ensemble,10,equal,False,1.0,-0.7016014901737437,-0.6096319904648768,-0.2191965906299958,-0.2168932516622127,0.3214167303275131,-0.3488092256805355,0.4819277108433735,249,-0.7607303662555437,-0.6687771312678888,-0.2339610849732847,-0.231526671871996,0.3214735826341486,-0.3544126223964197,0.4819277108433735,249,0.0907173903753613,22.860782374591047,0.4819277108433735,14666.10357752886,0.0,177.0,2.0,-0.0058083657097808,-0.0086305852147065,0.5091607975603739,0.5232054890829578,0.5709138058121286,-0.0346941463388281,249.0,-0.0496553545379264,249.0,0.0,1,ensemble,10,equal,False,1.0,-0.6540765777182003,-0.5605109223910549,-0.2029083269327951,-0.1978711190424924,0.3159336166986163,-0.298042118171117,0.4653061224489795,245,-0.6794651004013862,-0.5859131293141259,-0.2093196187666345,-0.2041444127157384,0.3159798296361778,-0.3024194665394555,0.4653061224489795,245,0.1945188151882937,9.803748285490004,0.5102040816326531,6661.90160457529,0.0,43.0,1.0,-0.0124098189922832,-0.0191678538376055,0.5124872827693784,0.5190566950100234,0.5672783788727519,-0.0655145357796037,49.0,-0.0965210751614016,49.0,0.0,5,-0.0812652658541575,13.057034089101043
NASDAQ_recent,2022,think_mix_huber,ensemble,10,equal,False,1.0,-0.5763079954274437,-0.4773908240297956,-0.170645241506381,-0.1687958216410845,0.2988412979122453,-0.2880791769882944,0.4538152610441767,249,-0.6215960668564045,-0.5226833376330818,-0.1818146417780862,-0.1798577543092503,0.2988547188859803,-0.2927231430981588,0.4538152610441767,249,0.0665193689865774,16.76288098461752,0.4538152610441767,11336.841953583007,0.0,63.0,1.0,-0.0073845590849309,-0.0108342323252868,0.5111755184115718,0.528582791035057,0.5698750741485571,-0.0476266265335129,249.0,-0.0688289390552466,249.0,0.0,1,ensemble,10,equal,False,1.0,-0.5551612495846712,-0.4643895125481901,-0.184561573265915,-0.1799269695385676,0.325657928903584,-0.2921658193451593,0.4571428571428571,245,-0.5701644798987168,-0.4794088855607382,-0.1885820715375157,-0.1838582730016257,0.3257158536827623,-0.2942759130624576,0.4571428571428571,245,0.1203712289854325,6.066709940865802,0.5102040816326531,4185.685826744173,0.0,30.0,2.0,-0.008647021366184,-0.0116873192827727,0.5082638317436946,0.521463697236767,0.56744959605216,-0.0453513620704915,49.0,-0.0587446279498926,49.0,0.0,5,-0.05143158695768768,10.696171043751718
NASDAQ_recent,2022,stockmixer,ensemble,10,equal,False,1.0,0.1462779008628023,0.2439887612944695,0.0287756505294976,0.0284282597366938,0.3025307090295652,-0.1613922544516356,0.5060240963855421,249,-0.4668754444490294,-0.3690898689435273,-0.1453219335877748,-0.1437226958044579,0.3022995542386297,-0.2466206769788007,0.4819277108433735,249,0.8684355268375635,218.845752763066,0.4819277108433735,155947.75322832918,0.0,748.0,6.0,0.0100807179791459,0.0048734687547152,0.5259564957410372,0.5400771044378807,0.5806482980160508,0.0470287707764877,249.0,0.0213372764075646,249.0,0.0,1,ensemble,10,equal,False,1.0,0.1077288874645671,0.2237242089990856,0.0251310716967769,0.0244245307208272,0.2548424841210893,-0.1542376165695285,0.4857142857142857,245,-0.0843236528317374,0.0318312513688748,-0.0237255981204493,-0.0230742172056727,0.2544923616417165,-0.1722788902220501,0.4816326530612245,245,1.134761061307179,57.19195748988183,0.4897959183673469,44225.75396946288,0.0,230.0,4.0,0.0359320370445917,0.0379467710120021,0.5150650937498676,0.5388924888261287,0.5846236086669837,0.2372640661741745,49.0,0.2323019769627949,49.0,0.0,5,-0.382551791617292,161.6537952731842
NASDAQ_recent,2022,stockmixer_huber,ensemble,10,equal,False,1.0,-0.2985213771398427,-0.1986447383447031,-0.0973165134379351,-0.0962156079601195,0.2959704716026117,-0.2319788765893022,0.5100401606425703,249,-1.0291916685079427,-0.9291300291905316,-0.2724915916334433,-0.2697311051211958,0.295423261980653,-0.3271490429785864,0.4859437751004016,249,1.0219274690109597,257.5257221907618,0.4859437751004016,167147.07304160536,0.0,603.0,3.0,0.0086736933475968,0.0040252214943374,0.5159237565814105,0.5326663100454107,0.5786427345474093,0.0395086704636181,249.0,0.0168363729086244,249.0,0.0,1,ensemble,10,equal,False,1.0,0.1630486964780622,0.2750919367047188,0.0387245865805747,0.0376289179651889,0.2638314977903352,-0.1608939508234262,0.4938775510204081,245,-0.033417510133186,0.078809490079511,-0.0136259984764793,-0.0132500173926375,0.2633995012809471,-0.1679262999785324,0.4816326530612245,245,1.2129033802092728,61.13033036254735,0.5102040816326531,47468.0645493487,0.0,138.0,2.0,0.0346298088994563,0.0394841970440203,0.5120652382741344,0.5380008025657644,0.5887232898671186,0.1899879431448584,49.0,0.2250320546452216,49.0,0.0,5,-0.9957741583747568,196.39539182821449
NASDAQ_recent,2022,multiscale_mse,ensemble,10,equal,False,1.0,0.1388136462112818,0.2328571308876702,0.0244892494066992,0.024194212221541,0.3143283767929428,-0.1754049469505431,0.4859437751004016,249,-0.3551328368508016,-0.26103445722605,-0.1227862636425414,-0.1214171124910218,0.3141450044534619,-0.2325682627197537,0.4698795180722891,249,0.7229351476841566,182.17965721640743,0.4698795180722891,134039.37329345098,0.0,781.0,4.0,0.0068192128899676,-0.0021725242719656,0.5251595161220572,0.541833809983205,0.5798116963140599,0.0311549884646085,249.0,-0.0094397736303763,249.0,0.0,1,ensemble,10,equal,False,1.0,-0.3645001964069949,-0.2470887027141106,-0.0894610258840553,-0.0870875373461681,0.2517686723550532,-0.232661193567946,0.4489795918367347,245,-0.4889075081569993,-0.3714843809984975,-0.1175405038169215,-0.1144700399121974,0.251743728868499,-0.243517468388745,0.4448979591836735,245,0.7305934452836962,36.82190964229829,0.4081632653061224,26693.416665144603,0.0,206.0,0.0,0.0019227794405731,0.0077764191579767,0.5136839706083994,0.5369350544068935,0.5820332248075484,0.0138600883273385,49.0,0.0497430799798379,49.0,0.0,5,0.1337746713061977,145.35774757410914
NASDAQ_recent,2022,multiscale_huber,ensemble,10,equal,False,1.0,0.0421369846829414,0.1453069734202794,0.0008243133906824,0.0008144961406935,0.2865226239535584,-0.1987651354211657,0.4899598393574297,249,-0.8747459418680028,-0.771398812158251,-0.230094012749247,-0.2276936082483848,0.2860315131083108,-0.2952388432122397,0.4698795180722891,249,1.2228242393269595,308.1517083103939,0.4698795180722891,209744.0154110538,0.0,978.0,3.0,0.008847018778969,0.0034628138124165,0.5249027054831576,0.5399480007812446,0.5795704119964871,0.0431908157235681,249.0,0.0161974595528623,249.0,0.0,1,ensemble,10,equal,False,1.0,-0.6276137279340577,-0.5045039980413982,-0.139203268977725,-0.1356116091726134,0.2401153500381754,-0.2453469344090842,0.4693877551020408,245,-0.7572605809102725,-0.6341351628186048,-0.1655836735105853,-0.1613773182011879,0.2400847554017899,-0.2558642205508299,0.4653061224489795,245,0.726098039763249,36.59534120406776,0.4285714285714285,25776.895097934157,0.0,220.0,1.0,-0.0010629850912356,0.0086749525589813,0.5011947275162194,0.5289551550858402,0.572631704092474,-0.0078637770688371,49.0,0.0619500906098793,49.0,0.0,5,-0.11748536095773032,271.5563671063261
NASDAQ_recent,2022,ridge,ensemble,10,equal,False,1.0,-0.5469255987552744,-0.4388668786195969,-0.1456426664526607,-0.1440402041276204,0.2735599297230734,-0.2444344715958584,0.5060240963855421,249,-1.7158291420159306,-1.6076761329140865,-0.3794482998685033,-0.3759133411613322,0.2733214372098048,-0.3944043748267414,0.4578313253012048,249,1.484463944453449,374.0849140022693,0.4578313253012048,232552.10379175676,0.0,1272.0,6.0,0.0158514389083504,0.0029877552556242,0.5118081622182005,0.5320502298063109,0.5761142893551547,0.0743399835551686,249.0,0.0148796646018297,249.0,0.0,1,ensemble,10,equal,False,1.0,-0.566968718744585,-0.4640323891563909,-0.1600073135459701,-0.1559290317281272,0.2871730127209773,-0.3045342378044554,0.4653061224489795,245,-0.7625036199208409,-0.6594575260820345,-0.2056686999101177,-0.2005719046161707,0.2868671172778493,-0.3230562121943464,0.4653061224489795,245,1.2864780281199502,64.83849261724549,0.4693877551020408,47339.95464692983,0.0,300.0,4.0,-0.0020852784900975,-0.0126389799182773,0.507968915588596,0.530290922291778,0.5691382013995261,-0.0094823592023067,49.0,-0.0542055599483798,49.0,0.0,5,-0.9533255220950897,309.2464213850238
NASDAQ_recent,2022,momentum126,ensemble,10,equal,False,1.0,-0.983635022274186,-0.8566158300709156,-0.2026576741737754,-0.2005050706648651,0.2327249557608198,-0.2786935739319106,0.465863453815261,249,-1.141039651087836,-1.014078621167971,-0.2314809944554282,-0.2290683658546719,0.2328315696945681,-0.2972421758799944,0.4578313253012048,249,0.1699974313071478,42.83935268940126,0.4578313253012048,29492.4679504251,0.0,294.0,4.0,-0.0038312949484778,0.008057831005651,0.5209258215915643,0.537989364051142,0.5825921191461109,-0.0165692358203572,249.0,0.0350172450858213,249.0,0.0,1,ensemble,10,equal,False,1.0,-0.956788330094438,-0.8271077746488494,-0.1930941490628391,-0.1882708945786289,0.2279488685463274,-0.2559646103542076,0.473469387755102,245,-1.033369231391073,-0.9036709228971264,-0.2070402705520988,-0.2019139644438496,0.2279176670038133,-0.2645071035108078,0.4693877551020408,245,0.4000892511991746,20.164498260438403,0.4081632653061224,14268.991767630076,0.0,149.0,5.0,-0.0163296947738918,0.000449569033529,0.5231574406278067,0.5333251317986891,0.5768258146789245,-0.0780112742328326,49.0,0.0021855422948719,49.0,0.0,5,-0.10767041969676305,22.674854428962856
NASDAQ_recent,2022,reversal5,ensemble,10,equal,False,1.0,-0.7876685752160497,-0.6904328622740226,-0.2258898723492308,-0.2235267007535507,0.3040090414507006,-0.3148747598537113,0.465863453815261,249,-1.2269065145276028,-1.1297050603515455,-0.322899000711262,-0.3197485361135196,0.3041161897921745,-0.3794966570097579,0.4497991967871486,249,0.6173823817845444,155.58036020970522,0.4497991967871486,101805.7115237902,0.0,848.0,2.0,0.0018239269417398,-0.0022255725403706,0.5002513273404325,0.5254578069172741,0.5738575688632586,0.0075813111298349,249.0,-0.0095936511488491,249.0,0.0,1,ensemble,10,equal,False,1.0,-0.5038846370010449,-0.4032299730386172,-0.149111891508341,-0.1452867400130224,0.2936827239055257,-0.2779522574639025,0.473469387755102,245,-0.6917203744105529,-0.5910049233816657,-0.1946858188903454,-0.1898276439072632,0.2935054709510522,-0.2858394241153665,0.4612244897959183,245,1.2716933879659675,64.09334675348477,0.4897959183673469,46356.59722147982,0.0,260.0,2.0,-0.0227801437963641,-0.0003236019825876,0.4863330467467844,0.5181832352758385,0.5709090987343658,-0.0949581556944332,49.0,-0.0013812208510586,49.0,0.0,5,-0.5351861401170499,91.48701345622045
NASDAQ_recent,2023,think,ensemble,10,equal,False,1.0,1.64249426821023,1.8030606995481968,0.3701587816689351,0.363326673923096,0.1841015935893909,-0.1175577888459246,0.5282258064516129,248,0.535831636917414,0.6965561927984943,0.117711041640558,0.1157384651990136,0.1839204701747808,-0.1523809404722449,0.4919354838709677,248,0.921826460899704,232.30026814672536,0.4919354838709677,210746.4648345053,0.0,1355.0,6.0,0.0105201165140989,0.0079280160817873,0.5190039290267289,0.539220571664728,0.5817669766606705,0.0611442507891574,248.0,0.0448073350684613,248.0,0.0,1,ensemble,10,equal,False,1.0,0.5244525968584641,0.6893596723260667,0.1135950920402242,0.1102718464976855,0.1792557159992118,-0.1466515659012532,0.4816326530612245,245,0.2623034030744058,0.4273421465667088,0.0624734854139117,0.0606865026772935,0.1791127056639266,-0.1621885020743668,0.4816326530612245,245,1.059191890192008,53.3832712656772,0.4285714285714285,45262.05301497341,0.0,311.0,6.0,-0.002692103292276,0.0164296744150993,0.5246827561486861,0.5359705826315747,0.5826964465350988,-0.0136841185325068,49.0,0.079808449593287,49.0,0.0,5,0.2735282338430082,178.91699688104816
NASDAQ_recent,2023,think_huber,ensemble,10,equal,False,1.0,0.8923805781259718,1.0573867152651168,0.1893637312531575,0.1860943021099059,0.1791480995725242,-0.1267917260008833,0.532258064516129,248,-0.2205358262813161,-0.0554963064785928,-0.025566614468847,-0.0251659453374704,0.1791118631562655,-0.1896390831976463,0.5080645161290323,248,0.9051745726281476,228.1039923022932,0.5080645161290323,188243.97175868065,0.0,1186.0,5.0,0.0070006446572383,0.0037420730592498,0.519095443761839,0.5312366901027706,0.5804199159894262,0.0404284234031032,248.0,0.0213714818318512,248.0,0.0,1,ensemble,10,equal,False,1.0,0.9957251185747062,1.1544196238379911,0.2186448678656529,0.2119694900272801,0.1862732161850104,-0.1405469711592497,0.5102040816326531,245,0.7860848830494711,0.9448177951203178,0.1719672993176115,0.1668127731646238,0.1862281457615261,-0.1492284562171706,0.5102040816326531,245,0.883404923707693,44.52360815486772,0.4489795918367347,39004.24761813234,0.0,279.0,4.0,-0.0008369820929287,0.0123778036331989,0.5227649248773512,0.5388268845829959,0.5832735317875374,-0.0047341929952139,49.0,0.0656487749419088,49.0,0.0,5,-1.0066207093307873,183.58038414742546
NASDAQ_recent,2023,think_mix,ensemble,10,equal,False,1.0,1.003044234206237,1.1422163970675294,0.2462055063367982,0.2418592301410906,0.2124026477604071,-0.1340014241685262,0.5362903225806451,248,0.963470963188618,1.1025975343631125,0.2358470786755866,0.2317001026426355,0.212472251969798,-0.1367030311867337,0.5362903225806451,248,0.0385691834538526,9.719434230370856,0.5362903225806451,8697.390967593055,0.0,144.0,3.0,0.001473953828822,-0.0017663216730298,0.5234947859780335,0.541810850445059,0.5828536758432755,0.0104659405774475,248.0,-0.0121274337724711,248.0,0.0,1,ensemble,10,equal,False,1.0,1.1625763478937752,1.3085398191562494,0.2770093018389676,0.2683649309148621,0.2025200937645888,-0.1232151010785584,0.5387755102040817,245,1.1420432680931856,1.2880961839906186,0.2715663870025422,0.2631087174581212,0.2023960679226721,-0.1234876226195655,0.5387755102040817,245,0.0999484714854691,5.037402962867646,0.5102040816326531,4516.949837048112,0.0,35.0,3.0,0.0064971171544832,-0.0012949800208535,0.5275545067830146,0.5441256093833174,0.5822599958189597,0.0449468551223574,49.0,-0.008727938244431,49.0,0.0,5,-0.17857230490456755,4.68203126750321
NASDAQ_recent,2023,think_mix_huber,ensemble,10,equal,False,1.0,0.8788186963323067,1.0197954677369994,0.2115762167335135,0.2078909070323085,0.2096837343609159,-0.1474246267403881,0.532258064516129,248,0.8323367011310541,0.973262431241786,0.1998894264808259,0.1964237247162308,0.209759678825535,-0.1497050881363342,0.532258064516129,248,0.0421864229212751,10.63097857616134,0.532258064516129,10061.674365708684,0.0,247.0,4.0,0.0015763519586032,-0.0019718708068631,0.5234901564218243,0.5402143536238679,0.5833255482438269,0.011311489393352,248.0,-0.0135766001535714,248.0,0.0,1,ensemble,10,equal,False,1.0,1.220085138168498,1.3809867127553537,0.2672429395156994,0.2589331264118006,0.1837181268249441,-0.1317178956585708,0.5061224489795918,245,1.1982882148715253,1.3592734898407524,0.2620602691230382,0.2539271751526748,0.1836226070485749,-0.1321057858233009,0.5061224489795918,245,0.0938045171042122,4.727747662052298,0.5918367346938775,4327.743379298588,0.0,65.0,4.0,0.0073676383961567,5.740075788869508e-05,0.5183493002333766,0.5425012928865152,0.5815093624482347,0.051924929852024,49.0,0.0003984838370269,49.0,0.0,5,-0.3659515137404712,5.9032309141090415
NASDAQ_recent,2023,stockmixer,ensemble,10,equal,False,1.0,0.6674198424342578,0.8137073512861572,0.1549716708203923,0.1523333635880468,0.2020714968644934,-0.1672324104806336,0.5161290322580645,248,-0.3355272640982483,-0.1890529969403163,-0.0567594743428768,-0.0558841909679163,0.2018138507182854,-0.2499912433593057,0.5,248,0.9244662202019464,232.96548749089047,0.5,193711.08038544736,0.0,1084.0,2.0,-0.0189762910416441,-0.0196407890636098,0.5132715439757727,0.5291895348740294,0.5760405245009702,-0.1047118345907194,248.0,-0.1089742178763679,248.0,0.0,1,ensemble,10,equal,False,1.0,0.6938156774773709,0.8665349235931811,0.1430612640144724,0.138823619049718,0.1711478978229241,-0.1531311489779271,0.5306122448979592,245,0.4063537182496949,0.579356491243758,0.0881304710080992,0.085580556395616,0.1708674108206091,-0.1835499135840597,0.5224489795918368,245,1.1352036225501598,57.21426257652806,0.4693877551020408,48669.90580479034,0.0,233.0,9.0,-0.0284913724040169,-0.0303156084128407,0.4769614103960428,0.5141400105236368,0.5612673063830504,-0.1564489172798063,49.0,-0.1678649012813013,49.0,0.0,5,-0.7418809823479432,175.7512249143624
NASDAQ_recent,2023,stockmixer_huber,ensemble,10,equal,False,1.0,1.2234800688870775,1.3755900766393503,0.2820407538436704,0.2769947253141713,0.1943365615655192,-0.1815280483137308,0.4959677419354839,248,0.0159282096214865,0.1680937643691111,0.013997770522675,0.0137740605155398,0.1942656203324662,-0.2328559244812523,0.4798387096774194,248,1.088213189682912,274.22972380009384,0.4798387096774194,237888.19439763285,0.0,778.0,2.0,0.0013016908676829,-0.0042578211544415,0.5151758295174269,0.533572400580904,0.5799007084994213,0.0077012855995514,248.0,-0.0240469540811896,248.0,0.0,1,ensemble,10,equal,False,1.0,0.4099098820830186,0.5884562618113509,0.0873864211269102,0.0848588628772923,0.1655622249594703,-0.1841000326244439,0.5183673469387755,245,0.0758126510689265,0.2546768159638778,0.0289047914273195,0.0280907090100419,0.1652680731416623,-0.2175660500886554,0.5061224489795918,245,1.2770593078375017,64.36378911501008,0.4285714285714285,53409.87873118522,0.0,220.0,5.0,-0.0326456475743266,-0.0288857971288454,0.4892375498489122,0.513307333162477,0.566447384876047,-0.1906855956919974,49.0,-0.1614333487225451,49.0,0.0,5,-0.05988444144744,209.86593468508374
NASDAQ_recent,2023,multiscale_mse,ensemble,10,equal,False,1.0,1.0439696725487984,1.1810064488808472,0.2605634119676354,0.2559386700684887,0.2157124290099623,-0.1566011387963121,0.5282258064516129,248,0.1994118995301133,0.3364291553720044,0.050707067108473,0.0498824468145326,0.2157431609956638,-0.1970458668889677,0.5040322580645161,248,0.8316640684735742,209.57934525534068,0.5040322580645161,181565.6550775577,0.0,1102.0,3.0,0.006640720176358,0.0032046584766838,0.5213766942644337,0.5375092630203359,0.583501213851797,0.0372185362474946,248.0,0.0170915253163945,248.0,0.0,1,ensemble,10,equal,False,1.0,1.3834478071712406,1.518742701573488,0.3606862537634838,0.3490948904666915,0.2184896630200566,-0.1461937578802991,0.5224489795918368,245,1.198747685744313,1.334316304969599,0.3063560130935638,0.2966943446687502,0.218048513403812,-0.1545611574190764,0.5224489795918368,245,0.9286884101307508,46.80589587058983,0.5102040816326531,45137.19866950306,0.0,212.0,6.0,0.032645626810973,0.0318620231350536,0.5401312616950619,0.5613897310529687,0.6029581022440008,0.1696035746937665,49.0,0.1596065816409742,49.0,0.0,5,-0.9993357862141996,162.77344938475085
NASDAQ_recent,2023,multiscale_huber,ensemble,10,equal,False,1.0,0.7355821926450297,0.888182250847151,0.1657305625184522,0.1628965141968223,0.1937124810734196,-0.1439566112817341,0.5362903225806451,248,-0.5631034581100112,-0.4105163396609045,-0.0935569657122806,-0.0921425734707133,0.1937289083556596,-0.2772041659999816,0.5080645161290323,248,1.1555120074734075,291.1890258832987,0.5080645161290323,233178.6039763892,0.0,1102.0,3.0,0.0086758651356429,0.0007171800886834,0.519691464536584,0.5356260168929096,0.583380620287614,0.054131538850089,248.0,0.0043434731904973,248.0,0.0,1,ensemble,10,equal,True,1.0,1.377941600905518,1.5357931535520637,0.3100312939213858,0.300240968980628,0.1872679450449999,-0.1453082202576431,0.5346938775510204,245,1.1272185706887148,1.2851204130185767,0.2499257828698247,0.2422042136015803,0.1872083026398658,-0.1557344827096016,0.5224489795918368,245,1.0743110206344713,54.14527543997736,0.5102040816326531,51454.12157377624,0.0,171.0,2.0,0.0245776417066149,0.018805030959015,0.5420507868679535,0.5589298475337463,0.5999532436293591,0.1505576295133605,49.0,0.1221673904907804,49.0,0.0,5,-1.690322028798726,237.04375044332136
NASDAQ_recent,2023,ridge,ensemble,10,equal,False,1.0,0.3726840032486165,0.5380894003753538,0.0835605162329036,0.0821811041368067,0.1787156670808705,-0.1562585256753935,0.5,248,-1.3932284610208463,-1.2276227091305811,-0.209524467376778,-0.206568843419628,0.1784994515520737,-0.3192528842641291,0.4637096774193548,248,1.4417204284778895,363.3135479764282,0.4637096774193548,267991.6529585028,0.0,1392.0,3.0,-0.0264937633853429,-0.0175082210183714,0.4973966953352012,0.5213751715383446,0.5718584014611361,-0.1318572226504879,248.0,-0.0995945835638387,248.0,0.0,1,ensemble,10,equal,False,1.0,1.286337524672288,1.4418798638360728,0.2917360546879939,0.2825834188493787,0.1900481633824096,-0.1577047571864644,0.5510204081632653,245,0.9914189447492122,1.1472323037843142,0.2210580514278359,0.2143027250606186,0.1897175959066623,-0.1651283916183034,0.5346938775510204,245,1.2793132720806963,64.47738891286708,0.5714285714285714,61199.955521977965,0.0,323.0,5.0,0.0437264007838994,0.0440319688590279,0.541674682876086,0.5575280021063341,0.602177171956299,0.2455545777030416,49.0,0.2250770425069597,49.0,0.0,5,-2.3846474057700586,298.8361590635611
NASDAQ_recent,2023,momentum126,ensemble,10,equal,False,1.0,0.490876265690729,0.63067380819113,0.1174896825776523,0.1155210038916039,0.2114524716069051,-0.1969006850570221,0.5241935483870968,248,0.3371969114999048,0.4769634679706115,0.0817767909038007,0.0804279036942485,0.2114993502932631,-0.2054091980764544,0.5161290322580645,248,0.1516534111410706,38.21665960754979,0.5161290322580645,32636.98068048234,0.0,143.0,5.0,-0.0041007290872075,0.0164904362710207,0.506401860193975,0.5364902350809947,0.5845656705721962,-0.0161314841431012,248.0,0.0700626197748928,248.0,0.0,1,ensemble,10,equal,False,1.0,0.496681336280988,0.6408541238416151,0.1168026498113019,0.1133808749231854,0.2050354743529562,-0.1879846395645775,0.5102040816326531,245,0.4248547130038433,0.5690831376516936,0.100461912520386,0.0975394878434294,0.2049563805363367,-0.1912087359841618,0.5102040816326531,245,0.3438518503443928,17.3301332573574,0.5306122448979592,14411.836096215502,0.0,87.0,3.0,-0.0328172223263448,0.0044534490878673,0.4924872899193279,0.5246651287304865,0.5778782925832668,-0.1353164875429124,49.0,0.0193896459335468,49.0,0.0,5,-0.08765780150393854,20.886526350192394
NASDAQ_recent,2023,reversal5,ensemble,10,equal,False,1.0,1.822362523975939,1.9646985192971316,0.4715797921316682,0.4625831989254991,0.2076813796789451,-0.158336688134412,0.5241935483870968,248,1.1717715177885124,1.3142742486710697,0.2854965286610926,0.2803821883558175,0.2074383817292823,-0.1846774653127992,0.5161290322580645,248,0.6110047282131884,153.97319150972348,0.5161290322580645,146459.8079340685,0.0,1179.0,2.0,0.0145606810092654,0.0045268233047021,0.5281034497132773,0.5445387807784253,0.5841258743867312,0.0650127074402026,248.0,0.0222213059110549,248.0,0.0,1,ensemble,10,equal,False,1.0,0.8033932485688059,0.9641392893401975,0.1740583272787759,0.1688367256321641,0.1838958878515786,-0.1545251813347001,0.5224489795918368,245,0.4969240076937791,0.6580673241074092,0.1095898780057866,0.1063893147751882,0.1834425190207939,-0.1689158243189721,0.5061224489795918,245,1.2959387751299565,65.31531426654979,0.4489795918367347,54865.615753131926,0.0,269.0,4.0,0.0180150718063149,0.0134354100728857,0.5188504493053644,0.5417410890308123,0.5816025269115863,0.0838618651763469,49.0,0.0792876401178346,49.0,0.0,5,0.6748475100947333,88.65787724317369
NASDAQ_recent,2024,think,ensemble,10,equal,False,1.0,0.7222051271131662,0.8661929932384801,0.1700184730580169,0.168561319604771,0.2052987983067571,-0.1684589917797085,0.512,250,-0.4127020604439716,-0.2688188673129292,-0.0732312935132107,-0.0726717443416592,0.2054481502878431,-0.1809610639485813,0.468,250,1.0719257656178425,270.12529293569634,0.468,224855.16469869835,0.0,1218.0,5.0,-0.0026278785586132,0.001702936885643,0.4938430993175105,0.528067767194467,0.5750878879447906,-0.0149549656939409,250.0,0.0093627561546796,250.0,0.0,1,ensemble,10,equal,False,1.0,1.1954158949059217,1.3456571574437797,0.2781727914042351,0.2694884299589881,0.1967537771378383,-0.1008237703151144,0.5510204081632653,245,1.0507559221683218,1.2007427172336829,0.2426897475366087,0.2352120757573061,0.1970875894334519,-0.101396205844257,0.5428571428571428,245,0.6340817439140226,31.957719893266734,0.5714285714285714,29656.09930050276,0.0,183.0,5.0,0.0171300464246606,0.0286405560628881,0.5377412658866939,0.5568180318084538,0.5934771781700281,0.1038447936256371,49.0,0.1766325888821752,49.0,0.0,5,-1.4634579826122933,238.1675730424296
NASDAQ_recent,2024,think_huber,ensemble,10,equal,False,1.0,0.8048398475689471,0.9545795597114486,0.1844817723565877,0.182891260952027,0.1974128002740484,-0.1256619400066174,0.52,250,-0.4542062151636536,-0.304429344213334,-0.0761378466019024,-0.0755570064374646,0.1973638232573724,-0.1512408387652698,0.472,250,1.1448831844490068,288.51056248114975,0.472,241116.07164168372,0.0,1239.0,3.0,-0.0064514580914827,0.0071477447364358,0.4991512543465237,0.5309625949780502,0.5770109350943655,-0.0344754110413643,250.0,0.0372195675233776,250.0,0.0,1,ensemble,10,equal,False,1.0,0.5492257441089888,0.6972301914619186,0.1268150750426373,0.1230841475917834,0.1997273488396698,-0.1035552751714777,0.5346938775510204,245,0.3600744618979149,0.5078181116240599,0.0851143555723841,0.0826549808183192,0.2000799082808232,-0.1045274088304127,0.5346938775510204,245,0.855272794988743,43.105748867432645,0.4897959183673469,37963.60698794394,0.0,201.0,4.0,-0.0110679875884065,-0.0012104641351661,0.5114819099150401,0.5294076851752112,0.5826298653343913,-0.0661589390317923,49.0,-0.0076279538076779,49.0,0.0,5,-0.8142806770615685,245.4048136137171
NASDAQ_recent,2024,think_mix,ensemble,10,equal,False,1.0,1.5558661801795024,1.697600741272362,0.394204149034171,0.3905317944508302,0.2085626516098225,-0.1110612461062655,0.54,250,1.3366177101609498,1.4783550529277198,0.3319475391702933,0.3289208851474614,0.2085585584521873,-0.1197299805782898,0.54,250,0.222059716611705,55.95904858614967,0.54,56378.2637052244,0.0,123.0,1.0,0.0153465582342984,0.0175931183463099,0.5185962439207182,0.543304773293281,0.5878249492911218,0.0932924817883893,250.0,0.1109066184243374,250.0,0.0,1,ensemble,10,equal,False,1.0,0.9614697968250268,1.1147340897663114,0.2170220522626971,0.2104003659824842,0.1928729472402665,-0.0952983290644022,0.5387755102040817,245,0.8933303235064037,1.0464402186347743,0.2013065741242741,0.1952018224848031,0.1930674425810097,-0.0960027548222256,0.5346938775510204,245,0.2955876822735042,14.897619186584608,0.5510204081632653,14285.477513017102,0.0,124.0,2.0,0.0190906518202978,0.0161675722250869,0.5327171850716242,0.544212577066123,0.5897772380548478,0.1199060005178413,49.0,0.1088694846756894,49.0,0.0,5,0.44328738665454603,41.061429399565064
NASDAQ_recent,2024,think_mix_huber,ensemble,10,equal,False,1.0,0.7563349912894117,0.9157518590244198,0.1649195483794967,0.1635090749404404,0.1854291600774541,-0.1127543204740638,0.52,250,0.4787879968878249,0.6381986687124438,0.1065097634881253,0.1056213058241124,0.1854363672640637,-0.1186797074883562,0.52,250,0.239130283237282,60.260831375795085,0.52,56233.67208025309,0.0,180.0,1.0,0.0168151525987634,0.0229914944851816,0.525275671716954,0.5428262130811665,0.5874689499430006,0.0918752536784813,250.0,0.120370019795888,250.0,0.0,1,ensemble,10,equal,False,1.0,1.6492516266075252,1.796748694835011,0.4047456702347027,0.3915466367360702,0.2004143963098282,-0.108444857761626,0.5551020408163265,245,1.593453265554259,1.7408697296799756,0.3893552051840987,0.3767220129689821,0.2005239785229958,-0.109082942782823,0.5551020408163265,245,0.256188652470639,12.911908084520208,0.5714285714285714,12722.71146658886,0.0,45.0,2.0,0.0450150509174952,0.0442251186677594,0.5511736541170857,0.5709453033271533,0.6005799093014247,0.2167714653925143,49.0,0.2250726809237561,49.0,0.0,5,-1.114665268666434,47.34892329127488
NASDAQ_recent,2024,stockmixer,ensemble,10,equal,False,1.0,0.3034780508860312,0.4504352307074455,0.073073778842396,0.0724733047601884,0.2011506747897842,-0.1273687499951273,0.508,250,-0.9435149066988108,-0.7965619435080571,-0.1650559974643994,-0.1638597757702259,0.2011564465556901,-0.1760852470787083,0.452,250,1.1694353018503836,294.69769606629666,0.452,234758.7415372022,0.0,1017.0,0.0,0.0007991360725651,0.0013659826665182,0.5189625614075838,0.5364944423464264,0.5777560378333904,0.0043100971194975,250.0,0.0074062475909963,250.0,0.0,1,ensemble,10,equal,False,1.0,0.562401722994735,0.7209690967895487,0.1242367143486378,0.1205856284743669,0.1864225608259901,-0.0949423711139323,0.5224489795918368,245,0.3623808298194081,0.520357128422704,0.0832332334331926,0.0808302131799925,0.1871200689447248,-0.0965181030007182,0.5102040816326531,245,0.8743660670948079,44.06804978157832,0.5306122448979592,37844.86562399629,0.0,139.0,5.0,0.001215528051236,0.0014306910446824,0.5238479821232018,0.5358174100166495,0.5779696391836979,0.0073201341278257,49.0,0.0085588548315906,49.0,0.0,5,-1.3058957365182189,250.62964628471835
NASDAQ_recent,2024,stockmixer_huber,ensemble,10,equal,False,1.0,-0.2180524238431632,-0.0615158098554547,-0.0288160513994732,-0.0285906536402298,0.1888410329905455,-0.1282006378245559,0.5,250,-1.6763237190499365,-1.519998992617415,-0.2630990433623293,-0.2613113452712849,0.1890969941920295,-0.2769360371104363,0.44,250,1.306257641535177,329.17692566686463,0.44,241927.15116324116,0.0,941.0,2.0,-0.0041231178516543,0.0009454581093242,0.5024861197169718,0.5213501400458977,0.5750383161656631,-0.0230313255414516,250.0,0.0052758317002999,250.0,0.0,1,ensemble,10,equal,False,1.0,0.3965232471854577,0.5726186398209943,0.085527549823815,0.0830557848551243,0.1678666059563659,-0.0840202857112768,0.5224489795918368,245,0.0596215018359264,0.2346539936598949,0.0257349985904022,0.0250112723910802,0.1688859912707546,-0.0915873328544545,0.5142857142857142,245,1.33162179768007,67.11373860307552,0.5102040816326531,56472.0893888678,0.0,179.0,2.0,-0.0005212141769862,-0.000111900785794,0.4969578632138777,0.5285176901944728,0.5745329778200832,-0.0030193573417945,49.0,-0.0006573675222948,49.0,0.0,5,-1.7359452208858628,262.0631870637891
NASDAQ_recent,2024,multiscale_mse,ensemble,10,equal,False,1.0,0.4486177589397629,0.5977730723439846,0.1041299889520182,0.1032622938839775,0.1981862745054879,-0.1004388165673189,0.5,250,-0.7642829590188556,-0.6151941442443563,-0.1318979223122862,-0.1309228549520075,0.1982746722548722,-0.2013133824176101,0.464,250,1.1184023158245118,281.83738358777697,0.464,233285.31558741332,0.0,1187.0,5.0,-0.0053794515830466,-0.0003219140554496,0.5189041301168761,0.5356699881694811,0.5775493705202294,-0.0317802357189466,250.0,-0.001870318974276,250.0,0.0,1,ensemble,10,equal,False,1.0,0.2460273676720721,0.4064962680734646,0.0596833288002656,0.0579783139831566,0.1842134881733423,-0.097905636120555,0.5183673469387755,245,0.0741958702696334,0.2342485727147389,0.0266148475804977,0.0258660674013204,0.1846925133702116,-0.1012143827739645,0.5183673469387755,245,0.7383087371732705,37.210760353532834,0.5306122448979592,31695.235905199064,0.0,195.0,4.0,-0.0218514151281454,-0.0205738546303348,0.4988092309175774,0.5222868687196517,0.5727057903060851,-0.1743684369485585,49.0,-0.1736486285496727,49.0,0.0,5,-0.8384788292884889,244.62662323424414
NASDAQ_recent,2024,multiscale_huber,ensemble,10,equal,False,1.0,0.4348544475724373,0.5852529679119605,0.100827381889855,0.0999884338897001,0.1965480499379151,-0.1040126842100797,0.496,250,-0.885097299878054,-0.734830347342085,-0.1509291625220604,-0.1498259167203108,0.1967201396408524,-0.2279320621727855,0.452,250,1.2102378254595556,304.979932015808,0.452,251838.89187479304,0.0,1228.0,4.0,-0.0105589964237748,-0.0073318993572326,0.5084316807522534,0.5316342786603981,0.5777492200809207,-0.0619041843984318,250.0,-0.0423083987717528,250.0,0.0,1,ensemble,10,equal,False,1.0,0.1122945829893259,0.2843619396003142,0.0347349386643573,0.0337539780940678,0.1717963038922712,-0.0862400418526263,0.5346938775510204,245,-0.1218305500686937,0.0496878939673175,-0.0062188871999152,-0.0060466636752964,0.1723461057055459,-0.0911282893003886,0.5183673469387755,245,0.9325381926459894,46.999924909357865,0.4897959183673469,39310.13135792828,0.0,272.0,4.0,-0.0413078194237704,-0.0448416594299474,0.5058036154738051,0.5134688611086554,0.5654296208509103,-0.3119088518981476,49.0,-0.349089823361677,49.0,0.0,5,-0.7632667498093603,257.98000710645016
NASDAQ_recent,2024,ridge,ensemble,10,equal,False,1.0,0.3547508733047923,0.5169464701418012,0.0808988487599235,0.0802317029570152,0.1822523944098599,-0.1043605764101938,0.492,250,-1.3338825769013958,-1.171667766351997,-0.2055034201983142,-0.204051529836449,0.1822308073237194,-0.2280770269420268,0.428,250,1.4290804438823912,360.1282718583625,0.428,282939.5756532576,0.0,1362.0,1.0,-0.0032039167145374,-0.0057471684998461,0.5021355055909349,0.5249379278661167,0.5729696958866752,-0.0166027689985558,250.0,-0.0301317621338619,250.0,0.0,1,ensemble,10,equal,False,1.0,-0.4125274401287457,-0.2171617856779014,-0.0432926547627134,-0.0421157730579322,0.1513087649381014,-0.1087223470192026,0.5061224489795918,245,-0.7956207697518451,-0.6011730707591552,-0.097799366492875,-0.0952164260797474,0.1520230686164738,-0.1282378890610239,0.4816326530612245,245,1.3535271362148948,68.2177676652307,0.4489795918367347,54593.27667939523,0.0,297.0,4.0,-0.0228261654855284,-0.0438220963254099,0.5047682316021854,0.520269932378571,0.563818457513713,-0.103725606126288,49.0,-0.220128159748548,49.0,0.0,5,-0.5382618071495506,291.9105041931318
NASDAQ_recent,2024,momentum126,ensemble,10,equal,False,1.0,0.4064170713413423,0.5446911017998756,0.098344690730086,0.0975273016446651,0.213782268356935,-0.1389439070706672,0.536,250,0.2731476486825804,0.41132180992969,0.0675102583625724,0.0669569140588539,0.2139367854270186,-0.1422149835951275,0.524,250,0.1341724464065497,33.81145649445053,0.524,28544.54913710993,0.0,169.0,4.0,0.0231584297221066,0.0082919738510298,0.5278521488291942,0.5429409484434462,0.5854220754251795,0.1008681782388628,250.0,0.0418485097867193,250.0,0.0,1,ensemble,10,equal,False,1.0,0.4780282366479863,0.6182994969957814,0.1143545318800844,0.1110079804119321,0.2107383637459832,-0.1398000477796798,0.5346938775510204,245,0.4096436044059405,0.5498774681312216,0.0984284710678113,0.0955677303169506,0.2107945620338208,-0.1426214384597683,0.5306122448979592,245,0.3372104486017135,16.995406609526366,0.5306122448979592,14333.084594391325,0.0,74.0,4.0,0.0461229656162223,0.0017510223672562,0.512000368637677,0.5393927240525569,0.5784898962899293,0.219972650033958,49.0,0.0104918432172979,49.0,0.0,5,-0.1364959557233601,16.816049884924166
NASDAQ_recent,2024,reversal5,ensemble,10,equal,False,1.0,0.4198156421938356,0.5675034006273817,0.0982238625470084,0.0974075215699161,0.2001556269782663,-0.1059481712063158,0.52,250,-0.2578602852574417,-0.1102374021779137,-0.0411134146288987,-0.0407938659067538,0.2002435887284236,-0.1449064979068594,0.5,250,0.6239792182612486,157.24276300183462,0.5,133244.43417573126,0.0,1114.0,5.0,0.0042196915076227,0.0097182045485205,0.5059324034718151,0.5339499969109179,0.5794308338496924,0.0204229692613163,250.0,0.0484812505550307,250.0,0.0,1,ensemble,10,equal,False,1.0,-0.2437698555871551,-0.0753394765567121,-0.028180419607097,-0.0274084584929115,0.1755059630955187,-0.152864124375941,0.5183673469387755,245,-0.5673846951069825,-0.3994334656772431,-0.0821941657949061,-0.0800049012656123,0.1760066656650911,-0.1729988029120065,0.5020408163265306,245,1.3247567148107844,66.76773842646354,0.5714285714285714,54682.31663822861,0.0,274.0,3.0,-0.0213010473758481,0.0004569608654849,0.4915986002735252,0.5127551151642271,0.5722238218469226,-0.1131879363931689,49.0,0.0024403831670582,49.0,0.0,5,0.3095244098495408,90.47502457537108
NASDAQ_recent,2025,think,ensemble,10,equal,False,1.0,0.4977898657328581,0.6036945894636616,0.1393337079963124,0.1369771196660865,0.2791238657250106,-0.1961187086221699,0.5282258064516129,248,-0.2928500730903229,-0.1870253193309036,-0.0864055325493972,-0.0850941135149208,0.2793347948957549,-0.2270445542083555,0.4758064516129032,248,1.0286551541847349,259.2210988545532,0.4758064516129032,204184.93642193588,0.0,917.0,3.0,-0.0036428082151546,-0.007953238970499,0.5133951410984259,0.5323404955289589,0.5748140764539535,-0.0194678119641653,248.0,-0.0413491913453657,248.0,0.0,1,ensemble,10,equal,False,1.0,0.9152651283999648,1.0222024019275655,0.277225767588473,0.2624299998514805,0.2764287409913394,-0.2334949159389756,0.5,240,0.8291210204819394,0.9361223669138214,0.2470823534706225,0.2340384708851668,0.2762632141745961,-0.2348514227532989,0.5,240,0.5515667042560927,27.798961894507062,0.625,25195.996771075093,0.0,135.0,5.0,-0.0029590578428385,0.0064091718351994,0.517036588261568,0.5447513616096872,0.5788817355329555,-0.0153573017167087,48.0,0.0319599424883424,48.0,0.0,5,-1.1219710935722622,231.42213696004612
NASDAQ_recent,2025,think_huber,ensemble,10,equal,False,1.0,-0.1861285255683144,-0.0637789045878712,-0.0437386045417398,-0.0430595093533628,0.2416070899885029,-0.2222352447283319,0.5040322580645161,248,-1.1142264480463475,-0.9919163248050216,-0.2360330356530215,-0.2327612339791813,0.2416851124248834,-0.3126775623746501,0.4677419354838709,248,1.0458478156818805,263.55364955183387,0.4677419354838709,197702.98214178576,0.0,908.0,1.0,-0.0139813600276679,-0.0106815809303518,0.5125085229899987,0.5276007187718601,0.5711946039850515,-0.0740095786259917,248.0,-0.055336488170678,248.0,0.0,1,ensemble,10,equal,False,1.0,0.5260596963227703,0.6371365965867656,0.1438968176192709,0.1365970525577313,0.2661267627744828,-0.2351836695840239,0.5125,240,0.3686682360637898,0.4798381501346469,0.0969669415168401,0.0921431386486215,0.2659040994440274,-0.2379606984425758,0.5041666666666667,240,0.9690546151058822,48.84035260133646,0.5833333333333334,41790.70552049799,0.0,169.0,4.0,-0.0212599084835815,-0.0148883761350307,0.5077350439576557,0.5291547679087621,0.5736732508409937,-0.1288891950506742,48.0,-0.0906815721416948,48.0,0.0,5,-1.4828946841101374,214.7132969504974
NASDAQ_recent,2025,think_mix,ensemble,10,equal,False,1.0,0.5828193377973347,0.692168569984625,0.162997933681489,0.160213748410076,0.2703314444462737,-0.2546916189644176,0.5,248,0.3798398348754357,0.4892674860689463,0.1008897069439591,0.0992113675443255,0.2701377171479872,-0.2637916149220515,0.4919354838709677,248,0.2653963275010638,66.87987453026808,0.4919354838709677,52741.45528318707,0.0,114.0,1.0,0.0185317770304603,0.0205158011687993,0.5232108405554649,0.5389558088311684,0.5841173718305209,0.1074235365417445,248.0,0.111211412220587,248.0,0.0,1,ensemble,10,equal,False,1.0,0.4417012967913205,0.5503407357936747,0.1199187638253387,0.1138951317002354,0.2720976484943059,-0.2562165231813562,0.5041666666666667,240,0.3893293631561799,0.4980916332511722,0.1040333713628816,0.0988424522578503,0.2717903539569666,-0.2585374199679139,0.5041666666666667,240,0.3422525743463824,17.24952974705767,0.5625,13815.631641847658,0.0,50.0,1.0,0.0049703512892011,0.003953213270218,0.5279298971001883,0.5412205153545674,0.5767067483841939,0.0287994537100846,48.0,0.0215431788226756,48.0,0.0,5,-0.009489528280744175,49.63034478321041
NASDAQ_recent,2025,think_mix_huber,ensemble,10,equal,False,1.0,0.3230642704975002,0.4485928856811514,0.0813846262024169,0.0800424439556979,0.235488425033873,-0.2221642495142829,0.5201612903225806,248,0.08589347201554,0.2115020261245369,0.022670367156014,0.0223065363388899,0.2353385571227098,-0.229589281323658,0.5161290322580645,248,0.262116018426049,66.05323664336434,0.5161290322580645,53759.963668409575,0.0,256.0,1.0,0.0047388268434321,0.0102294485554768,0.5079979393451785,0.5299134724882718,0.5780712788906136,0.0270091119979473,248.0,0.0526097397631031,248.0,0.0,1,ensemble,10,equal,False,1.0,0.7039413294836615,0.8008974392121542,0.2194621854342371,0.2079948521486621,0.3048857464378456,-0.2939206027267054,0.5208333333333334,240,0.6638219095031807,0.7609176199109473,0.2044462349048275,0.1938242555664,0.3044473928058991,-0.295120759858386,0.5166666666666667,240,0.3000930056680648,15.124687485670467,0.6458333333333334,12052.61820232032,0.0,43.0,2.0,0.0030913865426666,0.0112363599567331,0.5393615996689797,0.5551869481695766,0.5891593495024047,0.0165800224177392,48.0,0.057516830616215,48.0,0.0,5,-0.5779284374876407,50.92854915769388
NASDAQ_recent,2025,stockmixer,ensemble,10,equal,False,1.0,1.0955172834448912,1.1986437135916952,0.3540074923302774,0.3475095265091119,0.2866436455155163,-0.1963403551592749,0.5080645161290323,248,0.3298490617002794,0.4329085533908072,0.0873582358931686,0.0859136809307894,0.2868298242247015,-0.2260781916123161,0.4879032258064516,248,1.033293678058952,260.3900068708559,0.4879032258064516,214822.15322249875,0.0,820.0,3.0,0.0100482505113993,0.0079230395601384,0.5218362755318251,0.5381858728484696,0.5822020386604715,0.0535748311224777,248.0,0.0412903180816953,248.0,0.0,1,ensemble,10,equal,False,1.0,1.2742241370943372,1.3689742715284057,0.4611854663408157,0.4350341367755914,0.3119841049603022,-0.2526831378993598,0.5291666666666667,240,1.139260958890765,1.23426642375033,0.4000136319297125,0.3777600421233142,0.3111456370428465,-0.2565811639328214,0.5208333333333334,240,1.0200219592595012,51.40910674667887,0.625,46103.26347890413,0.0,150.0,3.0,0.022550345004375,0.0087322607290159,0.5416427984936385,0.5605859772681695,0.5902152308176181,0.1122134746788313,48.0,0.0398702163909241,48.0,0.0,5,-0.8094118971904856,208.98090012417705
NASDAQ_recent,2025,stockmixer_huber,ensemble,10,equal,False,1.0,1.287695472379168,1.4015296804638586,0.391906191054896,0.3846194988720479,0.2596806037802682,-0.1668378826491269,0.532258064516129,248,0.2925050413229141,0.4063783344797469,0.0750982767342343,0.0738632707560966,0.2595914728273354,-0.2024694229479764,0.4879032258064516,248,1.2246511833462124,308.6120982032455,0.4879032258064516,264840.7393769105,0.0,833.0,2.0,0.0112255668440503,0.0117887550955207,0.525930053805876,0.5401817531271543,0.5842987839998254,0.0615459053978993,248.0,0.0610233910254788,248.0,0.0,1,ensemble,10,equal,False,1.0,0.6837944247909593,0.7776667836271774,0.2167297823077651,0.2054168967039016,0.3149013858047,-0.2647622017009794,0.4958333333333333,240,0.5357288542646671,0.6297281588444139,0.1612204538331945,0.1529845872986213,0.3144761125461594,-0.2699671544224912,0.4958333333333333,240,1.1203365353672423,56.46496138250902,0.5833333333333334,44936.7365452745,0.0,140.0,3.0,0.0047535876439195,0.0041604842898739,0.5615047172144747,0.5494005222732469,0.5874342759386737,0.0226268859384498,48.0,0.0197715875898042,48.0,0.0,5,-0.243223812941753,252.1471368207365
NASDAQ_recent,2025,multiscale_mse,ensemble,10,equal,False,1.0,0.7882990421556368,0.901562597793923,0.2233432423978583,0.219435043329734,0.2609889449408112,-0.1589970065443013,0.5161290322580645,248,0.0622246650920356,0.175394915638677,0.0121769211321975,0.0119824832907202,0.2612041216087812,-0.1834759851653833,0.4959677419354839,248,0.8839017509037267,222.74324122773916,0.4959677419354839,189524.20927300712,0.0,976.0,4.0,0.0065722598566937,0.0071706176559679,0.5092906947965491,0.531690608064862,0.5789830074228969,0.0380216401599676,248.0,0.0386989545838286,248.0,0.0,1,ensemble,10,equal,False,1.0,1.2935323408543518,1.4000079916770154,0.4195403293739614,0.3960552467183214,0.2776271913614743,-0.1802297647369635,0.5333333333333333,240,1.165813706807319,1.2725076720132278,0.3694465431875868,0.349096256582089,0.2770591179101118,-0.1848467963429526,0.5291666666666667,240,0.8402525883578152,42.34873045323389,0.6041666666666666,38545.59055438558,0.0,200.0,5.0,0.018214586414863,0.0268770599977139,0.5363608378308187,0.5494630557341573,0.5877013370901661,0.1009703330319456,48.0,0.1295498890882177,48.0,0.0,5,-1.1035890417152836,180.39451077450528
NASDAQ_recent,2025,multiscale_huber,ensemble,10,equal,False,1.0,0.7321222946604532,0.8637898579202395,0.1839998313682227,0.1808298655051883,0.224508870327894,-0.1644611698492198,0.5120967741935484,248,-0.4037670883403564,-0.2719651167434739,-0.0823683940525584,-0.0811154927888093,0.2242799218261493,-0.200157018440801,0.4596774193548387,248,1.1956989327131022,301.31613104370183,0.4596774193548387,243580.9644404588,0.0,989.0,3.0,0.0141183141617077,0.0178136639042455,0.5181450531371795,0.5385509879235146,0.5825934272881155,0.0907911611762745,248.0,0.107329230365878,248.0,0.0,1,ensemble,10,equal,False,1.0,0.3703208009896158,0.4926252071124556,0.0939920526070547,0.0893221876428222,0.2416964099935305,-0.216557138781137,0.4958333333333333,240,0.1622450917073263,0.2847976981018335,0.0403834736350692,0.0384239819015088,0.2412069131449012,-0.2223290465363914,0.4916666666666666,240,1.1713984265487176,59.03848069805537,0.5416666666666666,46794.895277811855,0.0,243.0,2.0,0.0066097907160584,0.0074976322765432,0.520476006795605,0.5332444431619602,0.5771595369645328,0.0379629612932531,48.0,0.0427189472978288,48.0,0.0,5,-0.5660121800476827,242.27765034564646
NASDAQ_recent,2025,ridge,ensemble,10,equal,False,1.0,1.324291629816028,1.4405478804727674,0.3974722719966395,0.3900683804505638,0.2542705077730591,-0.1578015786634982,0.5362903225806451,248,0.1133481143418199,0.229495839088711,0.0272714492020871,0.0268328130330817,0.2545080926096438,-0.2010497307544179,0.4596774193548387,248,1.4429253974620002,363.6172001604241,0.4596774193548387,303915.0605745377,0.0,1131.0,3.0,0.0211558147126162,0.0182132534822821,0.524334571945805,0.5408772437482472,0.581613987251169,0.1037969330019837,248.0,0.0939597581545057,248.0,0.0,1,ensemble,10,equal,False,1.0,0.6591024215732938,0.7691470808625578,0.1860886917519697,0.1764887441846241,0.2686230851837902,-0.2267999714769841,0.525,240,0.475891237596433,0.5861559019599633,0.1290211838638646,0.1225158120873037,0.2680871161845956,-0.232018816164152,0.525,240,1.1620601172052671,58.56782990714546,0.5833333333333334,46401.29935833805,0.0,219.0,3.0,0.0313662061225449,0.0176025584973002,0.5372734950621505,0.5485698762804402,0.5930869654395736,0.1279063199670177,48.0,0.0751703324378327,48.0,0.0,5,-0.3625431232546131,305.04937025327865
NASDAQ_recent,2025,momentum126,ensemble,10,equal,False,1.0,0.5512301518785157,0.6586487148718081,0.1542451280318966,0.1516199829640048,0.2751902004882248,-0.2685427973417401,0.5120967741935484,248,0.4232868048281319,0.5307056924157713,0.1143262724734273,0.1124132212702997,0.2751893689288465,-0.2744352478901796,0.5120967741935484,248,0.1684673460908747,42.45377121490044,0.5120967741935484,33006.46680674861,0.0,175.0,2.0,0.0059213571436529,0.0187405852005592,0.5114637651742174,0.529912123399709,0.5786758461558115,0.0221749991702384,248.0,0.074353927331202,248.0,0.0,1,ensemble,10,equal,False,1.0,0.5173921242685172,0.6243960332845413,0.1438347353940479,0.1365383038645002,0.2762565980823597,-0.2763650772727518,0.5541666666666667,240,0.4576620198316987,0.5647955935221843,0.1250539694030974,0.1187589683314558,0.2759222423745803,-0.2788156435609891,0.5541666666666667,240,0.4005088166097221,20.18564435713,0.6666666666666666,14882.745485648382,0.0,57.0,3.0,-0.0035484363643565,0.0148682575063188,0.4833550973706404,0.5094904985816283,0.5691473105106613,-0.0153130786203058,48.0,0.0660025831891452,48.0,0.0,5,-0.03437521500356677,22.268126857770444
NASDAQ_recent,2025,reversal5,ensemble,10,equal,False,1.0,0.8098183498883849,0.909186295812326,0.2542365339812933,0.2497348147208913,0.297485628906002,-0.2327406939567226,0.5403225806451613,248,0.3590479360773345,0.4583946764304332,0.0969182235283816,0.0953087702189354,0.2975491272407822,-0.2491619210527225,0.5120967741935484,248,0.6231734994436237,157.03972185979316,0.5120967741935484,135403.99867942778,0.0,934.0,5.0,0.0115499277769745,0.0092576203006242,0.5204756808473568,0.5390081472258478,0.57640087686994,0.0498498791184527,248.0,0.0428328492111836,248.0,0.0,1,ensemble,10,equal,False,1.0,1.1316250778451264,1.2388764593953672,0.3546596088730969,0.3352191552667121,0.2756191618140963,-0.1822395206846373,0.5083333333333333,240,0.9262956306353414,1.033996924723941,0.2792289343777363,0.2643156070957886,0.2744677873783336,-0.1890195265590697,0.5041666666666667,240,1.3504062407888684,68.06047453575897,0.6458333333333334,59124.2082796337,0.0,211.0,3.0,0.0458598838731838,0.0229156998827371,0.5266345497830454,0.5540612183893464,0.5807310654292104,0.2006140253241751,48.0,0.0989506348115723,48.0,0.0,5,-0.5672476945580069,88.97924732403419
