horizon,dataset,year,seed,k,gross_sharpe,gross_sharpe_rf0,gross_annualized_return,gross_cumulative_return,gross_annualized_volatility,gross_maximum_drawdown,gross_profitable_days,gross_days,net_sharpe,net_sharpe_rf0,net_annualized_return,net_cumulative_return,net_annualized_volatility,net_maximum_drawdown,net_profitable_days,net_days,turnover_mean,turnover_annual,profitable_periods,cost_dollars,stale_position_marks,constrained_orders,terminal_liquidation_over_cap
5,NYSE_recent,2022,0,10,-0.058010148789268016,0.07264736459271323,-0.009067027458765642,-0.008816279151216078,0.22624443953605658,-0.13419394453772893,0.5183673469387755,245,-0.3183307270099302,-0.18737662929014592,-0.0655003997626713,-0.06374022149362135,0.22573204199791302,-0.15818449077220298,0.5061224489795918,245,1.3547269070751315,68.27823611658663,0.46938775510204084,53431.05208554781,0,280,3
5,NYSE_recent,2022,1,10,0.3353773570965207,0.46090661988367987,0.0842827443421914,0.0818482937738656,0.235487210152763,-0.15623256350371484,0.5224489795918368,245,0.08514567084734291,0.21090577306999023,0.022303084276657836,0.021676888100132574,0.23505496070563622,-0.16126075776660986,0.5224489795918368,245,1.3663485650972207,68.86396768089992,0.5102040816326531,56057.09557078267,0,259,2
5,NYSE_recent,2022,2,10,-1.30334558832516,-1.1630101400590143,-0.23453107913617322,-0.2288270337841002,0.2106419742944755,-0.2687704708516985,0.42857142857142855,245,-1.582859306775756,-1.4423254442623117,-0.27796894509735826,-0.27140719094811705,0.2103445771545148,-0.2939082617788952,0.4163265306122449,245,1.3655176887088598,68.82209151092653,0.40816326530612246,46206.10813110382,0,238,2
5,NYSE_recent,2022,3,10,-0.5173938258070022,-0.3781372468078271,-0.09766201164018473,-0.09508250460825907,0.2122738911061162,-0.1803113252921411,0.5020408163265306,245,-0.7929609980252725,-0.653644998802949,-0.1488859217129639,-0.14506606034519676,0.21218335332116314,-0.21236283748266693,0.5020408163265306,245,1.3590925907218918,68.49826657238336,0.5510204081632653,50782.75263277885,0,256,1
5,NYSE_recent,2022,4,10,-0.8148588785670714,-0.6742145001000864,-0.15109941501338142,-0.14722780423577242,0.21017929197376517,-0.1862998126204749,0.46530612244897956,245,-1.086830129664858,-0.9456840238067336,-0.1975293515736094,-0.1926090036551411,0.20943217460065455,-0.21666462582160528,0.45714285714285713,245,1.3097050400705135,66.00913401955388,0.4489795918367347,48370.93350635732,0,270,1
5,NYSE_recent,2022,5,10,-1.0159967262950467,-0.89142511621029,-0.21319247299130362,-0.2079345906076735,0.237297534054257,-0.27457787578695647,0.4775510204081633,245,-1.2659033860416786,-1.1410476949026809,-0.2579475228111565,-0.2517725145239913,0.236757616866438,-0.3040969388735989,0.4775510204081633,245,1.3729840732599987,69.19839729230392,0.46938775510204084,46934.569082591086,0,215,0
5,NYSE_recent,2022,6,10,-0.590155559686022,-0.4582763549786549,-0.11995529245310455,-0.1168260094254272,0.22414857559896895,-0.20403962212821114,0.46122448979591835,245,-0.8500543126394349,-0.7178930716279857,-0.16936937059543888,-0.16507664436038116,0.2236702353886063,-0.23673509160825468,0.4489795918367347,245,1.3490217078998212,67.990694078151,0.5102040816326531,49460.63195607192,0,243,2
5,NYSE_recent,2022,7,10,-0.04245312816146386,0.09504931497182321,-0.002588333792703734,-0.0025165261756656676,0.21498189568622317,-0.12939259895745703,0.49795918367346936,245,-0.31717194741117094,-0.17935267848234032,-0.05955805226453037,-0.05795256747986344,0.21448768460342146,-0.13745595782857833,0.49795918367346936,245,1.3618952581315311,68.63952100982917,0.5510204081632653,54173.6898789001,0,249,1
5,NYSE_recent,2022,8,10,-0.10979691989936127,0.023038397477519925,-0.019356248036498602,-0.018823667486582485,0.2225352148059527,-0.17558118384135912,0.4857142857142857,245,-0.3735710039262797,-0.24039509122847452,-0.07496653450017543,-0.07296204447498167,0.2219660844627224,-0.1962232039464299,0.4857142857142857,245,1.362094401278798,68.64955782445142,0.42857142857142855,53705.5993409469,0,247,0
5,NYSE_recent,2022,9,10,-0.2644082604087141,-0.13152136061114633,-0.05245421031341235,-0.051034987897736306,0.22244883379258576,-0.16553623784277205,0.4857142857142857,245,-0.526066507265362,-0.3931215281012032,-0.10599168901330824,-0.10320499716852105,0.22235165308334198,-0.19033408484870373,0.4816326530612245,245,1.357957600541049,68.44106306726887,0.5306122448979592,50947.40555761756,0,228,2
5,NYSE_recent,2022,10,10,-0.32783422717091343,-0.19860438259918362,-0.0690312484062453,-0.06717963752109835,0.22874387866243556,-0.14909774293201783,0.5224489795918368,245,-0.5876742845025917,-0.4581919477447055,-0.12245779023977321,-0.11926774116970695,0.2282978252204022,-0.16982878471947704,0.5142857142857142,245,1.3775072800194692,69.42636691298125,0.4897959183673469,53149.53222208648,0,226,3
5,NYSE_recent,2022,11,10,0.08173603277526433,0.21152867886997836,0.02260891749867966,0.021974042590544363,0.2277520088827671,-0.13470346596484317,0.5020408163265306,245,-0.16822094370087948,-0.03821031111515956,-0.03384101398784478,-0.03291663217223362,0.22737014118280677,-0.13941903726799665,0.49387755102040815,245,1.3169047922714239,66.37200153047976,0.5102040816326531,54106.99843909635,0,269,3
5,NYSE_recent,2022,12,10,-0.3972158894320197,-0.2660991237823921,-0.08172978054992952,-0.07955234185087534,0.2254519911303586,-0.1462361187761111,0.47346938775510206,245,-0.6633510020883944,-0.5320403273441304,-0.13498029937246947,-0.13148909390641905,0.22511906167455323,-0.1810444582768862,0.46938775510204084,245,1.3815038386104306,69.6277934659657,0.5102040816326531,53687.230328649755,0,245,2
5,NYSE_recent,2022,13,10,-1.7707487986268144,-1.6402534674401483,-0.3279981707869779,-0.3205371438637482,0.22652562062926598,-0.38745140688305924,0.4530612244897959,245,-2.0285147424356955,-1.8979156169218148,-0.3659234280889001,-0.3578481017360532,0.22634558822631098,-0.4123250734908088,0.4489795918367347,245,1.371228726950249,69.10992783829255,0.42857142857142855,41814.08188499686,0,209,2
5,NYSE_recent,2022,14,10,-0.21519378530343375,-0.0822288822332183,-0.04199143721486831,-0.04084916814437112,0.22231833516752145,-0.1782060510493232,0.46122448979591835,245,-0.475359795935363,-0.342240679545666,-0.09569096377874076,-0.09316078823372231,0.22206078802194526,-0.19164950120375046,0.4530612244897959,245,1.3547885957060202,68.28134522358341,0.5306122448979592,52279.00528573078,0,233,2
5,NYSE_recent,2022,15,10,0.0521193616810356,0.1923499972769807,0.018597415477162427,0.018076179851367558,0.2107994145548601,-0.13503213765921296,0.4775510204081633,245,-0.22597800745130645,-0.08567203533861127,-0.039360010695480674,-0.03828788403664751,0.21068622697355915,-0.14395838572944586,0.46938775510204084,245,1.357866231357002,68.4364580603929,0.5306122448979592,54837.34334406009,0,229,0
5,NYSE_recent,2022,16,10,-0.8585599904093533,-0.7203327768711946,-0.16212453325707532,-0.15799750611084873,0.2138546754262737,-0.22918043365027585,0.47346938775510206,245,-1.126676069997746,-0.9882931681249785,-0.2086011068709055,-0.20344129614509077,0.21361407721786188,-0.25924597164415597,0.46530612244897956,245,1.3250871578830523,66.78439275730582,0.42857142857142855,47114.19463162329,0,259,0
5,NYSE_recent,2022,17,10,-0.8902396318575108,-0.7571284348823476,-0.17537419076984362,-0.17094542571657545,0.2220739994682549,-0.21220584019872124,0.49387755102040815,245,-1.1530233257559508,-1.0196508811273937,-0.221699403290472,-0.21626174110591534,0.22163900473300474,-0.24467224129729448,0.4897959183673469,245,1.3527947705854124,68.18085643750479,0.46938775510204084,49241.059547212004,0,230,0
5,NYSE_recent,2022,18,10,-0.05463970787104259,0.08464212418866915,-0.004487520461239236,-0.004363139457091658,0.21223540392266102,-0.14443297488078266,0.49795918367346936,245,-0.3187934858550783,-0.1790302580349413,-0.05841113358711725,-0.056835622980665246,0.21150438743675112,-0.15031006115546042,0.49387755102040815,245,1.2940528697310463,65.22026463444473,0.5510204081632653,53748.78644200148,0,286,2
5,NYSE_recent,2022,19,10,-0.7352025653776559,-0.6084056003764161,-0.15546134109673182,-0.1514882112571918,0.23313283473300886,-0.24433592034517082,0.4897959183673469,245,-0.98115293182431,-0.8540180122962351,-0.20196682112945052,-0.19694999672591718,0.23251311280968232,-0.27399793067880895,0.47346938775510206,245,1.3264780228382251,66.85449235104655,0.46938775510204084,47900.811508841776,0,232,0
5,NYSE_recent,2022,20,10,-1.1865640817464724,-1.0535173114339085,-0.22807967918012784,-0.22250883840926594,0.22218153673956317,-0.2692724885181387,0.46530612244897956,245,-1.452654347347159,-1.3193457605737113,-0.2719153700407374,-0.265468974160052,0.22174517487397905,-0.2982013054943794,0.4530612244897959,245,1.3669863985920716,68.89611448904041,0.4489795918367347,47841.8006497795,0,230,1
5,NYSE_recent,2022,21,10,-0.6616001965814774,-0.5294116380596479,-0.1335908142363289,-0.1301327836592916,0.22362401267428547,-0.20566253397149803,0.4857142857142857,245,-0.9210570127357935,-0.7886268787081983,-0.18208722082038387,-0.17750777843971366,0.2232160837360586,-0.23708470310482477,0.4775510204081633,245,1.3542690662769068,68.2551609403561,0.42857142857142855,48151.35569290381,0,227,3
5,NYSE_recent,2022,22,10,-0.8157302550645638,-0.6863969345690301,-0.16720427935079807,-0.16296089261921287,0.22856086716881255,-0.2172515140466762,0.4530612244897959,245,-1.0681058285371854,-0.9385074954779536,-0.2134494206273141,-0.20818607131982902,0.22809348846154365,-0.22824335170221233,0.4448979591836735,245,1.3411848606543069,67.59571697697706,0.4897959183673469,48524.38490760765,0,248,2
5,NYSE_recent,2022,23,10,-0.5610087213175935,-0.42698126178341456,-0.11171521974657528,-0.10878738346564532,0.2205558173602686,-0.1741973457367657,0.49387755102040815,245,-0.8277954635456898,-0.6935875463565768,-0.16225291811099818,-0.1581229397904944,0.2202592552317706,-0.20553631930740202,0.4897959183673469,245,1.3616129731640918,68.62529384747022,0.46938775510204084,51003.96543725115,0,251,1
5,NYSE_recent,2022,24,10,0.25666039481805225,0.38692406083588815,0.06410557516732762,0.062270554051233606,0.22692848121005346,-0.14996563599347856,0.5142857142857142,245,-0.0013686850723444524,0.1289562951634618,0.003610782369524168,0.003510307026784565,0.22682171777655502,-0.15501557690417733,0.5142857142857142,245,1.3599761814314317,68.54279954414416,0.5510204081632653,57743.4043107476,0,267,1
5,NYSE_recent,2022,25,10,-0.9257660355875758,-0.79408292890041,-0.18409968641749963,-0.17947536418628285,0.22448237006214425,-0.21426263207022256,0.4489795918367347,245,-1.1833952935759318,-1.0515790028014782,-0.22974862657855932,-0.22414318525847343,0.2242555583426421,-0.24289643682001816,0.44081632653061226,245,1.3490314599054063,67.99118557923246,0.4897959183673469,48759.96313605938,0,217,0
5,NYSE_recent,2022,26,10,-0.1810607071426771,-0.041588832630201765,-0.03063675915425257,-0.029798547344335624,0.21194621488819998,-0.1522608481924781,0.45714285714285713,245,-0.45058813608881493,-0.31077385752076403,-0.08416384807905375,-0.08192449523176815,0.21142716029460001,-0.1673802401874459,0.4489795918367347,245,1.3295510167388471,67.00937124363789,0.4489795918367347,51426.15036588195,0,241,2
5,NYSE_recent,2022,27,10,-0.35141332364339034,-0.21987236293135898,-0.07187496335405774,-0.06994997681443882,0.2247249505117641,-0.1739585496155439,0.4897959183673469,245,-0.6035357179967931,-0.47178908686883597,-0.12277044776022439,-0.11957282027267657,0.2243741311120957,-0.20177150200856997,0.4816326530612245,245,1.3119437992418077,66.12196748178711,0.5510204081632653,49235.330749026965,0,242,2
5,NYSE_recent,2022,28,10,-0.5689631088274346,-0.43401539686533214,-0.11221934881959195,-0.10927912831114017,0.2190517753615762,-0.19822616049510355,0.5020408163265306,245,-0.8419059791828756,-0.7066485355087317,-0.1633344634601992,-0.15917964493178893,0.21855015948325238,-0.2189636234730884,0.4897959183673469,245,1.391574831858935,70.13537152569032,0.5102040816326531,50618.424743827985,0,208,2
5,NYSE_recent,2022,29,10,-0.5257671867982945,-0.38697003544997366,-0.0997450549138369,-0.09711354010823081,0.21297653157230143,-0.18137368714055258,0.49795918367346936,245,-0.793863350981082,-0.655153615647905,-0.1498547684205278,-0.14601223707804123,0.2131107511327706,-0.2077893801303199,0.4897959183673469,245,1.3289182368194807,66.97747913570184,0.5510204081632653,49830.03705779646,0,255,1
5,NYSE_recent,2022,30,10,0.24754371092408098,0.38714994243238554,0.06148705839283508,0.059729077051258406,0.21174223791380495,-0.14318860511496523,0.5142857142857142,245,-0.023874097059197106,0.11608540649539136,0.0023291984860396298,0.002264425330001485,0.21120777893265139,-0.1761518705311511,0.5102040816326531,245,1.3386105283618144,67.46597062943546,0.5918367346938775,52958.40590193061,0,260,3
5,NYSE_recent,2022,31,10,-0.6921842460529049,-0.5582120168580844,-0.13711640599663943,-0.13357431762320815,0.2206467419698949,-0.22908306872972362,0.4857142857142857,245,-0.9571669348508629,-0.8230211382658885,-0.185887115393089,-0.18122304487112173,0.22036125349299393,-0.2482180378178408,0.4816326530612245,245,1.364041045199577,68.74766867805869,0.40816326530612246,48661.07869022495,0,219,0
5,NYSE_recent,2022,32,10,-0.7292632823752174,-0.5973901093801242,-0.14702039850328696,-0.14324427261413253,0.2241588278715417,-0.1887972251740333,0.45714285714285713,245,-0.9933983150384212,-0.8612272406446139,-0.19560597092196497,-0.19072764720608992,0.2236535945694496,-0.21954634522016925,0.4489795918367347,245,1.361613039736358,68.62529720271245,0.5306122448979592,50659.036113883296,0,234,1
5,NYSE_recent,2022,33,10,-0.5727420683107796,-0.45224873694718964,-0.13152230331267278,-0.12811377171426253,0.24532922736679866,-0.25213287526332184,0.46938775510204084,245,-0.8061027306379503,-0.6854914036420223,-0.1796799048852974,-0.17515432449342871,0.24508921858789548,-0.2709411931819884,0.46530612244897956,245,1.334810837038201,67.27446618672533,0.4897959183673469,47655.213852250185,0,206,0
5,NYSE_recent,2022,34,10,-0.4596952753224633,-0.31817403592285204,-0.08445370829964194,-0.08220699408446563,0.20887702801140368,-0.1495431524375639,0.5142857142857142,245,-0.7254768814642442,-0.5838735782629857,-0.13382658681323267,-0.13036292274885686,0.20875597685929173,-0.16788842682638494,0.5020408163265306,245,1.2947288150739298,65.25433227972606,0.5306122448979592,49897.19103342535,0,288,1
5,NYSE_recent,2022,35,10,-0.9438529604071251,-0.8113731845092534,-0.18611119542112076,-0.18144214939100622,0.22313244180809383,-0.24229426878845106,0.46938775510204084,245,-1.2163753663094685,-1.0835314570900458,-0.2335045141349693,-0.22782156603246528,0.2225208220683651,-0.27457314467591276,0.46122448979591835,245,1.4061414324283656,70.86952819438963,0.5510204081632653,49172.10622755194,0,225,0
5,NYSE_recent,2022,36,10,0.1764558384621027,0.31439606628522715,0.04551180117101272,0.04422004150869374,0.2142996017389903,-0.15129901926771305,0.5020408163265306,245,-0.08308568452176225,0.05541584636947104,-0.010799843246010687,-0.01050142841392876,0.21343111297084041,-0.15557972259162034,0.4897959183673469,245,1.2853034050804357,64.77929161605397,0.5306122448979592,54099.62683664594,0,272,0
5,NYSE_recent,2022,37,10,-0.7253975690115653,-0.5954267116340359,-0.14888503649933493,-0.14506519585830357,0.22743972366371337,-0.1829836279276822,0.45714285714285713,245,-0.994848667022959,-0.864803520450283,-0.19939497743587697,-0.1944339868805499,0.2273097971384975,-0.2065551648920858,0.4489795918367347,245,1.4286892691651047,72.00593916592128,0.42857142857142855,53962.11340804895,0,220,1
5,NYSE_recent,2022,38,10,-0.7910960392488029,-0.6540062681848807,-0.15147109524504088,-0.14759081027236443,0.21562904115214898,-0.2561513227615677,0.46938775510204084,245,-1.0600448223743992,-0.9229084766118102,-0.19924682908702662,-0.19428906162737725,0.21555580850503675,-0.28464853657827427,0.46122448979591835,245,1.346537535405297,67.86549178442698,0.46938775510204084,48702.43388353156,0,248,2
5,NYSE_recent,2022,39,10,-0.6416816821207835,-0.5049135599664625,-0.12409294546704364,-0.1208632957519199,0.21613615381021892,-0.1643440656555073,0.46530612244897956,245,-0.9105161460356845,-0.7735801481934187,-0.17332689126852774,-0.16894437471439272,0.21587118326863483,-0.1975604917926046,0.4530612244897959,245,1.3484427878630718,67.96151650829881,0.4897959183673469,50466.195462698524,0,248,0
5,NYSE_recent,2022,40,10,-0.47937673061931396,-0.3495723789043766,-0.10009376841055839,-0.09745355995058669,0.2277314704456049,-0.18555268061286145,0.45714285714285713,245,-0.7394141440898915,-0.6094162831778467,-0.15159495812308244,-0.14771178344574265,0.22739247922149664,-0.2112401152117821,0.4448979591836735,245,1.3744411498421094,69.27183395204231,0.46938775510204084,51105.98441214362,0,235,0
5,NYSE_recent,2022,41,10,-0.36200650411742286,-0.23139540184493687,-0.07493848342600029,-0.07293471351235847,0.2263248328201902,-0.1740995169588505,0.4857142857142857,245,-0.6173492560844589,-0.4865863130777719,-0.12671923701358556,-0.12342615627540798,0.22606202649300625,-0.18171212277420135,0.4775510204081633,245,1.3396006561765268,67.51587307129695,0.46938775510204084,52061.711372189544,0,233,2
5,NYSE_recent,2022,42,10,0.22172856901653043,0.35720472095729977,0.05578685858208021,0.05419598086656929,0.21819733925720833,-0.11903516925706137,0.46938775510204084,245,-0.03404938600631642,0.10171141345966721,-0.0014085017315308423,-0.0013694034848328318,0.2177398483403,-0.12784086830537478,0.46530612244897956,245,1.2953895162208295,65.28763161752981,0.46938775510204084,53595.36444183791,0,250,1
5,NYSE_recent,2022,43,10,0.3263434715069528,0.452861379850398,0.08180835766946615,0.07944796514416663,0.2336470486536673,-0.13105619119326217,0.4857142857142857,245,0.09362113680820161,0.22024222181746655,0.02458514783392496,0.02389413329600898,0.23345666232537968,-0.13284657323410276,0.4816326530612245,245,1.2679871412401769,63.90655191850491,0.5306122448979592,52174.33524327484,0,249,4
5,NYSE_recent,2022,44,10,-0.18264076059990547,-0.046385868071824626,-0.03306008533092397,-0.03215667810062339,0.21695027119990576,-0.17802692725369118,0.47346938775510206,245,-0.4419047582834671,-0.305429040912674,-0.08575502078474961,-0.0834752887140574,0.21659923432362438,-0.18549406048482076,0.46530612244897956,245,1.2959053139586247,65.31362782351468,0.6122448979591837,51069.34606060661,0,281,1
5,NYSE_recent,2022,45,10,0.805896000867351,0.9415311960890296,0.19901886350882192,0.1929889034825023,0.21794148515780293,-0.0929997172049647,0.5061224489795918,245,0.5544862546787732,0.6903010549437821,0.13500549599552558,0.1310198921235184,0.2176532736388163,-0.1009531154913963,0.49795918367346936,245,1.2749051502887263,64.25521957455182,0.5714285714285714,57508.68478078771,0,268,1
5,NYSE_recent,2022,46,10,-0.9710163114044605,-0.8357977231325663,-0.18669122521523873,-0.1820093078960937,0.21861296042258294,-0.22384234954038884,0.46122448979591835,245,-1.2350752864627301,-1.0998569334502795,-0.23235855534914795,-0.22669920237585406,0.21861334077600614,-0.24372392468663484,0.4489795918367347,245,1.3366309212843668,67.36619843273209,0.42857142857142855,47391.689786519644,0,243,2
5,NYSE_recent,2022,47,10,-0.25286256811351865,-0.11637684430600398,-0.04740287300233181,-0.046116973342608,0.21658335437316706,-0.15324400809841932,0.5102040816326531,245,-0.5204831933596273,-0.38386698605217145,-0.1009310536195599,-0.0982699860412859,0.21637649345479879,-0.1871163703647264,0.5061224489795918,245,1.3507640562702712,68.07850843602166,0.46938775510204084,51476.807765443176,0,233,1
5,NYSE_recent,2022,48,10,-0.8001832066580848,-0.6666747866019332,-0.15809356390061402,-0.1540594674854383,0.22141327021807633,-0.20316762047493253,0.4530612244897959,245,-1.0699930776545974,-0.9362656917517299,-0.20658797212075763,-0.20147139057820185,0.22105072709454118,-0.2237839574735283,0.4530612244897959,245,1.3873666905479098,69.92328120361466,0.46938775510204084,50064.62155335966,0,233,1
5,NYSE_recent,2022,49,10,-0.4408828644093394,-0.30711414002729837,-0.08806348693832788,-0.08572530619990792,0.22098241590356213,-0.18847381134537755,0.5142857142857142,245,-0.6980400966766327,-0.564075735033221,-0.1382161315291226,-0.13464790314942587,0.2206597002639092,-0.2081582576820462,0.49387755102040815,245,1.3058721625643595,65.81595699324372,0.4897959183673469,51808.28554042189,0,260,1
5,NYSE_recent,2023,0,10,0.8629466041370103,1.0612968063859216,0.15844778148607852,0.1537245021163791,0.14903204307896492,-0.08961441237806322,0.5306122448979592,245,0.46341895238962905,0.6619693431340387,0.09145948558333661,0.08880937680238254,0.14888178147346948,-0.09492426527502817,0.5224489795918368,245,1.3694825849031145,69.02192227911696,0.5510204081632653,59445.36150754915,0,236,4
5,NYSE_recent,2023,1,10,0.6712843422778841,0.8643578825964338,0.12825255142404135,0.12447704207528476,0.15310505954109296,-0.10776331801041439,0.5102040816326531,245,0.2957709638822486,0.4889274681821265,0.0652234371073821,0.06335547427197974,0.15303929833182348,-0.1445051511539962,0.49795918367346936,245,1.3326382507900536,67.1649678398187,0.5510204081632653,55655.254595302824,0,231,4
5,NYSE_recent,2023,2,10,-0.5214406242868644,-0.3394236375169925,-0.06599945633759696,-0.06422633287987256,0.16240536892117213,-0.24909193631858872,0.5102040816326531,245,-0.8852937378925146,-0.7033691557083382,-0.11969221008259567,-0.11656932647528773,0.1624878591522871,-0.28102734274978625,0.5020408163265306,245,1.3750538529781284,69.30271419009767,0.4897959183673469,55287.932405639986,0,219,5
5,NYSE_recent,2023,3,10,0.3742653253264254,0.5741979995025479,0.07682204149662719,0.07461042500558457,0.14785245087174206,-0.12951091924452873,0.5224489795918368,245,-0.015063736808490396,0.18490900942421234,0.016598656085814012,0.0161338829771831,0.14782282307551242,-0.145209587319856,0.5061224489795918,245,1.332871999341877,67.17674876683061,0.5306122448979592,56127.386099874755,0,257,3
5,NYSE_recent,2023,4,10,0.03193205345480487,0.2242055264492796,0.0229664884178018,0.022321463469820113,0.15374214355159968,-0.18427744790428602,0.49795918367346936,245,-0.34105316105185474,-0.14877148972546297,-0.03404518536170198,-0.03311532261895922,0.15373558843319565,-0.21871834376174104,0.49795918367346936,245,1.3332599221541972,67.19630007657153,0.5306122448979592,54614.806511071525,0,229,2
5,NYSE_recent,2023,5,10,0.9061145809537158,1.1025390217851034,0.16721580085895194,0.16221331889377755,0.15049316552035472,-0.12357906560260601,0.5387755102040817,245,0.5225717307370529,0.7192228129238027,0.1017080710380891,0.0987477944344537,0.15031972139471356,-0.1383425899612616,0.5224489795918368,245,1.3428198789437964,67.67812189876734,0.5714285714285714,58028.74640537795,0,270,5
5,NYSE_recent,2023,6,10,0.4923618945493902,0.6876456197310704,0.09711127599143232,0.09429043791463698,0.15137224496705923,-0.11937607546498585,0.49387755102040815,245,0.11412868523733723,0.3091643788927385,0.0360644375644239,0.035045298040129236,0.1515647486480612,-0.1528936042636796,0.4816326530612245,245,1.3203184250397744,66.54404862200462,0.4897959183673469,56465.21044358307,0,249,5
5,NYSE_recent,2023,7,10,0.4235770430634516,0.6088831998020231,0.0881137641852674,0.08556435171083354,0.15952268616732976,-0.16076969740366887,0.5061224489795918,245,0.06795770456308783,0.2533417055521317,0.028120188522399614,0.02732849609912802,0.15945570129338277,-0.19393706369365615,0.5020408163265306,245,1.313772919673982,66.2141551515687,0.46938775510204084,53757.192907687444,0,248,2
5,NYSE_recent,2023,8,10,0.8351545013673755,1.0335214351123194,0.15363915427102204,0.14906824042849798,0.14901947279323027,-0.1473525253094249,0.5346938775510204,245,0.43959334037496367,0.6377515067542715,0.08767600608125847,0.08513974834290794,0.14917647062648612,-0.16249708250509065,0.5265306122448979,245,1.371732446877048,69.13531532260322,0.4897959183673469,57084.617878976474,0,242,4
5,NYSE_recent,2023,9,10,0.4669009364219772,0.6593149907623204,0.09365719979017295,0.0909407959095383,0.15362981663488212,-0.14821439475404785,0.5020408163265306,245,0.09256959117424085,0.28462524390933475,0.032528625562720626,0.031610921508497425,0.15391651047654706,-0.1829987526576693,0.5020408163265306,245,1.32466320890018,66.76302572856906,0.5306122448979592,54522.05079485,0,237,2
5,NYSE_recent,2023,10,10,0.6967065172876055,0.8736146498540567,0.14118745754728845,0.13700857517073106,0.16709540402376621,-0.16126384050427045,0.5183673469387755,245,0.3440129479813701,0.5206471684129378,0.07594916076754643,0.07376352438172828,0.16735452402176862,-0.17394920845103057,0.49387755102040815,245,1.359574180597043,68.52253870209097,0.5102040816326531,59863.75203928275,0,250,3
5,NYSE_recent,2023,11,10,0.7102208394041153,0.912669884387846,0.13046550130348944,0.12662126318384437,0.14601469662974562,-0.10922154849694832,0.5428571428571428,245,0.31393259670556306,0.5160458658354715,0.06697150471420965,0.06505196555914061,0.146257274515119,-0.12316789628212166,0.5346938775510204,245,1.3432382233159494,67.69920645512386,0.5102040816326531,56505.69193266792,0,253,2
5,NYSE_recent,2023,12,10,-0.3524345243790474,-0.15941338909232983,-0.03546080761443304,-0.034492974961293554,0.15314662740104254,-0.1780511225517175,0.5142857142857142,245,-0.73160923080776,-0.5382358859784266,-0.08966746835898376,-0.08728876912411221,0.15286768666266065,-0.21094981965781834,0.5061224489795918,245,1.3418315810371408,67.62831168427189,0.5102040816326531,53308.17583120916,0,235,3
5,NYSE_recent,2023,13,10,0.49745171044279757,0.6860802215632203,0.1000064479261249,0.09709784845335845,0.15671297891658248,-0.16998252748978415,0.5224489795918368,245,0.11883166423828409,0.3074645059086014,0.036648587862568416,0.035612658852620216,0.15670938116887156,-0.18559752273369834,0.5102040816326531,245,1.3736843023591583,69.23368883890157,0.46938775510204084,57832.64493333217,0,255,2
5,NYSE_recent,2023,14,10,0.7825198019906067,0.9785951356378177,0.14588909755861823,0.14156261527414182,0.15076111480431292,-0.15896376424059688,0.5265306122448979,245,0.4054431693673718,0.601263301937421,0.08264286560169398,0.0802575133984027,0.1509575930641693,-0.17033956765462543,0.5183673469387755,245,1.2971811445843318,65.37792968705031,0.5306122448979592,58973.36478630399,0,306,3
5,NYSE_recent,2023,15,10,1.0363150635923013,1.2308765483272128,0.19183571844055458,0.18603983201276675,0.15193416069247798,-0.11421785543904217,0.5142857142857142,245,0.6597790271618621,0.8542285074590518,0.12565076592239333,0.12195591218103363,0.15202167597003544,-0.12650180879043949,0.49795918367346936,245,1.3162969817055001,66.34136787795721,0.5306122448979592,57638.77837483533,0,273,2
5,NYSE_recent,2023,16,10,0.5883742514612093,0.7774369013971789,0.11559609085323208,0.11221140802867935,0.15635312366716805,-0.14699332908429008,0.5142857142857142,245,0.22739820303096137,0.41624648451494817,0.054405340933016966,0.05285483819310133,0.1565306057009987,-0.1629160703810466,0.5020408163265306,245,1.3104038270297083,66.04435288229729,0.46938775510204084,54841.53849243615,0,263,3
5,NYSE_recent,2023,17,10,0.45815294603127604,0.6483576324741958,0.09274889000682407,0.09005990016338461,0.15541434040928462,-0.13047481339081302,0.5469387755102041,245,0.08840747690054133,0.27834022373857303,0.03172042344014048,0.03082585927876913,0.15563685766883262,-0.15837625477999995,0.5306122448979592,245,1.3369946979373517,67.38453277604252,0.4489795918367347,55588.0894212486,0,236,3
5,NYSE_recent,2023,18,10,0.6701399826857397,0.852452657174582,0.13326350261570963,0.1293321985954765,0.16214196829244737,-0.1330742521321785,0.5387755102040817,245,0.3140888514083424,0.49646822045844496,0.06970233930800962,0.06770207306224596,0.16208267437398802,-0.16767432127604298,0.5346938775510204,245,1.3327767569886277,67.17194855222684,0.4897959183673469,56849.876592361215,0,238,4
5,NYSE_recent,2023,19,10,0.5434853894408314,0.7365244705644345,0.1063670519104265,0.10326492334192805,0.15313239015758434,-0.1291050261470762,0.5428571428571428,245,0.15903897446851667,0.3521251751218792,0.04312675631029217,0.04190403939530696,0.15309502070191766,-0.14859178732189104,0.5265306122448979,245,1.3563258765144726,68.35882417632942,0.5714285714285714,60510.54534807144,0,245,2
5,NYSE_recent,2023,20,10,0.9262157369524513,1.1189529105260942,0.17336548934887208,0.16816612349217652,0.1533722599443764,-0.1491651168127519,0.5265306122448979,245,0.5320814315918359,0.724418677769146,0.10470183123245991,0.1016504644219145,0.1536911673313143,-0.18578952350235511,0.5183673469387755,245,1.3900861041580326,70.06033964956484,0.5102040816326531,59470.66394049119,0,232,4
5,NYSE_recent,2023,21,10,0.4620057766437782,0.646909830683957,0.09493696492463743,0.09218190149026984,0.15986959312345736,-0.1840268878679414,0.5142857142857142,245,0.09186196943552012,0.27695234187213497,0.03204623685622532,0.031142346281434197,0.15970866283930743,-0.19765748691489193,0.5061224489795918,245,1.3710656286706233,69.10170768499941,0.46938775510204084,58818.06577203843,0,235,4
5,NYSE_recent,2023,22,10,0.1350914787663321,0.31433608253337714,0.039044314045587836,0.03793943489729501,0.16491729884766554,-0.17078734896180314,0.5224489795918368,245,-0.2179707080708383,-0.03852063585378739,-0.01965799480314545,-0.019117192977520348,0.16472847027069845,-0.2037829686160617,0.5183673469387755,245,1.3476575736353251,67.92194171122038,0.5306122448979592,55478.09716429398,0,244,7
5,NYSE_recent,2023,23,10,-0.37004015157463427,-0.18112997012368423,-0.0397275952996351,-0.03864565870779413,0.15647931550982322,-0.2043119362197774,0.5183673469387755,245,-0.7441983647789844,-0.5555746919890854,-0.09454775678749128,-0.09204624681239237,0.1567169987152544,-0.2393529702268674,0.5142857142857142,245,1.3745852514900851,69.27909667510029,0.40816326530612246,52363.27728152193,0,236,5
5,NYSE_recent,2023,24,10,0.5052248146056355,0.6872213479267377,0.10348705613771858,0.10047267728658782,0.1624236206418645,-0.16494971242871181,0.5306122448979592,245,0.13810565646773154,0.3199808282192399,0.03962294263048083,0.038501387920676367,0.16253200259059555,-0.18881924425255903,0.5102040816326531,245,1.381360641914404,69.62057635248597,0.46938775510204084,55384.4658360999,0,223,4
5,NYSE_recent,2023,25,10,-0.275307900253207,-0.09798262517902631,-0.029715214336579088,-0.028901838102083577,0.16670232641068833,-0.1807861312327832,0.5102040816326531,245,-0.6304646142301574,-0.45282757996870787,-0.08529718423368338,-0.0830290630138939,0.16640975801686378,-0.2170023113801267,0.49387755102040815,245,1.3765016713731544,69.37568423720698,0.4897959183673469,53820.095206483165,0,214,3
5,NYSE_recent,2023,26,10,0.5290610147220118,0.723953571242902,0.1033447866761168,0.10033473734736575,0.15167606405282397,-0.14330832260825144,0.5224489795918368,245,0.13495345671549755,0.3298128108795641,0.03933578291997142,0.038222504984032124,0.1517019083486849,-0.17775534439425988,0.5102040816326531,245,1.3792673566627014,69.51507477580016,0.4897959183673469,59873.42970108406,0,231,1
5,NYSE_recent,2023,27,10,0.3714956189205248,0.55830485695991,0.07883712196635861,0.07656545655306934,0.1582391545328657,-0.13020574851193645,0.5142857142857142,245,0.0015227692058630946,0.18840693583524498,0.01750732781877229,0.017016898978936768,0.15817571075940287,-0.1422584754112629,0.5102040816326531,245,1.3459567917247794,67.83622230292889,0.5510204081632653,57747.3692975697,0,240,2
5,NYSE_recent,2023,28,10,0.51984067865874,0.7127242627646484,0.10244408512899006,0.09946143434314414,0.153255840943157,-0.16178120058973644,0.5142857142857142,245,0.15144690463010219,0.34400339816866127,0.041938394642761834,0.040750023770676824,0.15351617254269184,-0.19492843563168305,0.5020408163265306,245,1.3025220525564585,65.64711144884551,0.4489795918367347,54494.92166335843,0,262,3
5,NYSE_recent,2023,29,10,1.1388202290207237,1.338639195557399,0.20570893177965588,0.19945992567202908,0.14793658679470506,-0.10765205111335574,0.563265306122449,245,0.7536048944544089,0.9531856427367469,0.13907975001954287,0.13496686643056144,0.14811316292122123,-0.11955673063562455,0.5551020408163265,245,1.3082430302336674,65.93544872377684,0.5510204081632653,58179.99760115164,0,274,5
5,NYSE_recent,2023,30,10,0.17692276625457312,0.3630744154552919,0.04611486217396599,0.04480562172490554,0.15879814126388636,-0.17099017302838615,0.5183673469387755,245,-0.19762629587363315,-0.011681612176935658,-0.014352096110018753,-0.013956221951635484,0.15897489134187154,-0.20515603809822291,0.5142857142857142,245,1.3834448186561752,69.72561886027124,0.5306122448979592,56219.75168628308,0,223,2
5,NYSE_recent,2023,31,10,0.46476782624891577,0.6577950354886363,0.09311815352261377,0.09041802125155907,0.1531418083632444,-0.13475992388898994,0.5510204081632653,245,0.07412427142440454,0.26713306477726834,0.029651232462396537,0.028815834079146452,0.1531564203514697,-0.148477942344169,0.5346938775510204,245,1.3950602114934565,70.31103465927022,0.4489795918367347,59981.88855918744,0,227,5
5,NYSE_recent,2023,32,10,1.0977687703980312,1.2750282047280845,0.2198186801070634,0.21310443000233992,0.1667642458524382,-0.11716406622715281,0.5551020408163265,245,0.7549943711898869,0.932357974955222,0.15201799279441675,0.1474983254512392,0.16666630164659874,-0.12824017181685676,0.5469387755102041,245,1.321855070397501,66.62149554803405,0.5510204081632653,57395.639802590566,0,233,1
5,NYSE_recent,2023,33,10,0.5613732950665435,0.7372379448662261,0.11607679855292963,0.11267734200942137,0.1680868549759823,-0.16587323494315964,0.5306122448979592,245,0.2177705868097573,0.39342420283554114,0.053471168959146276,0.051947939819246614,0.1682887978915391,-0.1786723272979196,0.5224489795918368,245,1.3391383409551454,67.49257238413934,0.5306122448979592,56319.38765519211,0,237,2
5,NYSE_recent,2023,34,10,0.9799437654721397,1.1464108299033577,0.20666972358738667,0.20038917722191174,0.17757588257643106,-0.1557730124928055,0.5306122448979592,245,0.6522192053493481,0.818850588162506,0.13839317839040888,0.13430177081450934,0.17740077161471493,-0.16935266397387128,0.5183673469387755,245,1.347561177397093,67.91708334081349,0.5510204081632653,59855.52532113026,0,235,3
5,NYSE_recent,2023,35,10,0.5346813148586387,0.7314160381845134,0.1036825793055387,0.1006622495174585,0.1502558134453804,-0.1364897553551675,0.5265306122448979,245,0.14838219601804636,0.3447401347383568,0.04145717733860388,0.04028270421687763,0.15054413424244986,-0.15810789935108394,0.5224489795918368,245,1.3424081463797204,67.6573705775379,0.4897959183673469,57816.74955576157,0,270,3
5,NYSE_recent,2023,36,10,0.13447493264008314,0.3263631738905067,0.03920466111669407,0.03809516177881811,0.1540507938039998,-0.1440328973317888,0.5265306122448979,245,-0.2469815972655223,-0.055022868908511685,-0.020081383495610283,-0.01952905041668851,0.15399422646363642,-0.17691281513481727,0.5224489795918368,245,1.3612915477422174,68.60909400620776,0.4489795918367347,55923.61958139013,0,238,2
5,NYSE_recent,2023,37,10,0.8560017811282847,1.0487374571869112,0.16077249149419548,0.15597535902242465,0.15337345161406132,-0.1345438774788743,0.5551020408163265,245,0.4818591271379475,0.6749866953091803,0.09595286074625298,0.09316708011579311,0.15306222807130196,-0.15050013853032507,0.5510204081632653,245,1.3383707883470717,67.4538877326924,0.4489795918367347,54551.56211279391,0,234,2
5,NYSE_recent,2023,38,10,0.23414675017125308,0.42116707709162654,0.05560574671358709,0.05402016478624194,0.1580605508131048,-0.17494596511827398,0.5061224489795918,245,-0.1413987808301212,0.045387751487212136,-0.005285770648773225,-0.005139321639070937,0.15825839004313488,-0.20803484220739532,0.4897959183673469,245,1.3748395415231793,69.29191289276824,0.4489795918367347,57381.54383918701,0,227,3
5,NYSE_recent,2023,39,10,0.7517181668784092,0.9629650673725766,0.13313632197291958,0.12920897949204546,0.1399335839585364,-0.14342563029437783,0.5346938775510204,245,0.3487282132611361,0.5590763957231689,0.07115833813305228,0.06911495379290922,0.140531453803347,-0.1588268618606724,0.5224489795918368,245,1.2997295459256404,65.50636911465227,0.5102040816326531,55740.43042342154,0,253,4
5,NYSE_recent,2023,40,10,0.3853177696314896,0.581273539150071,0.07933612074825414,0.07704956961256415,0.1508531030186284,-0.15100433683076797,0.5183673469387755,245,0.017481924418615135,0.21346561165336783,0.021085557976442626,0.020493887460195426,0.150831614117317,-0.18284121906299322,0.49795918367346936,245,1.276333250881945,64.32719584445003,0.46938775510204084,53692.70896853922,0,261,4
5,NYSE_recent,2023,41,10,0.9316075624915446,1.1219560381743792,0.17608119254890986,0.1707946066275341,0.15529694041540945,-0.12215366137428219,0.5469387755102041,245,0.5620510307899914,0.7523214807923329,0.11054367100722162,0.1073139277384818,0.15536062423732847,-0.1279174844235198,0.5265306122448979,245,1.3279119449901495,66.92676202750354,0.5102040816326531,57487.89448933228,0,250,5
5,NYSE_recent,2023,42,10,0.6546685601189688,0.8391196253781682,0.12939494041680355,0.12558396585377718,0.1602622128787453,-0.13904606317929658,0.5061224489795918,245,0.28447644050541504,0.4694697540713226,0.06429586238019569,0.0624552360195485,0.15979245582705687,-0.15245420033395052,0.5061224489795918,245,1.3787210216897128,69.48753949316153,0.5510204081632653,59323.98681016333,0,238,5
5,NYSE_recent,2023,43,10,1.2784987896903177,1.4737347841011463,0.23572755403352708,0.22848348206578528,0.1514092520464127,-0.16007447951100795,0.5673469387755102,245,0.9046073166858303,1.0998462954320891,0.1677581807075954,0.16273836927332397,0.15140693767251953,-0.17169811651375833,0.5551020408163265,245,1.3053897155070526,65.79164166155546,0.46938775510204084,57210.658045826916,0,248,3
5,NYSE_recent,2023,44,10,1.5344992294095658,1.7077079469250622,0.31894271802247753,0.3088392947182428,0.17066425010413516,-0.13110662311655275,0.5551020408163265,245,1.2014042452034541,1.3747557163607729,0.24594038639704485,0.23835328824709445,0.17052370936878045,-0.140922224136539,0.5510204081632653,245,1.3153247304153997,66.29236641293615,0.5306122448979592,60136.608734790505,0,260,2
5,NYSE_recent,2023,45,10,0.7144201077102907,0.902568856290938,0.1382532977082731,0.13416626424471567,0.15711258304548567,-0.14163074840395906,0.5265306122448979,245,0.32906623351344505,0.5169815758324243,0.07144110565673101,0.06938934122246865,0.15730772975472784,-0.15232688002239503,0.5183673469387755,245,1.3940351449390829,70.25937130492979,0.46938775510204084,60941.91647907939,0,241,3
5,NYSE_recent,2023,46,10,0.09014797785706212,0.27398058968295663,0.03165788019620863,0.030765106018445953,0.16080137029374067,-0.16429719609914784,0.5387755102040817,245,-0.26151602508993077,-0.0774506766536091,-0.02498017274801323,-0.024294778145960927,0.16059804921135265,-0.19947825751364456,0.5346938775510204,245,1.3117599839981788,66.11270319350821,0.5714285714285714,54045.515974508184,0,247,6
5,NYSE_recent,2023,47,10,0.2307263132511295,0.4189839886671145,0.054986404575064096,0.053418926142644096,0.1570216769168242,-0.15929177265834904,0.5387755102040817,245,-0.1328909333615868,0.05513177134677781,-0.0036159422019979015,-0.003515676135536938,0.15721790584882536,-0.1736727135170617,0.5306122448979592,245,1.3201238894912826,66.53424403036064,0.4897959183673469,55160.22801570949,0,279,2
5,NYSE_recent,2023,48,10,0.5217568384937928,0.7041680441805317,0.10630429423684484,0.10320407996663894,0.16205438572149178,-0.16846942455525826,0.5061224489795918,245,0.15595890311739719,0.33841088722958546,0.04264245046778026,0.04143373537710748,0.16201816620478415,-0.2039975446086425,0.5020408163265306,245,1.3741314250542076,69.25622382273207,0.5306122448979592,55636.855973413,0,228,5
5,NYSE_recent,2023,49,10,-0.19938072359763792,-0.0065057362923619435,-0.012628862129757668,-0.012280223364025233,0.15326267184398434,-0.19264367415388317,0.5224489795918368,245,-0.5602993735789686,-0.36744590809022976,-0.06578660538140124,-0.06401900225078105,0.1532797754573265,-0.2141401296639006,0.5061224489795918,245,1.280195371208461,64.52184670890644,0.5102040816326531,51289.615658035786,0,253,3
5,NYSE_recent,2024,0,10,0.33520843297209457,0.5553090335323525,0.06780287252065764,0.06585877695744125,0.13430465801109084,-0.12002686910411153,0.5102040816326531,245,-0.08047474498142382,0.13781150462607528,0.009587412980725185,0.00931985882726205,0.13542097103887218,-0.13729099522233146,0.49795918367346936,245,1.3007824315539211,65.55943455031763,0.5102040816326531,55160.87711670684,0,272,1
5,NYSE_recent,2024,1,10,-0.059460262456738106,0.1435671313330011,0.01040436266218081,0.010113896051759275,0.14559875558908503,-0.10017977422299562,0.49387755102040815,245,-0.44609212206913074,-0.24464469993859414,-0.04555441326060927,-0.04431748226869359,0.14674070074287734,-0.12074480864029125,0.4775510204081633,245,1.320827572082873,66.5697096329768,0.5510204081632653,56197.64454824836,0,259,0
5,NYSE_recent,2024,2,10,0.6770436262967418,0.8846123226728022,0.12282721465773583,0.11921970811462224,0.14241326559533404,-0.10692802025541193,0.5387755102040817,245,0.2626990358399191,0.46889614756472814,0.05862750380963,0.056953454895239064,0.14336057202262217,-0.11851146604125495,0.5306122448979592,245,1.3715082435669863,69.12401547577612,0.46938775510204084,58143.63974371906,0,250,1
5,NYSE_recent,2024,3,10,0.7188270161312716,0.9165378031383187,0.13412369897377707,0.13016559068537892,0.14951402669408997,-0.08677109418877416,0.5469387755102041,245,0.33720269921517915,0.5341445765651528,0.07136242709405005,0.06931299457850248,0.15009776632600538,-0.11002261113557199,0.5387755102040817,245,1.3271779993850152,66.88977116900477,0.6122448979591837,59019.049023778025,0,252,1
5,NYSE_recent,2024,4,10,0.7142243929836496,0.9087272954171555,0.13493527736399913,0.1309518636764908,0.1519799217206383,-0.08546921111474415,0.5469387755102041,245,0.3425670313013656,0.5362263411853668,0.07276170937268134,0.07067078092104606,0.1526419561444655,-0.0895439411770087,0.5346938775510204,245,1.3145642907989636,66.25404025626776,0.5306122448979592,55576.74648183285,0,244,2
5,NYSE_recent,2024,5,10,0.3362437329399063,0.5298610785903176,0.07171915554988817,0.06965914887168467,0.15267503945465002,-0.08709740679827671,0.5469387755102041,245,-0.04313654571817089,0.14986070172364596,0.011316356729528465,0.011000290948499636,0.1531655828158524,-0.10141333938244468,0.5428571428571428,245,1.344780221595825,67.77692316842958,0.5102040816326531,56843.0461302255,0,254,2
5,NYSE_recent,2024,6,10,-0.4217070611935183,-0.2318950714910142,-0.04705735485750229,-0.045780601163328494,0.15573587281083742,-0.15708082205291574,0.4857142857142857,245,-0.7953966047565754,-0.6062648836050656,-0.10143245649846167,-0.09875890768054352,0.15629602324932468,-0.17654856770128557,0.47346938775510206,245,1.3651532772530892,68.80372517355569,0.4489795918367347,54458.850788530486,0,231,1
5,NYSE_recent,2024,7,10,0.2565522552588294,0.45850088386409943,0.058068506267726416,0.05641084049268774,0.14637651213794747,-0.1249241119690353,0.5102040816326531,245,-0.12974727137078615,0.07063195621521877,-0.0004129924540393626,-0.0004015227448769254,0.14752295555981948,-0.1482137752167424,0.49795918367346936,245,1.3180363738331151,66.429033241189,0.4897959183673469,55764.53905593982,0,242,0
5,NYSE_recent,2024,8,10,0.23346546663359097,0.4476331840163909,0.053673022965814665,0.052143902492411964,0.13802517133544048,-0.10674758948373098,0.5142857142857142,245,-0.1881668864811765,0.02519981830759154,-0.0060607606842773,-0.0058929032603387554,0.13854333981276948,-0.12605937577300208,0.5061224489795918,245,1.3621986662063839,68.65481277680175,0.46938775510204084,55539.37206941378,0,223,3
5,NYSE_recent,2024,9,10,0.7058170819605952,0.9041861328359925,0.1315964899725972,0.12771708109591806,0.14901788235529337,-0.08713892171310644,0.5591836734693878,245,0.32641104174334507,0.5237459868629265,0.06956210126968343,0.06756598522789425,0.14979878940533314,-0.08796052661486808,0.5428571428571428,245,1.3110638727846249,66.0776191883451,0.5102040816326531,55463.37223500691,0,260,1
5,NYSE_recent,2024,10,10,-0.11075685468918182,0.09359113406238506,0.0030925748287291555,0.0030065409652124675,0.14465782642088518,-0.11692050569810608,0.5142857142857142,245,-0.5028313825678297,-0.29989910715723583,-0.05284290970879646,-0.05141345826154964,0.14566700061126897,-0.12593629815627982,0.49795918367346936,245,1.3323408107525379,67.1499768619279,0.4897959183673469,56355.72523784901,0,265,2
5,NYSE_recent,2024,11,10,0.5237721006509669,0.7363244822228269,0.09717078973133786,0.09434814968336691,0.13907412218896875,-0.07763973648521505,0.5387755102040817,245,0.11142827814580883,0.3219781266434411,0.035995661105324483,0.03497849775033157,0.14039685184866604,-0.08202203216594539,0.5102040816326531,245,1.3385220987519912,67.46151377710035,0.5918367346938775,57974.00451289636,0,233,0
5,NYSE_recent,2024,12,10,-0.6090225478507366,-0.4026829586747748,-0.06566787693232579,-0.06390335361509936,0.14326158157207822,-0.1194060091696223,0.4816326530612245,245,-1.006217925170379,-0.8015206950441632,-0.11853756809380711,-0.1154427960868476,0.14441102045227588,-0.16177393871665824,0.46938775510204084,245,1.3649951840848253,68.7957572778752,0.40816326530612246,54196.301841369,0,224,1
5,NYSE_recent,2024,13,10,0.038458200898857486,0.2547347373505385,0.02581115395467215,0.025085260012032373,0.1366793475208318,-0.08314403507530577,0.5183673469387755,245,-0.38338581468247235,-0.16800865419834687,-0.0319527851157122,-0.031079147548581987,0.13725009569183144,-0.09187896186117639,0.5061224489795918,245,1.3423962909959237,67.65677306619456,0.5306122448979592,56059.82454406386,0,250,0
5,NYSE_recent,2024,14,10,-0.30666177217353063,-0.12480784181103514,-0.03290959384552972,-0.03201023055300933,0.16255098708813803,-0.1167569255576757,0.47346938775510206,245,-0.6631792030510323,-0.48214908544565754,-0.08793334545582143,-0.08559845559959811,0.1632907069679963,-0.1315828280239425,0.46122448979591835,245,1.362567626822571,68.67340839185758,0.3673469387755102,53576.47239904713,0,252,3
5,NYSE_recent,2024,15,10,-0.047098568639158324,0.1617185061138205,0.012974590009830811,0.012611921660429681,0.14156187141903956,-0.11158574974937119,0.5387755102040817,245,-0.45499483498317994,-0.24697381211870517,-0.044175679483023034,-0.04297533640460438,0.14210359837303455,-0.13505984822527306,0.5224489795918368,245,1.3470733340731509,67.8924960372868,0.5102040816326531,55366.450479238505,0,251,0
5,NYSE_recent,2024,16,10,0.9043233795851541,1.108559864452438,0.16181050397651586,0.1569803547060742,0.14473680305206038,-0.06607609214997123,0.5224489795918368,245,0.5026762007057602,0.7056454883035996,0.09658023449529063,0.09377547156875243,0.14564043770430923,-0.06978739068961337,0.5102040816326531,245,1.3407534521675113,67.57397398924256,0.5714285714285714,60601.63597677364,0,244,3
5,NYSE_recent,2024,17,10,-0.0890499128104914,0.10519539513521811,0.004514258861903819,0.0043885880339114,0.15218146682103212,-0.09369735372721544,0.5061224489795918,245,-0.47203685233460013,-0.2785975458009485,-0.05274096407961448,-0.051314195021022524,0.152815559650172,-0.11564965045278741,0.49795918367346936,245,1.3699445114288136,69.0452033760122,0.42857142857142855,54853.88399792954,0,267,2
5,NYSE_recent,2024,18,10,0.603448992831856,0.8125595498374547,0.11061109784347711,0.10737929090463405,0.14136319232074787,-0.07700615912938691,0.49795918367346936,245,0.19205077532318185,0.4003015212974708,0.047912323688945824,0.046550925043907565,0.14194684272550342,-0.08151178402368009,0.4857142857142857,245,1.3477299013161408,67.9255870263335,0.5102040816326531,59044.184301391026,0,259,0
5,NYSE_recent,2024,19,10,-0.33363637868776796,-0.13444967136430394,-0.030436718967358334,-0.02960389621657944,0.14840616767803236,-0.164754095315381,0.46530612244897956,245,-0.7141437258791846,-0.51572140047212,-0.0841361574676579,-0.08189750798854112,0.14897787245279753,-0.1814510591453773,0.4489795918367347,245,1.3290865061007582,66.9859599074782,0.5306122448979592,53859.064663645055,0,231,1
5,NYSE_recent,2024,20,10,0.6253659142033814,0.8324149195328762,0.11479273890264974,0.1114327332603724,0.1427707215460367,-0.08728806448511661,0.5020408163265306,245,0.221412836949433,0.42727983280830456,0.052403645076472216,0.05091155545848225,0.14359045636701212,-0.10621283147991822,0.4857142857142857,245,1.3453997596128764,67.80814788448897,0.4489795918367347,56956.21789005688,0,245,1
5,NYSE_recent,2024,21,10,0.020072650712048626,0.23098283401206005,0.02284829031682767,0.022206620923926,0.14015698731925363,-0.07734828311179986,0.5020408163265306,245,-0.3810416413304988,-0.1716341657384185,-0.033578635121450096,-0.03266129851033461,0.14116275363475672,-0.09676766756603472,0.49795918367346936,245,1.3219990151748962,66.62875036481478,0.4489795918367347,55159.47221688677,0,241,1
5,NYSE_recent,2024,22,10,0.7524826143915287,0.9662598401515723,0.13209892135628065,0.12820387843081127,0.1382772920790996,-0.0769431597848933,0.49795918367346936,245,0.32805385581610874,0.5407505942818525,0.06773272778550399,0.06579070478660087,0.1389797328323494,-0.08856296063968705,0.4857142857142857,245,1.3657745290955619,68.83503626641631,0.6122448979591837,58617.284474599444,0,249,1
5,NYSE_recent,2024,23,10,-0.07317541676905576,0.13899749613720283,0.009753266944264816,0.009481062635882553,0.13932285455939175,-0.08886910872875486,0.4775510204081633,245,-0.45788172348198874,-0.2466557261391315,-0.04330520143194305,-0.04212798621620073,0.1399474319361322,-0.09697255543388283,0.47346938775510206,245,1.2554234433962397,63.273341547170475,0.4897959183673469,52491.31211200915,0,260,1
5,NYSE_recent,2024,24,10,-0.47868922660128443,-0.27364616009646375,-0.04860716247970487,-0.047289411428480976,0.1441674492591837,-0.14808543348750336,0.5102040816326531,245,-0.8786052843365407,-0.6752570017098729,-0.10303231956031489,-0.10031899662217314,0.14536899699591804,-0.18459737744502047,0.4897959183673469,245,1.3711814341399136,69.10754428065165,0.5714285714285714,57434.446206737535,0,241,3
5,NYSE_recent,2024,25,10,0.07642683371168274,0.2711918176862484,0.030146937096968918,0.029297374907479856,0.15177541302876837,-0.1138069059696718,0.5183673469387755,245,-0.29737204694039804,-0.10393167455724862,-0.027126782584077302,-0.02638329089284719,0.152814717641932,-0.12750340045105224,0.5061224489795918,245,1.323750521363034,66.71702627669693,0.5306122448979592,56375.83407556266,0,276,1
5,NYSE_recent,2024,26,10,0.5910301447263355,0.8049262572681113,0.10706776084288139,0.10394425202929769,0.13820043541234406,-0.0843351721890212,0.5306122448979592,245,0.17278403092946895,0.3850573787024303,0.04494432664405412,0.043669007663439396,0.13925693543919543,-0.0888462107810486,0.5224489795918368,245,1.3377988032402783,67.42505968331002,0.5102040816326531,58016.33463552262,0,273,1
5,NYSE_recent,2024,27,10,0.21581757976292554,0.41985200907563436,0.051676844253423004,0.05020593860631961,0.14488013609201153,-0.08313185145368462,0.5020408163265306,245,-0.17604575460910146,0.027282429502039532,-0.006523466388705157,-0.006342834909652928,0.1453833663813331,-0.10467064541732363,0.4857142857142857,245,1.3194988283826234,66.50274095048422,0.5510204081632653,57734.31344846034,0,249,2
5,NYSE_recent,2024,28,10,0.518726257689751,0.727347458118369,0.09749768321150909,0.0946651438545345,0.14169478377819816,-0.11398681322087245,0.5346938775510204,245,0.10286450890860326,0.31075963341156804,0.034689258685691726,0.03370960907957388,0.14218965431226163,-0.13479689187334698,0.5183673469387755,245,1.3782103776088972,69.46180303148842,0.5306122448979592,58284.700830591784,0,241,1
5,NYSE_recent,2024,29,10,-1.3468132986431698,-1.160771153084784,-0.1789078854889582,-0.17439961913796453,0.1588916091972513,-0.20697156555112273,0.5102040816326531,245,-1.7079209542733738,-1.5227704001551479,-0.22584355547042123,-0.22031922774016832,0.1596567508375137,-0.24628560610531813,0.5020408163265306,245,1.373093760627436,69.20392553562277,0.3877551020408163,52198.87454830286,0,245,0
5,NYSE_recent,2024,30,10,-0.16711076562989804,0.028998325249447583,-0.006940972447236127,-0.006748819748960688,0.15073516354460087,-0.10825008705852979,0.5183673469387755,245,-0.5553935811936834,-0.3598668015294438,-0.06370071208758521,-0.0619872763568845,0.15118407788970278,-0.11199044328059804,0.5061224489795918,245,1.368146668034797,68.95459206895377,0.4489795918367347,55411.47637958268,0,237,1
5,NYSE_recent,2024,31,10,0.4336522453405599,0.628836722330397,0.0873497240961536,0.08482326812221275,0.1514492153380636,-0.12075739439495103,0.563265306122449,245,0.049021975457900956,0.2433363881658249,0.025758591481295223,0.025034193732572207,0.15212734595613306,-0.13943297471443927,0.5510204081632653,245,1.3592176188235174,68.50456798870528,0.6326530612244898,58271.01502104168,0,242,3
5,NYSE_recent,2024,32,10,0.2692520754547588,0.47158781485252843,0.05998613087233817,0.05827223004958659,0.1460964631076294,-0.10069420066660839,0.5387755102040817,245,-0.13534338484084862,0.06587359760393564,-0.0010783278716557376,-0.00104839002673629,0.14690875256710917,-0.10616929979089351,0.5265306122448979,245,1.3843553472493928,69.7715095013694,0.5918367346938775,59155.05829298149,0,235,1
5,NYSE_recent,2024,33,10,-0.42469191303449716,-0.22309008938897767,-0.04250070064880285,-0.0413448793789456,0.14662831591373915,-0.13022502351867005,0.5102040816326531,245,-0.8049357020787498,-0.6040066344119581,-0.09486379481203511,-0.09235435636749012,0.14711926069005868,-0.15363758344910894,0.49387755102040815,245,1.3024608044083228,65.64402454217947,0.46938775510204084,52611.06831458797,0,274,4
5,NYSE_recent,2024,34,10,0.2614165303512023,0.4827896884308164,0.05712814781450559,0.055498024163679105,0.13353261137310102,-0.10123998850961169,0.5183673469387755,245,-0.16301798242732454,0.05739538390465507,-0.0012882340324832375,-0.001252472172705077,0.13411408018585416,-0.10725373861134146,0.5061224489795918,245,1.3244447288784036,66.75201433547154,0.4897959183673469,56581.358676489996,0,263,2
5,NYSE_recent,2024,35,10,0.2227043458438413,0.4337057266319135,0.052291011770042806,0.0508022059472264,0.1400964096816574,-0.07454514339050122,0.5306122448979592,245,-0.1938288869785515,0.015868309826835528,-0.007644737129578583,-0.007433174542726406,0.14096772077366063,-0.08491743266071516,0.5224489795918368,245,1.3699228994692814,69.04411413325178,0.46938775510204084,56991.603654119586,0,242,0
5,NYSE_recent,2024,36,10,1.6983154601124701,1.9175337903225453,0.2832698633810087,0.27440997503354647,0.13484518314665345,-0.06424317299753235,0.5673469387755102,245,1.278617558156679,1.4970431224575043,0.21339808575661778,0.20689609004396847,0.135334597765164,-0.06862272255286783,0.5673469387755102,245,1.2977012228784661,65.4041416330747,0.5102040816326531,59741.644332594304,0,275,1
5,NYSE_recent,2024,37,10,1.4209975091666,1.6215928909879431,0.25616047198974745,0.2482278546092591,0.14736399022689756,-0.06857367830988947,0.5551020408163265,245,1.042196791922692,1.242458347646726,0.1882708957821666,0.18259074293575095,0.14760963870178065,-0.07426247777316941,0.5510204081632653,245,1.2967328980375104,65.35533806109054,0.5306122448979592,60104.85224571648,0,257,2
5,NYSE_recent,2024,38,10,0.012244458811643441,0.21916985173963782,0.021370518296194962,0.020770770608135702,0.14285600944378823,-0.0804939978562681,0.5265306122448979,245,-0.38586370623771254,-0.17970571706687735,-0.03537057770417229,-0.03440516352845624,0.14338777752525264,-0.10175076761553747,0.5142857142857142,245,1.337611703135184,67.41562983801327,0.5102040816326531,55859.215331871805,0,260,1
5,NYSE_recent,2024,39,10,0.9875276668166727,1.1950377371403724,0.17358765035227197,0.16838115570631929,0.14245350040202379,-0.069634535354685,0.5510204081632653,245,0.5931898549475745,0.7993101071340906,0.10998897653574558,0.10677620609747107,0.14341402929942146,-0.07182976606694758,0.5306122448979592,245,1.2865912425762505,64.84419862584302,0.5510204081632653,59172.0180819314,0,273,2
5,NYSE_recent,2024,40,10,1.334081734543677,1.5477862228043258,0.2268982248303355,0.21994888453056705,0.13832435681101418,-0.06079752027327745,0.5551020408163265,245,0.9245787618016198,1.1367331248828565,0.1602983637539137,0.15551630389490345,0.13933503632429195,-0.06265063019200867,0.5428571428571428,245,1.2871802179829228,64.87388298633931,0.5510204081632653,59217.021572918806,0,281,4
5,NYSE_recent,2024,41,10,0.3703163980900428,0.5856264245394713,0.07359869585890721,0.07148292292321923,0.13729289050653778,-0.0996362505166114,0.5102040816326531,245,-0.041556854339022994,0.1731031698627963,0.014506109807703282,0.014100334914094681,0.13770862085848318,-0.11965592422607241,0.4897959183673469,245,1.31438329774918,66.24491820655868,0.4897959183673469,55572.83547659937,0,272,2
5,NYSE_recent,2024,42,10,0.655570988703655,0.8480382816034359,0.12580976976211677,0.1221099915261481,0.1535873209463883,-0.09292407947408521,0.5142857142857142,245,0.2684571771437759,0.46007603498451405,0.060926891743966705,0.05918536855108214,0.15426736292755733,-0.11485429204386599,0.5020408163265306,245,1.3837016465702126,69.7385629871387,0.5510204081632653,62210.850949751075,0,240,1
5,NYSE_recent,2024,43,10,0.23562093512793578,0.4589672488799173,0.053377806089016655,0.05185730149547285,0.1323529159254767,-0.07976439599344043,0.5469387755102041,245,-0.20164897074022026,0.019974896875896698,-0.006192985596544132,-0.006021477205932935,0.13338155409093427,-0.09280510227845762,0.5428571428571428,245,1.3596469775131104,68.52620766666077,0.4897959183673469,56024.43632388602,0,247,3
5,NYSE_recent,2024,44,10,0.4659609308942119,0.6627550042963436,0.0923071660067325,0.08963150065071579,0.15021049859503013,-0.08094339349633306,0.5020408163265306,245,0.08957801653723697,0.2853748259981007,0.03222946399650972,0.03132032732304668,0.15097557497324685,-0.10111129876710856,0.4897959183673469,245,1.3123895797574157,66.14443481977375,0.5102040816326531,55139.71515846598,0,273,1
5,NYSE_recent,2024,45,10,0.7475509243084842,0.9491313996378214,0.13704097737335652,0.13299183415947513,0.14664384453894108,-0.1193833040910347,0.5387755102040817,245,0.33575627112236844,0.5362848733788587,0.07058877668500885,0.06856226575090973,0.1474130650373314,-0.1392287987959312,0.5142857142857142,245,1.3928300282846884,70.1986334255483,0.5714285714285714,59975.30867417611,0,241,2
5,NYSE_recent,2024,46,10,0.3393778404446424,0.5285615956607799,0.07294448959118283,0.07084813712925508,0.15625303479418212,-0.11740517028312025,0.5469387755102041,245,-0.016313138815201602,0.17181855208372085,0.014792703300452681,0.014378854938345897,0.15712682826075886,-0.12043059751490559,0.5346938775510204,245,1.2885961692476724,64.94524693008269,0.5306122448979592,56896.08115304072,0,262,2
5,NYSE_recent,2024,47,10,0.1656745470698807,0.3876487207111598,0.04370569938481039,0.04246623661841231,0.1331710595037619,-0.09890018150157198,0.5142857142857142,245,-0.26568608852869324,-0.0450065583499429,-0.014865991691224156,-0.014456046942538658,0.13395232381697175,-0.11774577227615102,0.5102040816326531,245,1.3495193348106398,68.01577447445624,0.4897959183673469,57433.578484797334,0,244,2
5,NYSE_recent,2024,48,10,0.5273848172598298,0.7405005922721947,0.0976190444195304,0.09478282921577996,0.1387064654625687,-0.10527980165319528,0.5224489795918368,245,0.1101958562820182,0.32211231165484816,0.035896073527889705,0.03488177142658966,0.13949146060542847,-0.11117281982599025,0.5020408163265306,245,1.338568101019449,67.46383229138023,0.4489795918367347,58740.59584323626,0,277,0
5,NYSE_recent,2024,49,10,0.5902954119603667,0.8001564452272354,0.10828148505828183,0.10512091446371175,0.14085766864918967,-0.08782520736559951,0.5142857142857142,245,0.18333271741133028,0.39195985108624315,0.0465899968484218,0.045266977178328505,0.1416907540528405,-0.0916521027460645,0.5020408163265306,245,1.3316608118293412,67.1157049161988,0.4897959183673469,58607.610023461646,0,258,1
5,NYSE_recent,2025,0,10,0.08597402962918543,0.24482217932000952,0.028731404385321735,0.02734470868927552,0.1860930451114265,-0.1901432028554635,0.5,240,-0.22401064882083072,-0.06443874711239961,-0.02860466890579827,-0.027261283812890502,0.18524900417802878,-0.1990083121142041,0.49583333333333335,240,1.362251168136502,68.65745887407971,0.5,51854.912859343785,0,244,0
5,NYSE_recent,2025,1,10,0.8341400423361922,0.9899145796983196,0.18521642469255473,0.1756647229747057,0.18976487676905807,-0.15459003298375906,0.5083333333333333,240,0.5382181487441421,0.6947381603600278,0.1201698590964011,0.11413298254654092,0.18886106371385508,-0.1587863991947671,0.5,240,1.3376640484148339,67.41826804010762,0.5208333333333334,55034.06453916795,0,232,2
5,NYSE_recent,2025,2,10,0.3197450178284346,0.4654305590659556,0.0767748139067006,0.07298866002778692,0.2029064492960672,-0.17712139850383235,0.49583333333333335,240,0.043532976697674544,0.1896914134841182,0.018196461444182743,0.017322502359399694,0.20224994558112933,-0.1870296061560589,0.49166666666666664,240,1.3201283026029418,66.53446645118827,0.4375,55814.60932207574,0,235,2
5,NYSE_recent,2025,3,10,0.7133445048984657,0.8824280742889528,0.14915144245810907,0.1415689786349339,0.1748279622487334,-0.17238775427060138,0.5416666666666666,240,0.3964099181152527,0.5661638459418766,0.08706656927878487,0.08275365184606809,0.17413756644542827,-0.1809184835656381,0.5291666666666667,240,1.3157803062997717,66.3153274375085,0.6458333333333334,53254.37880345112,0,270,2
5,NYSE_recent,2025,4,10,0.46392299035313445,0.6236028903667155,0.10336690006702431,0.0982106929888702,0.18512371240066525,-0.21436103573773135,0.48333333333333334,240,0.16493988650726402,0.32523299917970944,0.043980329918605454,0.04184282636458048,0.18441550852335933,-0.2212970429074459,0.4791666666666667,240,1.3161194122209325,66.332418375935,0.625,52585.75337942535,0,228,3
5,NYSE_recent,2025,5,10,0.8629898505511178,1.0260761669645997,0.1848561500286523,0.1753243669897635,0.18125699651793384,-0.15842490550675847,0.5791666666666667,240,0.5580493095405209,0.7223308797114695,0.12061307544120936,0.11455281453544153,0.17993823564944597,-0.16801267057752123,0.5666666666666667,240,1.3199870361849289,66.52734662372042,0.625,55201.72932616316,0,246,3
5,NYSE_recent,2025,6,10,1.273872139115674,1.4375427843040307,0.2755349018748545,0.2608382561181264,0.18060988182860802,-0.11602394014846718,0.525,240,0.9743184300647701,1.138494096334835,0.2078727508844067,0.1970586058565511,0.18005430742491899,-0.1268473763910568,0.5166666666666667,240,1.276178296912115,64.3193861643706,0.5625,58892.37617857475,0,271,4
5,NYSE_recent,2025,7,10,0.17678109485947197,0.33086434743140175,0.046272981199036334,0.04402171935393007,0.1918478185841877,-0.1736027964480219,0.49166666666666664,240,-0.12016183127368414,0.03483273021954442,-0.011323175054353096,-0.010786895158968246,0.19071982656354436,-0.18184320584471458,0.48333333333333334,240,1.3442053581087363,67.74795004868032,0.5625,55452.35807175933,0,238,2
5,NYSE_recent,2025,8,10,0.8953028544740032,1.0516343347233041,0.19839035912773295,0.18810693270326517,0.18908882484283474,-0.19123367482313214,0.5458333333333333,240,0.6034357162070264,0.7606154669057887,0.13359416932340107,0.12684552471877963,0.18806834693951413,-0.19717721222013818,0.5333333333333333,240,1.3152651263999033,66.28936237055512,0.5833333333333334,55077.11549127011,0,251,1
5,NYSE_recent,2025,9,10,0.5077907959494639,0.6593201126333285,0.11608089589933823,0.11025938191379625,0.19508129867669943,-0.1292270983415601,0.5166666666666667,240,0.2222151715926802,0.3747121546793772,0.0555749808154935,0.052859839153087895,0.19384341439381475,-0.1377199314480161,0.5125,240,1.3128010265310728,66.16517173716606,0.5625,54850.967513956326,0,262,2
5,NYSE_recent,2025,10,10,-0.2678584578327747,-0.11188967238297909,-0.03824806539465564,-0.03646035356407529,0.1895285380406859,-0.2363831982525747,0.4708333333333333,240,-0.5722093252047606,-0.4152023541558582,-0.09130978342115115,-0.08715708372142994,0.1882753083433095,-0.24377879367575372,0.4666666666666667,240,1.348679901437589,67.97346703245448,0.5,50840.3147134724,0,260,2
5,NYSE_recent,2025,11,10,-0.30033000722240405,-0.14445051250363242,-0.0442142035854558,-0.042153794373637976,0.1896371035819207,-0.18818280544444954,0.4791666666666667,240,-0.5986438772619225,-0.44230977997780335,-0.09641335000700546,-0.09204049013933335,0.18908565949345202,-0.19719389219814387,0.4708333333333333,240,1.3340780821983849,67.2375353427986,0.5208333333333334,49581.5296923059,0,257,1
5,NYSE_recent,2025,12,10,-0.1418979328196833,0.009092181572985601,-0.01717377279894028,-0.016362702506681703,0.19577795543226917,-0.18018576009877885,0.5291666666666667,240,-0.43093853175754976,-0.2794425832062973,-0.07088025873965886,-0.06762185824124478,0.19512426681351516,-0.18735811443488437,0.5166666666666667,240,1.334250395603733,67.24621993842815,0.5625,51451.658070365935,0,234,2
5,NYSE_recent,2025,13,10,0.5361046120474332,0.7015279596407863,0.11576690046560234,0.10996189647003107,0.17869627423419965,-0.12638735480967278,0.5333333333333333,240,0.23820825258629502,0.40421861261720626,0.05789651614476421,0.05506502270932012,0.17806440441895896,-0.13433216925245905,0.5208333333333334,240,1.254887705572795,63.246340360868864,0.5208333333333334,52494.59479601665,0,260,2
5,NYSE_recent,2025,14,10,0.6953627548292459,0.8551876207124429,0.15170741403524257,0.14398704731029222,0.18495579973071613,-0.1429351999850983,0.5,240,0.3960259183542089,0.556441027674594,0.08953844083196061,0.08509834827966456,0.18427525942859976,-0.14892376887080572,0.49166666666666664,240,1.3085552535877474,65.95118478082246,0.5416666666666666,56595.23200811249,0,264,3
5,NYSE_recent,2025,15,10,0.3773382181778974,0.551645201798328,0.0824408241448622,0.07836521368647276,0.16958893598119937,-0.14848257843242785,0.48333333333333334,240,0.05175704097475899,0.2268741795020789,0.02439653796476371,0.02322141523223964,0.16880435652886963,-0.15632372973908615,0.4708333333333333,240,1.3089376463242137,65.97045737474038,0.4791666666666667,52803.92468117489,0,234,2
5,NYSE_recent,2025,16,10,0.2597154142610859,0.43790021832889997,0.06088830372936349,0.057906526763743305,0.16589818666596803,-0.09467863921129382,0.49166666666666664,240,-0.06815630883634428,0.11094490164300648,0.004920249671484633,0.00468540405524509,0.1650493361109321,-0.10411237796589268,0.4875,240,1.275823098459681,64.30148416236793,0.5,51195.804580545766,0,258,3
5,NYSE_recent,2025,17,10,0.9780327496642836,1.1300543362556352,0.2226811164076572,0.21103148188190146,0.19444959462068154,-0.20667832836525724,0.5,240,0.6940791100307405,0.8467908007703447,0.15652839653932538,0.1485472272294599,0.19357087687992525,-0.21529676536498787,0.48333333333333334,240,1.311297408883189,66.08938940771273,0.6458333333333334,53239.86139141523,0,274,4
5,NYSE_recent,2025,18,10,0.7503949489315606,0.9152842050139893,0.15958041948014112,0.15143367556406617,0.179275087950568,-0.20773840938838128,0.5041666666666667,240,0.4317992206241519,0.5975877990458924,0.09495939639642925,0.09023951551765652,0.1783026078617052,-0.21634319748917563,0.49166666666666664,240,1.354508196018477,68.26721307933124,0.5625,55944.97168183101,0,262,4
5,NYSE_recent,2025,19,10,1.02797789238897,1.2108730274463149,0.20045121329259152,0.19005272918084892,0.16162559970232535,-0.10741790941359597,0.525,240,0.6868758498778413,0.8707922051397537,0.1355577867940554,0.12870442660467285,0.16072815190462242,-0.11703658048878862,0.5166666666666667,240,1.309243742624105,65.9858846282549,0.5416666666666666,54822.67097503867,0,267,4
5,NYSE_recent,2025,20,10,0.14719666840337658,0.32471124996911804,0.041185259067726854,0.039186134895559555,0.16652455040902425,-0.12406015273086557,0.475,240,-0.17391495250739306,0.004160074138444272,-0.012851235801051852,-0.012243034104046036,0.16600045746488823,-0.15097042696988316,0.4583333333333333,240,1.2605248487664449,63.53045237782882,0.4583333333333333,49611.907658783675,0,236,3
5,NYSE_recent,2025,21,10,0.8792706739449295,1.0436153090041176,0.1871562736084884,0.17749723789056082,0.1798691869414237,-0.1432321974344931,0.525,240,0.5691551489035587,0.7345307784042325,0.12228928274547002,0.11614051268221703,0.1787478359147272,-0.1491985686077305,0.5208333333333334,240,1.3318375505704516,67.12461254875076,0.5625,56823.77306167495,0,270,1
5,NYSE_recent,2025,22,10,0.8380366234034704,1.0105296047777688,0.17181653342698544,0.1630023484239307,0.17137239817391028,-0.1812141517680842,0.5166666666666667,240,0.5196412893808511,0.6927888329329482,0.10936819329966263,0.10389876552649668,0.17072454670653125,-0.18659869255000594,0.49166666666666664,240,1.286700966322335,64.84972870264568,0.6041666666666666,53578.74396973162,0,271,1
5,NYSE_recent,2025,23,10,0.43487574343853463,0.5912844664028065,0.09860140570639087,0.09369287112203661,0.18899544300373583,-0.2212876033033283,0.5083333333333333,240,0.1351157826274894,0.2921355603144976,0.038142675367899725,0.03629379841883584,0.18825995248321506,-0.2290708761902851,0.4875,240,1.3418306604988965,67.6282652891444,0.4791666666666667,53008.21630097809,0,236,2
5,NYSE_recent,2025,24,10,-0.21419947032996173,-0.057058065657376714,-0.027832647743003647,-0.026525022670287668,0.18811423983305092,-0.15663870891421228,0.5,240,-0.5179788027002686,-0.3601280287978977,-0.08130207173740278,-0.07758487361723698,0.1872688689164365,-0.17521004217322567,0.49583333333333335,240,1.3404774281672571,67.56006237962976,0.5416666666666666,53442.27847329629,0,245,1
5,NYSE_recent,2025,25,10,0.44837238333339824,0.5988220106089575,0.10350564497723402,0.09834221310313795,0.19648128361354417,-0.19124669917494042,0.5375,240,0.17027932330605947,0.32142202897771593,0.04485909974324587,0.04267801970887919,0.1955803011129011,-0.19996443434341982,0.5208333333333334,240,1.295962240322026,65.31649691223011,0.5625,52320.12572171878,0,251,1
5,NYSE_recent,2025,26,10,1.0141857906226142,1.1934711508559486,0.20116457667033205,0.19072622833902164,0.16487980863473192,-0.12666141921370566,0.48333333333333334,240,0.6859724659449932,0.8658743223318356,0.13758844123838543,0.1306266295376044,0.1643147907418877,-0.13507758302924855,0.475,240,1.2779798954870245,64.41018673254604,0.6041666666666666,55523.29298721835,0,268,3
5,NYSE_recent,2025,27,10,0.6642465937535031,0.8324276510710817,0.1399827326265235,0.13289283872509783,0.1757661436891885,-0.13884757461784214,0.5,240,0.3445941015563264,0.5134775774146657,0.07758227416543129,0.07375495212867977,0.1750350988220822,-0.14425919980017732,0.49166666666666664,240,1.3280866615116698,66.93556774018815,0.625,56698.501790982096,0,252,3
5,NYSE_recent,2025,28,10,0.7534430595263311,0.9308822814469603,0.15177632823494402,0.14405223982654158,0.1665952745188657,-0.12142335393790926,0.4791666666666667,240,0.4284138088174438,0.6067114780194444,0.09086043864281068,0.08635222673555965,0.1657931705926612,-0.1280028942246687,0.4666666666666667,240,1.2789762284910475,64.4604019159488,0.5416666666666666,54341.623447721206,0,272,4
5,NYSE_recent,2025,29,10,1.0869346695967226,1.2530549654580427,0.23028077953876336,0.2181992365831058,0.17794656416310947,-0.13654438732901575,0.5375,240,0.7710259700205979,0.9382934667925399,0.16222522735833067,0.15393470796462538,0.17672612107410782,-0.14214981365285584,0.5208333333333334,240,1.3567032674128132,68.37784467760578,0.5833333333333334,57686.02671466599,0,213,2
5,NYSE_recent,2025,30,10,0.24534295045831295,0.41156589611622596,0.05916202932158465,0.0562670132404286,0.17783667452938032,-0.1410025652739233,0.4791666666666667,240,-0.06597422463511625,0.10073666641490112,0.00224729858011119,0.0021401699313510214,0.17731616512932122,-0.14968730899006277,0.4625,240,1.3064060171385141,65.84286326378111,0.5416666666666666,53365.86811273356,0,254,1
5,NYSE_recent,2025,31,10,1.235474435804036,1.4048660914470432,0.2585591714284927,0.2448520855941616,0.17450998854736952,-0.14657948307849367,0.5416666666666666,240,0.930655225656637,1.100757866853558,0.1927478887273144,0.18277866572277768,0.1737805814082577,-0.15376206209098653,0.5291666666666667,240,1.2637207940278543,63.691528019003854,0.6041666666666666,57602.71081317225,0,246,3
5,NYSE_recent,2025,32,10,-0.3836919216378251,-0.22303891565417922,-0.056238772697796535,-0.05363390518813971,0.18400238268364774,-0.19851724677088134,0.4875,240,-0.7044559808515597,-0.5433472535170133,-0.1099388001764462,-0.10498884740433645,0.18348190303122422,-0.20685386693068142,0.475,240,1.3880306870339514,69.95674662651115,0.3958333333333333,52950.38319230672,0,231,1
5,NYSE_recent,2025,33,10,-0.16867890488396733,-0.006397035911316729,-0.0174430991753044,-0.016619417168476924,0.182155505562134,-0.16533133812348777,0.5083333333333333,240,-0.47492603559318647,-0.31186373519856264,-0.07023797196203818,-0.06700802142617968,0.18128369227431654,-0.17378837564126215,0.49166666666666664,240,1.314788683604534,66.26534965366851,0.4791666666666667,50929.78789818515,0,245,1
5,NYSE_recent,2025,34,10,1.1010433743268118,1.2747436178523175,0.22443905135715636,0.21268969699822682,0.17018131515711174,-0.13122400785067456,0.5375,240,0.7775279590970282,0.9515273205880073,0.15868275334601556,0.15058474610889205,0.16988876069992764,-0.1363338566461043,0.5333333333333333,240,1.3070414532488102,65.87488924374003,0.5625,58117.46991968785,0,246,2
5,NYSE_recent,2025,35,10,0.7526365379753258,0.9211934994312998,0.15740977467150197,0.14938082712369538,0.17537416212858217,-0.20355705368802002,0.5083333333333333,240,0.4406459823091934,0.6100179269081555,0.09556213139800951,0.09081106696162222,0.1745302975429279,-0.21243353261019549,0.49166666666666664,240,1.2931601750204536,65.17527282103086,0.6041666666666666,51658.29180968405,0,258,3
5,NYSE_recent,2025,36,10,0.2202245191480624,0.37876838260379375,0.05496694823124004,0.05228224207987542,0.1864502052741704,-0.17781832611688742,0.45,240,-0.08798448233565292,0.07120519179932447,-0.0037442044234482497,-0.003566227283826162,0.18569380235816482,-0.18453331627223324,0.44583333333333336,240,1.3613024532824103,68.60964364543348,0.5,53055.31077795895,0,215,3
5,NYSE_recent,2025,37,10,0.8276869973909987,1.003126876328397,0.1675611006913187,0.15897969146825486,0.16849382287153297,-0.1664981494200669,0.5125,240,0.50720927683923,0.6834640725319485,0.10591817224339195,0.10062898821935073,0.167714789093267,-0.17467389411359435,0.5041666666666667,240,1.2787852210859485,64.45077514273181,0.5833333333333334,51519.864346220646,0,263,4
5,NYSE_recent,2025,38,10,0.6167908513443281,0.7924112581890915,0.12660874051675375,0.12023136916433863,0.16832062069193734,-0.19179636383713916,0.5333333333333333,240,0.2754936987484629,0.45182978367078935,0.06365202553406313,0.06053108217961256,0.1676374741976502,-0.20105851026750454,0.5208333333333334,240,1.3561207160083015,68.3484840868184,0.5208333333333334,53957.724553667686,0,233,2
5,NYSE_recent,2025,39,10,1.752877236468279,1.9162084862990247,0.39158197024248076,0.36985639400816006,0.18098518144515305,-0.09704235903273029,0.5458333333333333,240,1.4575468796115543,1.6216959869623364,0.31771240240702436,0.30051357293818537,0.18008343976620672,-0.10697377684285059,0.5333333333333333,240,1.2871224600508961,64.87097198656517,0.625,58943.65854972601,0,247,2
5,NYSE_recent,2025,40,10,-0.1494448942909732,0.0038674369866332895,-0.017612421029362446,-0.016780811923441386,0.1928125131223473,-0.254820614733246,0.5083333333333333,240,-0.4580294924248902,-0.3039408346805859,-0.07378842495483073,-0.07040146091863286,0.19184108888360957,-0.2630333415522528,0.4875,240,1.4049576991416182,70.80986803673756,0.5833333333333334,48690.48995846267,0,204,0
5,NYSE_recent,2025,41,10,0.05842200469062298,0.22110668848754897,0.024065779194361037,0.022906765817906072,0.1817044800798864,-0.23024139087211704,0.5083333333333333,240,-0.25802495695165,-0.09467390337634804,-0.03284787248767551,-0.031308440277910354,0.1809632398401047,-0.23825212037560395,0.49166666666666664,240,1.3627349057114433,68.68183924785674,0.5,51603.80694022517,0,229,3
5,NYSE_recent,2025,42,10,0.6118819365145198,0.7681744531360165,0.13606535860773583,0.12918490577537334,0.18913596457001047,-0.15040211840852935,0.525,240,0.3084961000756047,0.46596819994537164,0.07254386335870344,0.06897297558913373,0.18771919540495363,-0.15568492150415236,0.5083333333333333,240,1.3643459509659017,68.76303592868145,0.5625,56262.107419176995,0,225,2
5,NYSE_recent,2025,43,10,0.6235758566011665,0.7924837685853567,0.1314721532799854,0.1248364989213302,0.17500977626819544,-0.16154779400890873,0.49583333333333335,240,0.3086483837528014,0.47818790369135195,0.07072145998890056,0.06724306182489537,0.17435778924580742,-0.16950917063982618,0.49166666666666664,240,1.3062295919659834,65.83397143508556,0.5208333333333334,52347.36371336905,0,220,2
5,NYSE_recent,2025,44,10,0.39482229969931915,0.5530263779439641,0.08984618418403634,0.08539024082619395,0.18685065653344968,-0.14026580919002885,0.48333333333333334,240,0.09776606361474126,0.2568736889507088,0.03110371953539537,0.029600887140407872,0.18578956114681433,-0.14885399765740592,0.4666666666666667,240,1.3105459088089477,66.05151380397096,0.5833333333333334,55648.90574241128,0,255,4
5,NYSE_recent,2025,45,10,0.9163234779613665,1.0778265804280667,0.1979841659601589,0.18772339854975173,0.18303385776986025,-0.21201171715211575,0.5083333333333333,240,0.6102217170494438,0.7726311939410931,0.13224399491897243,0.1255672633226097,0.18201238284883042,-0.22021850106044072,0.49583333333333335,240,1.3362087298423482,67.34491998405434,0.6041666666666666,53611.89624108179,0,250,3
5,NYSE_recent,2025,46,10,-0.4675818140891709,-0.31591307308396027,-0.07739414721386628,-0.0738483595209809,0.19490196655133832,-0.20970407768397603,0.475,240,-0.766630753721381,-0.6141382886794412,-0.1287755821002815,-0.12303756730572235,0.1938491575839577,-0.23456060460739225,0.4583333333333333,240,1.3555706795711304,68.32076225038499,0.4375,50648.12028087878,0,244,1
5,NYSE_recent,2025,47,10,0.4636009637230261,0.6087779662036805,0.10895640118197347,0.1035085126555999,0.20361720783028459,-0.17727815364332133,0.5458333333333333,240,0.18588876895490908,0.3315491526451926,0.04800966366664294,0.04567207859805733,0.20294149402445275,-0.18363237844718816,0.5291666666666667,240,1.3371798254739564,67.3938632038874,0.5,54394.91180990229,0,245,3
5,NYSE_recent,2025,48,10,0.250240132853659,0.41770578228429917,0.05994260498565951,0.05700837367330469,0.17651701102156084,-0.15509472479963393,0.5458333333333333,240,-0.07896503865054078,0.08939298356987935,0.0003450448996284994,0.0003286114907654625,0.17558139194329267,-0.1633980806472043,0.5291666666666667,240,1.362369278848803,68.66341165397968,0.4791666666666667,56287.23734512494,0,240,0
5,NYSE_recent,2025,49,10,0.4161761417819517,0.5860369601524956,0.0908847436434681,0.08637527868056138,0.17402798461618238,-0.1298494801754848,0.5,240,0.10314995122794118,0.2739502501735951,0.03312272623544166,0.03152085863810794,0.17307075027829358,-0.13911186075524473,0.48333333333333334,240,1.2898441799621312,65.0081466700914,0.5625,53027.29814570354,0,259,2
5,NASDAQ_recent,2022,0,10,-0.8620787259434007,-0.735996283590171,-0.18130668432337071,-0.17674468484191885,0.23445402337198565,-0.26953496275148625,0.5061224489795918,245,-1.1100463585464055,-0.9838096288407014,-0.22729498527289027,-0.22174044668041393,0.23416747213901704,-0.28859393776314035,0.5061224489795918,245,1.336305852639817,67.34981497304678,0.40816326530612246,46166.41015935552,0,271,3
5,NASDAQ_recent,2022,1,10,-1.504567467381596,-1.3738660871782544,-0.28569712393298174,-0.2789901114865243,0.226168505950677,-0.318141036899641,0.4326530612244898,245,-1.7598759095465444,-1.6289504934739916,-0.325320343907617,-0.31790494133936353,0.2257814927996874,-0.34715067417883605,0.4326530612244898,245,1.3194008711229872,66.49780390459856,0.42857142857142855,43842.01876061386,0,235,3
5,NASDAQ_recent,2022,2,10,-0.3687685932247426,-0.23545710484166785,-0.0738432699867223,-0.07186763377164596,0.22174034844872514,-0.1421701744769941,0.4775510204081633,245,-0.6269464541861088,-0.4935815669033924,-0.12533691790341261,-0.12207719672590878,0.22165156428030866,-0.16363389363724,0.46938775510204084,245,1.3179705909798514,66.4257177853845,0.5102040816326531,50918.323942260606,0,266,3
5,NASDAQ_recent,2022,3,10,-0.3106892868258467,-0.17848378702966222,-0.06276924851813082,-0.06108004207006745,0.22359535671249203,-0.19669082579124686,0.49795918367346936,245,-0.5724469426160744,-0.4401729988346634,-0.11599259833304876,-0.1129599323354551,0.22347965926782484,-0.21697189846009468,0.4857142857142857,245,1.344438496505711,67.75970022388783,0.4489795918367347,50395.2908960014,0,285,3
5,NASDAQ_recent,2022,4,10,-0.7788079741310099,-0.6436274258940471,-0.1517500851921183,-0.1478632921126306,0.2186744784794291,-0.2134850869974051,0.46122448979591835,245,-1.0445067870315594,-0.909150388076927,-0.199386695490541,-0.19442588509645298,0.21839038356944626,-0.24416456137066145,0.45714285714285713,245,1.3314759678483694,67.10638877955782,0.5102040816326531,48684.15390021021,0,261,3
5,NASDAQ_recent,2022,5,10,-0.919977597987774,-0.7888085266453673,-0.18382503667058747,-0.1792068314473494,0.22536208866734783,-0.2358412679498565,0.4489795918367347,245,-1.184550433233727,-1.0533552244570366,-0.23106671701687287,-0.22543401861304735,0.2253171907870251,-0.2707350654313523,0.44081632653061226,245,1.3755366120832258,69.3270452489946,0.3877551020408163,48542.211570456835,0,253,3
5,NASDAQ_recent,2022,6,10,-0.893521465276759,-0.7603181062606463,-0.17578543896590026,-0.17134740044894647,0.2219203487406457,-0.22492529425866448,0.46530612244897956,245,-1.1579480048145363,-1.024800895915096,-0.22290827670457025,-0.21744527153470938,0.2220141025263032,-0.24513683722667035,0.4448979591836735,245,1.3518896036887715,68.1352360259141,0.3877551020408163,48610.03174060646,0,252,6
5,NASDAQ_recent,2022,7,10,-0.8931503514789915,-0.7758872535660165,-0.20346942923628242,-0.19842008791965937,0.2520872841703285,-0.3322454481279432,0.4857142857142857,245,-1.125242746966955,-1.0078700177764182,-0.2485446888457037,-0.2425564132123006,0.2518518235892266,-0.34921502582780295,0.4857142857142857,245,1.3520654794934204,68.14410016646838,0.4489795918367347,44009.8774973031,0,233,3
5,NASDAQ_recent,2022,8,10,-0.3620810314427756,-0.23224435166553842,-0.07564777481187013,-0.07362580343527092,0.22767476753871585,-0.19619059442295483,0.46530612244897956,245,-0.6261467878992646,-0.4961134066505485,-0.1293584048666031,-0.1260017977977428,0.22733036396046985,-0.2301032403049612,0.45714285714285713,245,1.3848244214085867,69.79515083899277,0.5306122448979592,51777.80398134174,0,245,1
5,NASDAQ_recent,2022,9,10,-0.3606109912254421,-0.22862682814137875,-0.07340041597647817,-0.07143616569127775,0.22397032489006624,-0.17117309407534997,0.4530612244897959,245,-0.6169426293152057,-0.48480971381520077,-0.12494023618637384,-0.12169009908353545,0.223718183878869,-0.19208820839197405,0.44081632653061226,245,1.324802004484291,66.77002102600827,0.46938775510204084,50676.285279875534,0,247,2
5,NASDAQ_recent,2022,10,10,-0.4920083995970677,-0.36700764682157283,-0.10828723652179284,-0.10544381601290165,0.23648286294221574,-0.208045707737475,0.49795918367346936,245,-0.7397337095242684,-0.6145479977793721,-0.1587736923750439,-0.154723879351228,0.23613346502769952,-0.2338388242870425,0.4897959183673469,245,1.341592712436521,67.61627270680067,0.42857142857142855,49084.95463174868,0,257,2
5,NASDAQ_recent,2022,11,10,-0.8893191934660511,-0.7709986588797823,-0.200544042134148,-0.19555807798774671,0.2498343672097611,-0.2512311491250223,0.4816326530612245,245,-1.1379292396942304,-1.019522949823409,-0.24855534219325803,-0.24256685317289062,0.24965342566286847,-0.2842175444944115,0.47346938775510206,245,1.439551355645472,72.5533883245318,0.40816326530612246,50557.96431276913,0,211,1
5,NASDAQ_recent,2022,12,10,-0.6783533699980084,-0.5504609838503793,-0.14262981132934138,-0.1389570550402457,0.23113601033417852,-0.17389412000083282,0.4816326530612245,245,-0.9214306731827442,-0.7935688607223028,-0.18956525316553752,-0.18481972497075838,0.23119127843918816,-0.20788733289676442,0.4775510204081633,245,1.2891549141165368,64.97340767147345,0.42857142857142855,49116.57783014646,0,285,3
5,NASDAQ_recent,2022,13,10,-0.3346771991663859,-0.20175541977374686,-0.06715876399307974,-0.06535559673636726,0.22239046167868387,-0.1734478938600711,0.4897959183673469,245,-0.590216702987266,-0.45697478372829503,-0.11833657514095741,-0.1152467008181397,0.22185612493938062,-0.20521415075191274,0.4857142857142857,245,1.3057899563820563,65.81181380165563,0.5306122448979592,49411.95320613737,0,262,3
5,NASDAQ_recent,2022,14,10,0.20365621801391695,0.3308378408026204,0.051407234975463734,0.04994418415169144,0.23242773002977277,-0.13422109239764957,0.46122448979591835,245,-0.04553379192007508,0.08192134524211668,-0.0076253501854874894,-0.0074143221116361735,0.23192894805537884,-0.15847548372071407,0.45714285714285713,245,1.3199174088299612,66.52383740503005,0.46938775510204084,53943.571175359066,0,271,2
5,NASDAQ_recent,2022,15,10,-0.9135655097164747,-0.7788111634138184,-0.17704486844984524,-0.1725784650281451,0.21936610356068692,-0.2282090025281488,0.4448979591836735,245,-1.1852668951669514,-1.05043581303229,-0.22457237425898702,-0.21907456639949374,0.2192412566766896,-0.25011154806404357,0.44081632653061226,245,1.3742813341515503,69.26377924123814,0.5102040816326531,49338.700311781635,0,248,2
5,NASDAQ_recent,2022,16,10,-1.143137277231687,-1.0133078974049874,-0.22639905269916194,-0.2208631537919702,0.2276875690674907,-0.2629117694466545,0.4897959183673469,245,-1.405011503617196,-1.2750043765103785,-0.27086150132713616,-0.2644353286790647,0.22737627193310234,-0.282527980291706,0.4816326530612245,245,1.3639473256791137,68.74294521422733,0.46938775510204084,47107.687234679535,0,249,3
5,NASDAQ_recent,2022,17,10,0.044138331877638624,0.1696730196853461,0.012554457783729767,0.012203603660343898,0.23547703349978963,-0.21975913233910516,0.4897959183673469,245,-0.1932328246909401,-0.0675897932180867,-0.042415988456427134,-0.04126242098665189,0.2352739785068624,-0.23812083247637994,0.4816326530612245,245,1.2853166366227653,64.77995848578736,0.5306122448979592,49715.377266494426,0,267,2
5,NASDAQ_recent,2022,18,10,-0.28579005441663446,-0.15702561987653632,-0.06033836707031759,-0.05871251075315265,0.22957065739356622,-0.20566916172809724,0.4816326530612245,245,-0.5403043006235435,-0.41140258455529893,-0.11352639482379656,-0.11055410209739935,0.22932616250532237,-0.22663499728688818,0.4816326530612245,245,1.3428334164413884,67.67880418864598,0.4897959183673469,49449.373944155785,0,250,1
5,NASDAQ_recent,2022,19,10,-0.30392273813641424,-0.17325516377325795,-0.06257356554243776,-0.06088945239525434,0.22622701944497267,-0.18960232339185112,0.5102040816326531,245,-0.5637225942566505,-0.43295604916995295,-0.11598777436030938,-0.11295522627294408,0.22605579941477114,-0.2124396080876899,0.5020408163265306,245,1.3525725723263062,68.16965764524582,0.40816326530612246,51269.75673547686,0,250,3
5,NASDAQ_recent,2022,20,10,-0.9206484940810981,-0.7864493661794476,-0.17919122196904957,-0.1746765989542578,0.22027368097313546,-0.2327592427419497,0.4816326530612245,245,-1.1994289421347184,-1.0649320869897188,-0.2275930798902961,-0.22203234576617104,0.21978607495626742,-0.2651207424678963,0.46938775510204084,245,1.4079263473430614,70.9594879060903,0.4489795918367347,50800.497419698455,0,240,4
5,NASDAQ_recent,2022,21,10,-1.201184262908577,-1.0768978152813922,-0.24758458919342108,-0.24161556126710415,0.2378419888140362,-0.3128889527115577,0.46122448979591835,245,-1.44863306348311,-1.3242811507768324,-0.29049829600032206,-0.2837021873235541,0.2377167768710074,-0.34210965521954173,0.46122448979591835,245,1.3594200033552417,68.51476816910419,0.4897959183673469,45030.197363667394,0,244,2
5,NASDAQ_recent,2022,22,10,-0.8447666610552879,-0.7180966312805263,-0.17706263420984159,-0.172595831041348,0.23336645565525038,-0.2648840832764048,0.4775510204081633,245,-1.0939365857562318,-0.9671511215578811,-0.22337916300740013,-0.21790629995004218,0.23315398238424986,-0.28379535261269173,0.46938775510204084,245,1.342229411257936,67.64836232739997,0.46938775510204084,46532.19006411719,0,230,5
5,NASDAQ_recent,2022,23,10,-0.2681623469790324,-0.14787239151571785,-0.06423687173348935,-0.06250950075531914,0.24574400890269174,-0.1932432442068006,0.4857142857142857,245,-0.5016673555936164,-0.3812204669874361,-0.11623971245737486,-0.11320100731305438,0.24542382313364616,-0.2131113714962355,0.4816326530612245,245,1.3120563745226395,66.12764127594103,0.5102040816326531,49907.415537351735,0,268,0
5,NASDAQ_recent,2022,24,10,0.08913219943573492,0.21762404271343866,0.02400267586733751,0.02332821856352174,0.23005768406943375,-0.1756815851893192,0.4857142857142857,245,-0.1689626575039004,-0.040438372135559814,-0.03501706049961617,-0.034061124020308475,0.22999961292578255,-0.18994933079361076,0.4857142857142857,245,1.3670928519567438,68.90147973861988,0.4897959183673469,53242.27425533134,0,252,2
5,NASDAQ_recent,2022,25,10,-0.017347100770535175,0.1079823309900146,-0.0022021915759218302,-0.002141085122375097,0.23586268182208414,-0.1536994468066214,0.4775510204081633,245,-0.25789551381371,-0.13237536054833354,-0.05708589658085794,-0.05554506747658161,0.2355043004431636,-0.18149384163366233,0.46530612244897956,245,1.2991160474153167,65.47544878973196,0.5102040816326531,51711.95592726282,0,259,3
5,NASDAQ_recent,2022,26,10,-1.5005988580212222,-1.3745636034649507,-0.2953450101011176,-0.2884598585504141,0.23454180332601443,-0.33842549991105875,0.4530612244897959,245,-1.751150614308645,-1.62488446959972,-0.3350577746752066,-0.32747786720640715,0.2341129204065394,-0.36594639653178884,0.4489795918367347,245,1.3388786300144289,67.47948295272721,0.3469387755102041,42540.25241402055,0,216,2
5,NASDAQ_recent,2022,27,10,-0.3240676218827261,-0.1946797412524682,-0.06800518667979849,-0.0661801087493259,0.22846448788162863,-0.1884140900645438,0.4857142857142857,245,-0.5741284674006181,-0.4445675383443047,-0.11957097077573209,-0.11645103700499615,0.22815933863389282,-0.20887629647781858,0.4816326530612245,245,1.310517624773011,66.05008828855976,0.4489795918367347,48037.54422552936,0,257,1
5,NASDAQ_recent,2022,28,10,-0.5763262967297587,-0.4503280125673864,-0.12460961371326207,-0.1213674683775342,0.23461062253980303,-0.2185799977339804,0.4857142857142857,245,-0.8264545173016048,-0.7002795692067455,-0.1742507854859644,-0.1698473810955865,0.23428213232992431,-0.25133303789976436,0.4857142857142857,245,1.345720046752287,67.82429035631526,0.4489795918367347,48373.47972710758,0,270,3
5,NASDAQ_recent,2022,29,10,-0.43988164096409715,-0.30752859440995706,-0.08927287473596679,-0.08690413631798422,0.2233460933155716,-0.16958092139172032,0.4775510204081633,245,-0.7034113514584134,-0.5707927256664469,-0.14100471634868628,-0.13737037521148598,0.22289882518200407,-0.18041810340205267,0.46530612244897956,245,1.3466609939128136,67.8717140932058,0.46938775510204084,51530.09181275866,0,269,3
5,NASDAQ_recent,2022,30,10,-0.6438726642990942,-0.5195736534889271,-0.14081603600391546,-0.13718616043249643,0.23781794958470598,-0.22994402657129898,0.4775510204081633,245,-0.8879167186328725,-0.7634134374703808,-0.18894739476796085,-0.18421551830867455,0.23742776584097508,-0.261458702990525,0.47346938775510206,245,1.3343845568528576,67.25298166538403,0.40816326530612246,47531.561314829545,0,247,3
5,NASDAQ_recent,2022,31,10,-0.7889680542748885,-0.6609847334503374,-0.16415462514703916,-0.15998099498998286,0.2309717836342512,-0.22826678847290227,0.46530612244897956,245,-1.0444373165705823,-0.9163021960497522,-0.2118186037727917,-0.20658999108697385,0.23069815493306306,-0.2549476847129617,0.46530612244897956,245,1.34783707760927,67.93098871150721,0.4489795918367347,49753.82380964329,0,243,4
5,NASDAQ_recent,2022,32,10,-0.5335060494261641,-0.40780266249941205,-0.11616739088765449,-0.11313045299433422,0.23516101362890277,-0.18143025230266419,0.47346938775510206,245,-0.7820906995468018,-0.6561657707912212,-0.1660413974127123,-0.1618245742841804,0.23474729093282196,-0.21491640874011697,0.46938775510204084,245,1.335500859008424,67.30924329402457,0.46938775510204084,50265.074425717525,0,222,4
5,NASDAQ_recent,2022,33,10,-0.051559635323843035,0.07821195533041357,-0.007894187810493891,-0.007675748588761633,0.2277889616459868,-0.152824717110971,0.4897959183673469,245,-0.29493578402616005,-0.16507997440067235,-0.06133945898818671,-0.059687493025266214,0.22764122738547926,-0.1650601574607664,0.4775510204081633,245,1.2752865037348735,64.27443978823763,0.4897959183673469,50318.09799183184,0,278,0
5,NASDAQ_recent,2022,34,10,-0.44876959589816523,-0.31539773624865386,-0.09009343575431839,-0.08770398892553088,0.22163997685841258,-0.14891782442063906,0.47346938775510206,245,-0.7133912983151356,-0.580074961141428,-0.14203053006755328,-0.1383719303006774,0.22173228362675898,-0.18338374584824757,0.45714285714285713,245,1.347025202246928,67.89007019324517,0.4897959183673469,52275.00600265731,0,268,1
5,NASDAQ_recent,2022,35,10,-0.243418607902715,-0.10934925594168449,-0.047177014710226284,-0.045897093201495154,0.2204869006517867,-0.16337017909505247,0.49387755102040815,245,-0.5017827617027787,-0.3675449635415548,-0.09978034785837575,-0.09714795301027546,0.22021022611513635,-0.18325490722332727,0.4897959183673469,245,1.3045886370380058,65.75126730671548,0.5306122448979592,51937.10850298129,0,267,2
5,NASDAQ_recent,2022,36,10,-0.8034424857261877,-0.6723342103007989,-0.16217880255791284,-0.1580505278616563,0.2254665908034422,-0.23947661066923587,0.47346938775510206,245,-1.0485778026982402,-0.9172075365203665,-0.20681543046752227,-0.20169395761911668,0.22501694444507353,-0.26855589028644133,0.46122448979591835,245,1.2609397566409093,63.55136373470183,0.42857142857142855,45569.53575481403,0,269,2
5,NASDAQ_recent,2022,37,10,-0.27442083091200403,-0.14291948131242188,-0.055693339305920464,-0.054189007763947195,0.22479264263288665,-0.19384064802206613,0.4857142857142857,245,-0.5405728819694354,-0.40879887404855153,-0.11024403626060864,-0.10735238477307552,0.22432751612160937,-0.21479968288423368,0.4816326530612245,245,1.3751692508011766,69.3085302403793,0.4897959183673469,51966.43086885766,0,248,3
5,NASDAQ_recent,2022,38,10,-0.3193215374738835,-0.18497488319182565,-0.06272492498808946,-0.06103687211062836,0.22003179792047114,-0.17657884251889489,0.46530612244897956,245,-0.5839225316966958,-0.4494763354799341,-0.1156461387879898,-0.11262194296148287,0.21986888969786852,-0.19607139825396558,0.4489795918367347,245,1.3365034787057284,67.35977532676871,0.40816326530612246,51542.112285332885,0,250,3
5,NASDAQ_recent,2022,39,10,-0.7052858876797412,-0.570694866627325,-0.13874582024929794,-0.13516501497127975,0.21963230277277462,-0.17570794921471844,0.4530612244897959,245,-0.9657323106355917,-0.8309112458220926,-0.1863070630549425,-0.18163366932159086,0.21925754649077198,-0.19921313967807885,0.4326530612244898,245,1.3066282081664466,65.85406169158891,0.4489795918367347,49403.958021180035,0,295,5
5,NASDAQ_recent,2022,40,10,0.2583675911031235,0.3878935181112808,0.06459476061300773,0.06274532782734976,0.22822099458450118,-0.12682358501639968,0.49795918367346936,245,-0.0038101121614699295,0.12577601506380043,0.0027877514946421655,0.002710209113182538,0.22811497279252443,-0.13948645110799351,0.4897959183673469,245,1.3746590505706637,69.28281614876146,0.5102040816326531,57512.38841165348,0,243,1
5,NASDAQ_recent,2022,41,10,-0.2463724499299358,-0.11712484915395018,-0.05139050786293409,-0.04999929993464203,0.2287124535295323,-0.1789043622991947,0.4897959183673469,245,-0.48868480601859543,-0.35940609025509734,-0.10251661614204444,-0.09981610564679932,0.2286574066867981,-0.20681478844795254,0.4816326530612245,245,1.270484039437114,64.03239558763055,0.4897959183673469,48506.35912372794,0,264,2
5,NASDAQ_recent,2022,42,10,-0.24630931484535987,-0.11120902477104255,-0.047011130321537475,-0.04573560046120473,0.21880438502404548,-0.11701494976442417,0.4816326530612245,245,-0.49942840408882744,-0.3640297936150685,-0.09806540952609766,-0.09547582059738124,0.21832229875069623,-0.12893342550402997,0.47346938775510206,245,1.2643432357304285,63.72289908081359,0.4489795918367347,51044.131614889564,0,243,3
5,NASDAQ_recent,2022,43,10,-0.6385017665202123,-0.5060811116331767,-0.12877463056121674,-0.125432056627511,0.22323206233573192,-0.17575496775404986,0.5020408163265306,245,-0.903150941361969,-0.7706218854636688,-0.17862372211651334,-0.17412183364724576,0.22304947157372976,-0.20929323892958707,0.49795918367346936,245,1.3642077454285177,68.7560703695973,0.4489795918367347,49882.4328225108,0,230,2
5,NASDAQ_recent,2022,44,10,-0.6561828917864849,-0.5239199671981879,-0.13238200299945968,-0.12895288275039007,0.22349827798149832,-0.18527491785894035,0.4489795918367347,245,-0.9085779959259547,-0.7763136238150026,-0.1800072569765463,-0.1754743410309909,0.22349583198023895,-0.21362544611985024,0.43673469387755104,245,1.2979960955790029,65.41900321718174,0.5102040816326531,49011.37328428565,0,259,1
5,NASDAQ_recent,2022,45,10,-0.9188934172277096,-0.7907201550877817,-0.18852640849184532,-0.18380384115367843,0.2306295041005484,-0.24303105879312903,0.42448979591836733,245,-1.1699353828144419,-1.0416527901601709,-0.23401170411326977,-0.2283183279170352,0.23043294709476717,-0.269963938256894,0.4204081632653061,245,1.3274095911009633,66.90144339148856,0.42857142857142855,48185.28927516426,0,256,3
5,NASDAQ_recent,2022,46,10,-0.5287818382246424,-0.395963632439329,-0.1066915403821993,-0.10388753653742899,0.2225638850600243,-0.1697735887591486,0.46530612244897956,245,-0.7820263072077122,-0.6490275500828535,-0.15542520047220187,-0.151452909259284,0.2222617453374384,-0.20302193923376988,0.46530612244897956,245,1.2909213164331694,65.06243434823173,0.42857142857142855,48693.96788093275,0,255,2
5,NASDAQ_recent,2022,47,10,0.09224660572151817,0.22672270958307092,0.026198497133439025,0.025461575203162168,0.21981999059635632,-0.16761512600342454,0.5142857142857142,245,-0.16716228594273427,-0.03250566917122418,-0.03057746415064988,-0.02974084962482393,0.21952531256923288,-0.17777405837036064,0.5020408163265306,245,1.300417958401193,65.54106510342012,0.4489795918367347,52428.81411668512,0,268,2
5,NASDAQ_recent,2022,48,10,-0.3570001322335822,-0.23258125361348203,-0.07994944712874841,-0.07781740449336239,0.2375888306833332,-0.20762275262880592,0.4816326530612245,245,-0.6076015183007755,-0.4831294077353589,-0.13308656377542794,-0.12964058746327567,0.2374872230574541,-0.22912611406975036,0.46938775510204084,245,1.3639924654635565,68.74522025936324,0.5102040816326531,50881.90875727181,0,263,2
5,NASDAQ_recent,2022,49,10,-0.8468128067162238,-0.7206451956057105,-0.17821274894922556,-0.17372008925581495,0.2342957564631097,-0.25331536628275064,0.5102040816326531,245,-1.0995980830913976,-0.9732343211154482,-0.22514453637932041,-0.21963478483411825,0.23393206583947188,-0.2786438119940442,0.49795918367346936,245,1.3569593166320377,68.39074955825471,0.4489795918367347,47380.81131284628,0,255,2
5,NASDAQ_recent,2023,0,10,1.130455080667818,1.3085747287390832,0.22557627110920575,0.21867091237079106,0.16595887206364818,-0.14429980519000907,0.5428571428571428,245,0.7877466803580183,0.9663556890001574,0.15752824573868884,0.15283414424220076,0.16550417087588587,-0.15507658168565586,0.5346938775510204,245,1.3015773201929428,65.59949693772433,0.4897959183673469,57062.669436087934,0,268,3
5,NASDAQ_recent,2023,1,10,1.2508584955343958,1.443697775793449,0.23310753415189667,0.22595109830824844,0.1532910506955356,-0.15031624632503937,0.5224489795918368,245,0.8739050827995503,1.0668089178807663,0.16387313986594831,0.15897730887384176,0.15323975220003086,-0.16193784726558902,0.5183673469387755,245,1.3170241955046667,66.3780194534352,0.5510204081632653,60271.8948618371,0,250,6
5,NASDAQ_recent,2023,2,10,0.5964400729282382,0.7749570979972593,0.12151017942522246,0.11794335032499026,0.16558944938081954,-0.19405578958122205,0.5346938775510204,245,0.2525317478993853,0.4315862788241853,0.059395590271368315,0.05769901724461679,0.1650923645081961,-0.20740273366923934,0.5142857142857142,245,1.3014764254243858,65.59441184138905,0.4897959183673469,56687.38425577996,0,258,3
5,NASDAQ_recent,2023,3,10,0.6147083668813426,0.8122682199159085,0.1167064391883248,0.11328762329760833,0.1496282540821142,-0.12427917979102154,0.5591836734693878,245,0.23801894488879824,0.4354200279071397,0.055532346969931146,0.05394891104375232,0.14974860033333534,-0.13710062390940325,0.5387755102040817,245,1.285939554595807,64.81135355162867,0.5306122448979592,55974.31989695948,0,262,2
5,NASDAQ_recent,2023,4,10,0.18957262554412732,0.3663459431544306,0.04849291260891686,0.047114648834890804,0.16722283818560985,-0.1935145019104103,0.5020408163265306,245,-0.15857445288630692,0.01848033230909932,-0.010722245504129702,-0.010425963488217227,0.16695700064619387,-0.2294372251350919,0.4897959183673469,245,1.3372089114852137,67.39532913885478,0.5102040816326531,53914.56743465486,0,234,4
5,NASDAQ_recent,2023,5,10,1.4961326050848214,1.673528704258396,0.3033596088662891,0.2938026271983587,0.16663577172211338,-0.14386771962315947,0.5510204081632653,245,1.130876300209905,1.3087009459732515,0.2259845762869679,0.2190656372705535,0.16623418963882566,-0.15610443761383785,0.5428571428571428,245,1.392462527603265,70.18011139120456,0.5306122448979592,65069.50148186485,0,238,6
5,NASDAQ_recent,2023,6,10,0.8317145823688522,1.0207663615406688,0.15881220282683772,0.1540773545375198,0.1563621142090155,-0.13595093005290682,0.5061224489795918,245,0.46852104879601275,0.6578814359033831,0.09477490032170643,0.09202473481585494,0.15610728483312547,-0.14810731430777624,0.49387755102040815,245,1.3038508089668177,65.71408077192761,0.46938775510204084,57829.94950570407,0,255,3
5,NASDAQ_recent,2023,7,10,0.6030437632296227,0.7772196359364882,0.12479224606422967,0.1211239710225922,0.1697165940774757,-0.15927764421499868,0.5061224489795918,245,0.2518301572482304,0.4264015854147819,0.05968704677641101,0.05798192286601367,0.16933203902117736,-0.19368190559214582,0.5061224489795918,245,1.3730925983197542,69.2038669553156,0.4897959183673469,57967.38144933948,0,226,3
5,NASDAQ_recent,2023,8,10,0.21500395114916152,0.3931152544851457,0.05291574905908103,0.051408725082181306,0.16596664744246462,-0.2040195724394257,0.5061224489795918,245,-0.14274898744609488,0.035606633903079256,-0.007712526070247971,-0.007499094570449394,0.1657393002960601,-0.23802458290364759,0.5020408163265306,245,1.365370315761074,68.81466391435812,0.4489795918367347,56270.21531058863,0,248,4
5,NASDAQ_recent,2023,9,10,0.054902425503971286,0.24041569989868197,0.026006031587444856,0.025274589807186665,0.1593445858940862,-0.19209240376087777,0.5142857142857142,245,-0.30677675610484484,-0.12119365997106431,-0.031431786858765576,-0.030572168127720123,0.15928463584297556,-0.22587405490062962,0.5061224489795918,245,1.3214746334092118,66.60232152382427,0.4489795918367347,54241.96625602738,0,249,2
5,NASDAQ_recent,2023,10,10,1.740121830852734,1.9322892442925603,0.3301537064057587,0.3196541001811197,0.1538269957280633,-0.10044258782506266,0.5714285714285714,245,1.3658395256961116,1.5581986023899765,0.25556731562718227,0.24765481276994517,0.15367372517245986,-0.10879311646461787,0.5673469387755102,245,1.316913539965541,66.37244241426326,0.5714285714285714,62898.651836657584,0,244,3
5,NASDAQ_recent,2023,11,10,0.8886232685473209,1.0634265708733488,0.18005086336373455,0.17463648055814396,0.16910742241669674,-0.16214473978616217,0.5265306122448979,245,0.546826024379243,0.7219509985059411,0.11367601056271015,0.11035028243102873,0.1687968037322587,-0.17461536032323122,0.5142857142857142,245,1.3254432354875578,66.80233906857292,0.46938775510204084,56260.01037801925,0,254,3
5,NASDAQ_recent,2023,12,10,1.01119332081112,1.1852745199203463,0.20550345145789572,0.19926118805723014,0.16980889399626414,-0.1680654903171238,0.5306122448979592,245,0.6614106027112788,0.8359737043784058,0.13576133052757222,0.13175214407239344,0.16934011600372406,-0.1806302263878925,0.5224489795918368,245,1.3616858422113247,68.62896644745076,0.5306122448979592,59104.62603791646,0,238,3
5,NASDAQ_recent,2023,13,10,1.4723712307833305,1.6477914699661134,0.30140644199826894,0.29191759962818686,0.16851268715624046,-0.15281808321563972,0.5510204081632653,245,1.118648418514775,1.2942254015408412,0.22598644252188516,0.21906744142589463,0.1683622498621734,-0.1649213755894967,0.5346938775510204,245,1.3593685310522925,68.51217396503554,0.5306122448979592,63404.48505705423,0,227,4
5,NASDAQ_recent,2023,14,10,0.4165326533705362,0.6016973651953526,0.08693201275386975,0.08441810130283556,0.15964454347137305,-0.14077605362511303,0.5020408163265306,245,0.02628780912129737,0.21148824338223177,0.02129415605380225,0.020696573056371736,0.15961375039019854,-0.16906463052748877,0.49387755102040815,245,1.4318149763628467,72.16347480868747,0.4897959183673469,58066.17559938653,0,213,4
5,NASDAQ_recent,2023,15,10,0.7847783094298475,0.9677763591430644,0.15412491778383663,0.14953863654570743,0.16153470450972884,-0.1630474487520388,0.5387755102040817,245,0.4309222306192659,0.6143117140522167,0.08992716284837243,0.08732320679034133,0.16118991848891268,-0.17513298084455986,0.5265306122448979,245,1.3070901345002164,65.87734277881091,0.5102040816326531,57190.39674015929,0,231,6
5,NASDAQ_recent,2023,16,10,0.8784669981720901,1.0560448064941543,0.17583133178945154,0.17055277767818278,0.16646525917624028,-0.11803878503864274,0.5265306122448979,245,0.5270005484896986,0.7045410035431429,0.10905380209060755,0.1058696297049273,0.16650028230119537,-0.1320588724836108,0.5183673469387755,245,1.3281414604879296,66.93832960859166,0.4897959183673469,55328.357928858655,0,247,8
5,NASDAQ_recent,2023,17,10,1.275568581860475,1.4670175317831988,0.23935266610534667,0.23198709317157662,0.15440427277461133,-0.14942946236640464,0.5306122448979592,245,0.90916249688163,1.1008916878784452,0.17102682933679603,0.16590243866102106,0.15417858768711015,-0.162155856134634,0.5183673469387755,245,1.2941493117019283,65.22512530977718,0.5510204081632653,59758.203682063504,0,260,3
5,NASDAQ_recent,2023,18,10,1.70094685854682,1.8817551291363985,0.34208130703535033,0.3311574145652425,0.16349106039170844,-0.09091415504387712,0.5102040816326531,245,1.3392111786988141,1.5201988118516159,0.26484225063782474,0.25661436726950915,0.16332903730126247,-0.1021926151555188,0.5061224489795918,245,1.3466278857925627,67.87004544394516,0.5918367346938775,63374.513499123015,0,239,3
5,NASDAQ_recent,2023,19,10,1.6753970615199647,1.849179817718443,0.3498484896309897,0.3386467762637253,0.17010051246120111,-0.11523971734371519,0.5387755102040817,245,1.3477479678643545,1.52202244323628,0.27602313719001925,0.26741263965548123,0.16962057021370988,-0.12680062607391773,0.5387755102040817,245,1.2852200604326784,64.77509104580699,0.5714285714285714,59805.90663382192,0,218,3
5,NASDAQ_recent,2023,20,10,1.0493370505036081,1.240237885317604,0.19730011126516023,0.1913262648753562,0.15484759883362198,-0.13963442625877776,0.5346938775510204,245,0.6825293962318038,0.8738875074044605,0.13100141137946908,0.12714051166792317,0.1544775693339153,-0.15170992874075695,0.5306122448979592,245,1.3016050455201909,65.60089429421762,0.5306122448979592,58126.97034574935,0,255,5
5,NASDAQ_recent,2023,21,10,0.8702824302919792,1.0525405230224523,0.17068731820234806,0.16557380149280587,0.16219052577267928,-0.13402274416606497,0.5306122448979592,245,0.5142778818597156,0.6971157836597969,0.10483076180402273,0.10177546715122898,0.1616761929296435,-0.1709443547010816,0.5224489795918368,245,1.3242988953529597,66.74466432578917,0.5102040816326531,57153.24682855934,0,242,4
5,NASDAQ_recent,2023,22,10,1.5348689382435425,1.710606752989476,0.3146236119547299,0.3046721404540971,0.1682081681112128,-0.12972762861055154,0.5224489795918368,245,1.1843704388756646,1.3603883805136414,0.23908227334565657,0.2317257728580273,0.16794047022251582,-0.14308132897656878,0.5183673469387755,245,1.3440098798575024,67.73809794481812,0.5510204081632653,65712.80398595343,0,259,6
5,NASDAQ_recent,2023,23,10,1.0114424852815713,1.1965924314015526,0.19521351247434326,0.1893077000229335,0.159657275120811,-0.14522036319176956,0.5183673469387755,245,0.6417877666239075,0.8270054450166178,0.1267171685494224,0.12298927577621943,0.1595988900347031,-0.1577831954634502,0.5102040816326531,245,1.3458345707626012,67.83006236643509,0.5306122448979592,61294.40987829283,0,242,6
5,NASDAQ_recent,2023,24,10,0.9879777451631279,1.1799847733351874,0.1851060905292694,0.17952844367998666,0.1539554888573747,-0.12647680391143445,0.5224489795918368,245,0.6211486118388105,0.8135140307937824,0.11991359476540575,0.11639602132873694,0.15366865857111553,-0.13893151048270413,0.5224489795918368,245,1.2939123666743488,65.21318328038718,0.5306122448979592,57461.68763791473,0,263,3
5,NASDAQ_recent,2023,25,10,1.7034518311094902,1.8757212413700513,0.35940756400810225,0.3478622940537408,0.17159480514602224,-0.1422167247254622,0.5673469387755102,245,1.3652929643097458,1.5376177434672538,0.2827621943448033,0.27391981288315326,0.17153967079373028,-0.15667254590024982,0.5510204081632653,245,1.3301598148294258,67.04005466740306,0.5510204081632653,62010.76013219402,0,242,4
5,NASDAQ_recent,2023,26,10,1.5089877422360611,1.6902905443188736,0.299841072939953,0.2904067842059952,0.16304511318462123,-0.10661864195749315,0.5346938775510204,245,1.1491498104467064,1.330517546578367,0.2257614734192055,0.21884995528288842,0.16298673907922756,-0.11758408530216047,0.5224489795918368,245,1.3487567918015826,67.97734230679976,0.5306122448979592,60767.41615791784,0,271,2
5,NASDAQ_recent,2023,27,10,1.3090202926154755,1.4926983212128326,0.25516932583334384,0.24727031499120278,0.16093670055160023,-0.12700309080709837,0.5183673469387755,245,0.9480841838862811,1.1321519438361993,0.18406692428321603,0.17852288584575549,0.1605959451797756,-0.1395871337104505,0.5061224489795918,245,1.3350091248991203,67.28445989491566,0.5306122448979592,59510.91052353676,0,244,5
5,NASDAQ_recent,2023,28,10,1.8549685206236475,2.0404189582673675,0.36674108005187045,0.3549310201098297,0.15939857711779404,-0.14791262714475295,0.5346938775510204,245,1.4960182693655222,1.681352573522678,0.2909876124541151,0.2818609166642374,0.1594984588563543,-0.15942507486460178,0.5306122448979592,245,1.2971509818350457,65.37640948448632,0.6122448979591837,62192.6969304358,0,253,4
5,NASDAQ_recent,2023,29,10,0.8220879671614073,1.0049629920819856,0.16115572730496908,0.15634640788595577,0.16164337311297233,-0.1360725952330919,0.5183673469387755,245,0.4712916590425394,0.6542527557817898,0.09714528768114095,0.09432341980096082,0.16156732995763456,-0.15828534808686068,0.5142857142857142,245,1.296805418052317,65.35899306983677,0.4897959183673469,55277.68237537858,0,231,4
5,NASDAQ_recent,2023,30,10,0.8365367454899162,1.022768019155545,0.16155981224944815,0.1567376391937465,0.1587302460238552,-0.14029293376368734,0.5265306122448979,245,0.46738399192809166,0.6536425851113963,0.09547032615987505,0.09269913888030845,0.1587069642321922,-0.1523889231300416,0.5224489795918368,245,1.3472020994404565,67.89898581179901,0.4897959183673469,59351.93453872096,0,255,2
5,NASDAQ_recent,2023,31,10,1.0831178189005608,1.2674732218276485,0.20972663245332313,0.20334559920153739,0.1603453732135658,-0.11312400131075451,0.5387755102040817,245,0.7213510069510621,0.9064168396443268,0.14119149775963225,0.13701248877098648,0.15972984022002557,-0.12096714523947005,0.5224489795918368,245,1.3419335560298997,67.63345122390695,0.5918367346938775,57581.11160171432,0,247,3
5,NASDAQ_recent,2023,32,10,0.8502375776574773,1.0275466489327232,0.1705446360967906,0.165435688463218,0.16671756088774967,-0.1437020972231211,0.5183673469387755,245,0.5107719111101501,0.6885590861012324,0.10599175601787691,0.1029010736780771,0.16626922548133125,-0.15732262864757207,0.49387755102040815,245,1.2952021843822479,65.2781900928653,0.5306122448979592,57496.322812103695,0,249,2
5,NASDAQ_recent,2023,33,10,0.7520918686966873,0.9420041519975568,0.14400596479424732,0.13973866265806678,0.15565362794069362,-0.16757574895958105,0.5142857142857142,245,0.3862992180767005,0.5757888324587822,0.08079673814800437,0.07846657935043799,0.15600082348933433,-0.17861394316552515,0.5142857142857142,245,1.302716313681588,65.65690220955203,0.5714285714285714,55728.24180162947,0,238,2
5,NASDAQ_recent,2023,34,10,1.2476691899646024,1.4228726496610993,0.25336068083260654,0.24552294110649076,0.16872118814028297,-0.12029876873948875,0.563265306122449,245,0.9117894270565563,1.0875761061260538,0.183861435161929,0.17832403969136745,0.1681614104251572,-0.13470072667653288,0.5551020408163265,245,1.3099965763965056,66.02382745038388,0.4897959183673469,59426.98984582218,0,285,3
5,NASDAQ_recent,2023,35,10,-0.02747401795224896,0.15635630069284556,0.012371772785278345,0.01202605434295867,0.16080337620124108,-0.21746104436469638,0.5061224489795918,245,-0.39628521439755215,-0.2122640608379863,-0.04584385646471667,-0.04459925126015174,0.16063661874998897,-0.25132683743503925,0.4857142857142857,245,1.3578983143362262,68.4380750425458,0.40816326530612246,55544.42149071629,0,235,3
5,NASDAQ_recent,2023,36,10,1.1772112930109957,1.367292681643801,0.22206240175484337,0.21527376360004702,0.15551515116182946,-0.1282407887105408,0.5102040816326531,245,0.8063372447170417,0.9966467821193002,0.15347136195584432,0.14890575503703718,0.1553287149440065,-0.14249758576567562,0.5020408163265306,245,1.307140665891173,65.87988956091512,0.4897959183673469,60308.423492216985,0,274,4
5,NASDAQ_recent,2023,37,10,0.9546067961959016,1.1356808948782728,0.1878125455373636,0.1821472524031431,0.1632510452979495,-0.16153055505743064,0.5306122448979592,245,0.5871234735489835,0.7683540263575671,0.11861376250043665,0.11513624447793402,0.1631101126613188,-0.17483820830249164,0.5306122448979592,245,1.3712584425631225,69.11142550518137,0.5102040816326531,60306.37090993683,0,238,4
5,NASDAQ_recent,2023,38,10,0.458663648049241,0.6287925661402921,0.0987940121760773,0.09592219029906368,0.17375374050436665,-0.16061199647658608,0.5469387755102041,245,0.11213097611747734,0.2823667360627633,0.03460367890481275,0.03362648519599465,0.17364469072644878,-0.196802643519135,0.5428571428571428,245,1.3926064789092443,70.18736653702591,0.4897959183673469,57881.88580128852,0,205,3
5,NASDAQ_recent,2023,39,10,0.9067054658257786,1.088772208422273,0.17775752392894084,0.17241701520304975,0.16236098622247958,-0.13518650183468128,0.5183673469387755,245,0.556876579237912,0.7391921622453279,0.11265828256898058,0.10936376691438232,0.16213938160776284,-0.15436799396614964,0.5061224489795918,245,1.29793157001884,65.41575112894954,0.5102040816326531,56690.564762718335,0,278,4
5,NASDAQ_recent,2023,40,10,1.6935111611617855,1.8676128685155702,0.35338400771752077,0.3420554371219997,0.16978889142202627,-0.10284680468058938,0.563265306122449,245,1.374731541116622,1.5491347529635524,0.2816947228475275,0.272889135390167,0.16949536406603435,-0.1168816292944509,0.5591836734693878,245,1.2429175372221677,62.64304387599726,0.5102040816326531,57969.93060548995,0,275,5
5,NASDAQ_recent,2023,41,10,0.46669037346471925,0.6528006159616428,0.09539916020527972,0.09263012472172139,0.15883347143975587,-0.13644207545765608,0.5061224489795918,245,0.09324714973983968,0.2792095848558241,0.03231702477442244,0.03140538077992194,0.15895971607300316,-0.17251897739134037,0.49387755102040815,245,1.355008934518578,68.29245029973633,0.4897959183673469,56766.199197721,0,227,3
5,NASDAQ_recent,2023,42,10,1.655904926352866,1.8330490865025342,0.33899667202050265,0.328182778835423,0.16687276544316001,-0.12862768770076094,0.5469387755102041,245,1.3124696830135623,1.4895929984851746,0.2645155654673448,0.2562988216331279,0.16689240378982648,-0.14038201990739696,0.5428571428571428,245,1.3105921136421133,66.05384252756251,0.5306122448979592,62763.152202597616,0,273,2
5,NASDAQ_recent,2023,43,10,0.37685696862193263,0.5562780735387884,0.08127785394398557,0.07893331947819449,0.16475506546445345,-0.1561576494535455,0.49387755102040815,245,0.029934085863989622,0.21001946883626044,0.02129711896814368,0.020699451981908368,0.16414733610463447,-0.18705658906945744,0.4857142857142857,245,1.3178401719324018,66.41914466539305,0.5102040816326531,55157.150820755116,0,231,3
5,NASDAQ_recent,2023,44,10,1.2588180214963218,1.443056248401787,0.2443961921129687,0.23686110465140087,0.16044735331419044,-0.13699365378998818,0.5265306122448979,245,0.8985823175144579,1.0827285288634438,0.17462516101742476,0.16938535935610144,0.16052752684799645,-0.1488988480910416,0.5102040816326531,245,1.3207087072848251,66.56371884715519,0.4897959183673469,58311.34967106572,0,231,2
5,NASDAQ_recent,2023,45,10,1.0124532075645085,1.186718483607387,0.20553242087145418,0.19928920691475804,0.16962952435233125,-0.15940727375664454,0.5510204081632653,245,0.6783072454895229,0.8531214521194957,0.1388275715268803,0.13472257739470117,0.1690968740821596,-0.17230095802567347,0.5387755102040817,245,1.301022625469782,65.57154032367701,0.5102040816326531,57354.00945640974,0,236,3
5,NASDAQ_recent,2023,46,10,1.011867159730081,1.190424595203164,0.20128124461493369,0.19517732170874202,0.16555197383946144,-0.14369467559893045,0.5306122448979592,245,0.6494530060348018,0.8284286572097366,0.1311499694745979,0.127284449840948,0.16516512549178008,-0.1572951817315592,0.5142857142857142,245,1.3742354141279842,69.26146487205041,0.5102040816326531,60770.97722568277,0,256,2
5,NASDAQ_recent,2023,47,10,0.6343496641639367,0.8139132712865962,0.12803348511621993,0.12426477307611927,0.164624315360787,-0.15764525519057693,0.5102040816326531,245,0.2866067649964255,0.46613979424484747,0.06529182082090901,0.06342184179291221,0.16465235399876138,-0.19213060722375974,0.5061224489795918,245,1.3169595800478444,66.37476283441136,0.4897959183673469,55062.38915397391,0,252,3
5,NASDAQ_recent,2023,48,10,0.8062026702010977,0.9826316095602076,0.16256653742542615,0.157712324763287,0.1675492467033006,-0.17699362653906703,0.5183673469387755,245,0.45511459822072303,0.6321881550292017,0.09598564308385082,0.09319887080561551,0.1669393014918292,-0.1899138499414723,0.5102040816326531,245,1.344346501392216,67.75506367016769,0.5714285714285714,58560.53901112529,0,269,4
5,NASDAQ_recent,2023,49,10,0.8611331422167716,1.0441386470904943,0.16842441754615112,0.16338331004243045,0.16152812401287336,-0.11655654802802307,0.5020408163265306,245,0.5052189336514356,0.6881075261329743,0.10321152466273653,0.10020553029494805,0.16163138162521035,-0.1312473825826621,0.5020408163265306,245,1.3140510782198191,66.22817434227888,0.5510204081632653,57775.658024477205,0,286,2
5,NASDAQ_recent,2024,0,10,0.4060645762675094,0.5865553161036646,0.08621444555313285,0.08372207366607021,0.16377868423119904,-0.09088640433251871,0.5183673469387755,245,0.057081123999823416,0.23689940232585704,0.025813998091123613,0.02508802318789849,0.16439116290883463,-0.10773278460310354,0.5061224489795918,245,1.318327679098124,66.44371502654545,0.5714285714285714,58871.021209028084,0,262,3
5,NASDAQ_recent,2024,1,10,0.3180711510343418,0.5018691506419066,0.0702386260334893,0.0682224843497028,0.16083165186453144,-0.10303674493599269,0.46938775510204084,245,-0.03774894937823261,0.1449571141515388,0.010523988234370396,0.010230165066035246,0.16179285632446652,-0.10604161022112779,0.4530612244897959,245,1.325790909001734,66.8198618136874,0.5306122448979592,56211.621576067,0,246,1
5,NASDAQ_recent,2024,2,10,0.690453245121734,0.8743926488028559,0.1361843088664001,0.13216191927394783,0.16070801195771744,-0.08111025290877694,0.5387755102040817,245,0.33182888564053264,0.5147516386124535,0.07273812534386925,0.0706478966880939,0.16160119725958189,-0.08469610685618267,0.5346938775510204,245,1.3298747430002322,67.0256870472117,0.5102040816326531,58515.72761779886,0,243,1
5,NASDAQ_recent,2024,3,10,-0.24443838295834086,-0.0651228431588685,-0.023967539089590706,-0.023309595344168654,0.16485205866339614,-0.13943771226685509,0.4857142857142857,245,-0.5917160103056894,-0.4132459323053809,-0.07883479773458357,-0.07673122461285786,0.165633008163027,-0.15482406401746218,0.47346938775510206,245,1.3358753008998028,67.32811516535006,0.4897959183673469,55135.835904195716,0,277,0
5,NASDAQ_recent,2024,4,10,0.9740537565439014,1.1549266944401957,0.1917867724883957,0.18599247705533606,0.16343260760893952,-0.10524433996362892,0.5224489795918368,245,0.6268908429425852,0.8069389059363758,0.12647448188044152,0.12275411035650818,0.16418136021435917,-0.10801533083700221,0.5102040816326531,245,1.2933674601588645,65.18571999200677,0.5306122448979592,59085.13304237002,0,244,0
5,NASDAQ_recent,2024,5,10,0.8355111110237358,1.0278698150339443,0.15736457079050736,0.1526756608194535,0.15367402290624907,-0.09854727129915108,0.5469387755102041,245,0.4580065887117173,0.6491164543263314,0.09249278814500328,0.08981152413247995,0.1546782307193495,-0.10488597237132657,0.5387755102040817,245,1.324990847619599,66.77953872002779,0.6122448979591837,62254.1229404484,0,275,0
5,NASDAQ_recent,2024,6,10,0.5284830376015829,0.7198954813467543,0.10437129696802994,0.10132999796173126,0.15443372075451525,-0.07997420841078329,0.5224489795918368,245,0.1617837553633367,0.3526236215748773,0.043584094454644395,0.0423481498135061,0.15489706879962983,-0.08726016968660988,0.5142857142857142,245,1.3019407525691873,65.61781392948704,0.5714285714285714,55178.19907013813,0,271,3
5,NASDAQ_recent,2024,7,10,0.5797401719706187,0.7693360449335107,0.1138594394186685,0.11052808308342943,0.15591339317848338,-0.08308505445801473,0.5346938775510204,245,0.20811737895418556,0.39658040205332,0.05122289430045601,0.049765213002930686,0.1568505874530722,-0.08905134034984918,0.5224489795918368,245,1.3356783478745804,67.31818873287885,0.5714285714285714,60258.55286787609,0,249,1
5,NASDAQ_recent,2024,8,10,1.0172327508265742,1.194225382339532,0.2039118767715533,0.19772180800510308,0.16701563016264326,-0.08963979841937286,0.5224489795918368,245,0.667440848251226,0.8437086695607724,0.13602234151434778,0.13200500818314143,0.16770239551761115,-0.09299242960699661,0.5183673469387755,245,1.340701268046384,67.57134390953775,0.5714285714285714,60304.864008628174,0,263,4
5,NASDAQ_recent,2024,9,10,1.3218373377553003,1.5076490263797062,0.25505582444517394,0.24716066072545573,0.15908867792506817,-0.07505465422507573,0.5346938775510204,245,0.9782813937545278,1.163205385875818,0.18909232737759396,0.18338553183604933,0.15985235635023842,-0.08095689071466328,0.5346938775510204,245,1.2404653713705236,62.51945471707438,0.5714285714285714,59174.516617659385,0,264,0
5,NASDAQ_recent,2024,10,10,-0.019639993519650484,0.16217793028140776,0.013306170918425009,0.012934175107286006,0.1625831780953881,-0.09991043991208637,0.5102040816326531,245,-0.36281509238004883,-0.18187085956206275,-0.0420840549747028,-0.04093932067374939,0.16336821254765524,-0.10611918296505884,0.4775510204081633,245,1.2991177783883583,65.47553603077326,0.5510204081632653,54470.72862731157,0,247,0
5,NASDAQ_recent,2024,11,10,0.935827957876245,1.1412369131852007,0.16636180978680382,0.16138659978046177,0.14391064811083407,-0.07771612343197565,0.5346938775510204,245,0.5452985875491635,0.749779626087798,0.10293617524887577,0.0999385579727381,0.1445637018353465,-0.0811656096036284,0.5183673469387755,245,1.2942599151410166,65.23069972310724,0.5510204081632653,58854.61260118253,0,249,2
5,NASDAQ_recent,2024,12,10,0.4476886005038342,0.6242047049520689,0.09480504835170933,0.09205397175877361,0.1674665095215157,-0.10248354388529335,0.5306122448979592,245,0.0941595820803541,0.2699234935529036,0.03182749163878684,0.03092986295500655,0.16818319323132425,-0.10597670339545018,0.5183673469387755,245,1.3602278689701182,68.55548459609395,0.5306122448979592,58659.87513010872,0,250,0
5,NASDAQ_recent,2024,13,10,0.3178089120672031,0.5075963632464517,0.06928817642001861,0.067300165479518,0.1557560086433855,-0.11211750917390761,0.4897959183673469,245,-0.05064395521944982,0.1379988992062229,0.009460021229078519,0.00919603834109961,0.15670106337331915,-0.13003742705135968,0.4816326530612245,245,1.3242125948463244,66.74031478025475,0.5714285714285714,60386.720853164494,0,253,2
5,NASDAQ_recent,2024,14,10,0.6020160506322797,0.7807149993442855,0.12246115236931732,0.11886495606015823,0.16542087180334447,-0.10974633515349419,0.5265306122448979,245,0.26388154636143346,0.4421645574306003,0.06145916098295001,0.05970199947842847,0.16580680183157118,-0.11284640032857307,0.5224489795918368,245,1.2819919054770088,64.61239203604124,0.5306122448979592,58496.393186141,0,273,3
5,NASDAQ_recent,2024,15,10,1.2103226690470723,1.3994659519132027,0.22937894099254597,0.22234696376305574,0.1562864693810099,-0.09398897946534512,0.5183673469387755,245,0.838252301339289,1.0264069788262893,0.16062328802087622,0.1558308993181725,0.15710763230068256,-0.10059261825098753,0.5061224489795918,245,1.3222785395692438,66.6428383942899,0.6122448979591837,62741.175170214956,0,252,2
5,NASDAQ_recent,2024,16,10,0.9467987877472827,1.1298901732015727,0.18459027885136803,0.1790293172957529,0.1614523578645438,-0.08497145109070803,0.5224489795918368,245,0.588595084214126,0.7711059545245034,0.11830209200923236,0.1148341723303632,0.16196589187269014,-0.0859484186096412,0.5102040816326531,245,1.3290513373389399,66.98418740188256,0.5918367346938775,60506.00802306885,0,244,3
5,NASDAQ_recent,2024,17,10,0.8256648165325826,1.021348414101327,0.15364368775847015,0.14907263052201092,0.15106292123383755,-0.06736850610713196,0.5224489795918368,245,0.45583129523711546,0.6505475400644758,0.09123356788030756,0.0885902672615364,0.1518134037172408,-0.07075467350771669,0.5224489795918368,245,1.2803577071210326,64.53002843890005,0.6122448979591837,56689.01978359341,0,278,3
5,NASDAQ_recent,2024,18,10,0.6130995930024556,0.7965603932446471,0.12235927460866614,0.11876622544713178,0.16112725905074832,-0.07593680119493063,0.4897959183673469,245,0.2571088747514214,0.43974476388592076,0.05988554827302184,0.05817459939799097,0.16185502217755107,-0.08697950202257354,0.4816326530612245,245,1.3167286724934029,66.3631250936675,0.5510204081632653,59040.59248711294,0,260,0
5,NASDAQ_recent,2024,19,10,0.3563759612002028,0.5393865580109167,0.07693025604576542,0.07471541736723708,0.16152362978661466,-0.09294192366435461,0.5591836734693878,245,0.0018858081713014612,0.18435319334565034,0.016928259571036497,0.016454182864085842,0.16200449114802548,-0.09552337109399966,0.5551020408163265,245,1.3216194646089565,66.6096210162914,0.5306122448979592,57263.25163180978,0,246,4
5,NASDAQ_recent,2024,20,10,1.0198391824453428,1.2073686281732874,0.19470128551049037,0.1888121593554799,0.15763143634075288,-0.07734191148295799,0.5387755102040817,245,0.651756387631255,0.838688922669222,0.12767190110219784,0.12391440598276815,0.15813478311989537,-0.07838821635947868,0.5265306122448979,245,1.3317912317499407,67.12227808019702,0.5306122448979592,61140.433635088564,0,280,0
5,NASDAQ_recent,2024,21,10,0.8718599403565107,1.0617357575404924,0.1655503301861181,0.16060101896755263,0.15568352160211238,-0.07419660881619239,0.5020408163265306,245,0.5090491552849904,0.6979846966388615,0.10187000222784337,0.09890480419420955,0.15645831204894947,-0.07905945631044664,0.4897959183673469,245,1.291324018210229,65.08273051779554,0.5510204081632653,59756.370125097514,0,261,1
5,NASDAQ_recent,2024,22,10,1.2459960723074468,1.4382410759009043,0.23285096882847522,0.22570310671853688,0.15376491109643167,-0.06490723256208442,0.5551020408163265,245,0.8709791855384672,1.062362082250903,0.16439326552774247,0.1594808563428476,0.15445756331454022,-0.07119059302343334,0.5346938775510204,245,1.3126606597909398,66.15809725346337,0.5306122448979592,62127.13316531018,0,243,1
5,NASDAQ_recent,2024,23,10,0.6511383057671246,0.8316143163892071,0.1307993115651196,0.12694469599535263,0.16379205072402137,-0.07932195952334187,0.5224489795918368,245,0.32333101192132463,0.5031386632652946,0.07180780098123751,0.06974516617422499,0.16440087874643447,-0.08622387469923509,0.5224489795918368,245,1.2372609240885004,62.357950574060425,0.5714285714285714,55717.43028179186,0,257,3
5,NASDAQ_recent,2024,24,10,1.2502756580969694,1.417725708780575,0.2645792462482184,0.25636033116090107,0.17653345439790485,-0.08952950699772932,0.5102040816326531,245,0.9226639382646312,1.0892892771989864,0.19434824138585904,0.1884706125544362,0.17740720634289028,-0.09041361292112726,0.5102040816326531,245,1.3144892670036967,66.25025905698631,0.5510204081632653,62596.40675979054,0,255,5
5,NASDAQ_recent,2024,25,10,1.0794985637717909,1.2481680258352168,0.2257012682040198,0.21879175243551385,0.17525718956265668,-0.06259714450493448,0.5224489795918368,245,0.7553240907071919,0.9232261403457339,0.1585872614867292,0.1538595545491961,0.1760582193601496,-0.06378430419397485,0.5020408163265306,245,1.293475701444274,65.1911753527914,0.5510204081632653,61302.72416292496,0,248,4
5,NASDAQ_recent,2024,26,10,0.5620399133662316,0.7455505570120623,0.11318178008108815,0.10987121252498744,0.16108349520767842,-0.08146428941524375,0.49387755102040815,245,0.2011696810028889,0.38388171866265486,0.05036349755760905,0.048930837498044166,0.16178756618831427,-0.08697675776267577,0.4857142857142857,245,1.3411466523752305,67.59379127971161,0.5510204081632653,59650.07215908139,0,268,0
5,NASDAQ_recent,2024,27,10,0.6502945918337447,0.8318536105727997,0.13004170691507544,0.1262106398382803,0.16281502340991896,-0.09162233559828425,0.49795918367346936,245,0.3132137431786258,0.4942410023162327,0.06979009047040874,0.06778722706500151,0.1632932853709666,-0.09759450288606308,0.4857142857142857,245,1.2658307794065584,63.79787128209055,0.6122448979591837,56793.05231680595,0,275,2
5,NASDAQ_recent,2024,28,10,0.8943978829559869,1.0710869583677256,0.179699137717779,0.17429609264122736,0.16730256705116722,-0.08386973054758062,0.5469387755102041,245,0.5545811826228909,0.7303020650475565,0.11493076858673024,0.1115665240887318,0.16822437651344166,-0.087221828958568,0.5306122448979592,245,1.2903159740997114,65.03192509462545,0.5714285714285714,58321.183421094705,0,275,0
5,NASDAQ_recent,2024,29,10,0.8091975524338926,0.9906728160960863,0.1596989747688602,0.15493596214418615,0.16289016634964917,-0.11020322023923779,0.5673469387755102,245,0.4681076472188945,0.6485967759033013,0.09734715007226069,0.09451916963330143,0.16378014621572612,-0.11306447944245346,0.5510204081632653,245,1.2768767242348371,64.35458690143578,0.5306122448979592,56725.896068625436,0,254,0
5,NASDAQ_recent,2024,30,10,1.132087903627025,1.3290159675684643,0.20711011029556814,0.2008151003271974,0.1501082948495935,-0.0863567360801345,0.5551020408163265,245,0.7464726926537911,0.9422985887341511,0.13983382132685018,0.1356973374984698,0.15095315010916938,-0.08887003510996738,0.5469387755102041,245,1.3250035638352229,66.78017961729523,0.5510204081632653,61320.35155174524,0,249,2
5,NASDAQ_recent,2024,31,10,0.38485989670290993,0.5698124512245227,0.08151449269302113,0.07916288538005678,0.15982767019758481,-0.08260191629175073,0.5306122448979592,245,0.0268469660992859,0.21088656422218952,0.0212676905644813,0.020670857765695994,0.16062051964784402,-0.08867351322414008,0.5224489795918368,245,1.3165856731883951,66.35591792869512,0.5102040816326531,57458.1374438833,0,254,2
5,NASDAQ_recent,2024,32,10,0.586875337621817,0.7783766926664636,0.11433737016734136,0.11099134551709255,0.15436201941959843,-0.08718129885746528,0.5224489795918368,245,0.21771592544740365,0.40830586070121927,0.05267850891495929,0.05117840434764753,0.15510019375847056,-0.09579790182619519,0.5102040816326531,245,1.3105662432897722,66.05253866180452,0.5306122448979592,59141.76314979687,0,262,2
5,NASDAQ_recent,2024,33,10,-0.23674746423139081,-0.04585775402328919,-0.018844221306164255,-0.018325596978657765,0.1548566229895537,-0.09053181146459988,0.46938775510204084,245,-0.5946361741806295,-0.4047055129226074,-0.07229724189809428,-0.07036137950121868,0.15563856667735687,-0.10968940502689017,0.45714285714285713,245,1.2901828440015846,65.02521533767987,0.46938775510204084,52713.69835085234,0,278,4
5,NASDAQ_recent,2024,34,10,0.07054347618764395,0.25097122797477545,0.028149854982894906,0.027357316269965626,0.16383586002421982,-0.11353829688795791,0.5306122448979592,245,-0.2699094671687672,-0.09017480913252479,-0.027897572382995728,-0.027133250811002152,0.16446764474506895,-0.130833675118031,0.5224489795918368,245,1.2880629758452125,64.91837398259871,0.5510204081632653,53746.88500920604,0,246,0
5,NASDAQ_recent,2024,35,10,1.269985085952441,1.464023826109526,0.2354169606837424,0.22818328544219946,0.15234347461929681,-0.08189111766670187,0.5346938775510204,245,0.9015567955920614,1.094679704225298,0.16866277913962424,0.16361404999451135,0.15306592105248443,-0.08755281898646072,0.5265306122448979,245,1.2725099788720373,64.13450293515068,0.5714285714285714,60849.469401995295,0,288,2
5,NASDAQ_recent,2024,36,10,0.740557935134725,0.9221016840263009,0.14672110917737657,0.1423684532062146,0.1628287179633804,-0.07741967991152565,0.5346938775510204,245,0.38375432054379616,0.5642506353029735,0.08224665949814236,0.07987315976572429,0.1637736256594577,-0.0988444311983141,0.5265306122448979,245,1.327153962370773,66.88855970348696,0.46938775510204084,61608.790049519055,0,253,4
5,NASDAQ_recent,2024,37,10,0.6387372184641437,0.8273573485464375,0.12461186400465363,0.12094917112377535,0.15671994221074953,-0.08626134030572452,0.5387755102040817,245,0.26554729614640843,0.4534065438394734,0.06081574763218556,0.059077488995155525,0.1573547017210398,-0.09522363409918111,0.5183673469387755,245,1.3503027281314934,68.05525749782727,0.5306122448979592,59962.62148813727,0,247,3
5,NASDAQ_recent,2024,38,10,0.5838933831965977,0.7659123967146406,0.1177385904034558,0.11428801863495952,0.16240356056731908,-0.08994379265525598,0.49387755102040815,245,0.22527207434939117,0.4064346447503776,0.05456689634233447,0.05301167465032841,0.16317132076924984,-0.0965161581183438,0.4857142857142857,245,1.3497490931013822,68.02735429230967,0.5714285714285714,58822.91894856582,0,211,2
5,NASDAQ_recent,2024,39,10,1.044201686930892,1.2256632251265602,0.2048643917785966,0.1986430927027738,0.16290248710669655,-0.08087544316333806,0.5306122448979592,245,0.6991521207467877,0.8798379036254262,0.13947094011463546,0.13534581508923438,0.1636018917223615,-0.0888218138943696,0.5265306122448979,245,1.2887390029186527,64.9524457471001,0.5306122448979592,59177.919812780434,0,266,1
5,NASDAQ_recent,2024,40,10,0.9964683540982415,1.1791244290773335,0.1945527625938681,0.18866847361512606,0.16183713511672057,-0.0749220548824785,0.5346938775510204,245,0.6495959567661861,0.8313166295434575,0.1298349229551541,0.12601028093362232,0.1626701873512897,-0.0858276312070646,0.5183673469387755,245,1.2784741062385934,64.4350949544251,0.6122448979591837,59967.585792458456,0,263,1
5,NASDAQ_recent,2024,41,10,1.5380038101147302,1.7286744665303855,0.2916372354176031,0.2824880251947246,0.1550345314899436,-0.0916261595089487,0.5510204081632653,245,1.175809310111421,1.364994742124046,0.22268317394892256,0.21587393524727716,0.15625164988553922,-0.09258339600949916,0.5387755102040817,245,1.253930314979155,63.19808787494941,0.6326530612244898,61998.79039610321,0,255,5
5,NASDAQ_recent,2024,42,10,0.7191272141239391,0.9151166698269028,0.13503415071551017,0.13104765304251753,0.15082717475924987,-0.11448246782968186,0.5224489795918368,245,0.3454923900419342,0.5401226790576619,0.07307842771896644,0.07097810010490879,0.1518804500356696,-0.1277665875223002,0.5142857142857142,245,1.2979617619970616,65.4172728046519,0.5714285714285714,61271.02289983663,0,251,0
5,NASDAQ_recent,2024,43,10,1.1401606557461206,1.337853777429993,0.20787793204993354,0.20155769422032965,0.1495273868635191,-0.057705023481011364,0.5387755102040817,245,0.7640986036939821,0.9609555832064272,0.1423146070305199,0.13810038714846629,0.15016249847728852,-0.06623575765418033,0.5224489795918368,245,1.2899339088778548,65.01266900744389,0.5306122448979592,56290.89608077603,0,270,1
5,NASDAQ_recent,2024,44,10,-0.457682265594327,-0.2813802120501507,-0.05937853901090284,-0.05777774322384599,0.16766983306223437,-0.12069817287032703,0.49387755102040815,245,-0.7841441050938246,-0.6089045903492307,-0.11036418274438031,-0.10746957369655541,0.16868647421995384,-0.15166284542285224,0.4775510204081633,245,1.2887141026595172,64.95119077403967,0.4897959183673469,51675.11916222672,0,252,1
5,NASDAQ_recent,2024,45,10,0.8337397329456896,1.024182622112641,0.15829519669679937,0.15357676036799073,0.1552199507977793,-0.0907974199324858,0.5020408163265306,245,0.46599055351473856,0.6555444664416381,0.09430171639350626,0.0915658477890684,0.1559479064812607,-0.09500120456385552,0.49795918367346936,245,1.3028324437608416,65.66275516554641,0.6326530612244898,59626.188499770404,0,269,2
5,NASDAQ_recent,2024,46,10,0.4157771903706691,0.6011248283341811,0.08678428582526343,0.08427480980901114,0.1594869846256175,-0.08638999018428617,0.5224489795918368,245,0.06929543389443164,0.2537346549228229,0.02829570862147235,0.027499008832697402,0.16027250452185993,-0.09269001291220469,0.5102040816326531,245,1.2732782612217286,64.17322436557512,0.5102040816326531,56034.904048807635,0,239,3
5,NASDAQ_recent,2024,47,10,0.3691482695285991,0.5520125779862571,0.07920327371097224,0.07692068616651504,0.16165284595777668,-0.09751988064238604,0.49795918367346936,245,0.018358493753603496,0.20073168100941904,0.01965450204518171,0.019103362197770535,0.16208816839295836,-0.10380696601374262,0.4857142857142857,245,1.3101812302403173,66.03313400411199,0.5102040816326531,58435.22160088735,0,266,1
5,NASDAQ_recent,2024,48,10,0.5455434000246729,0.7405005540473567,0.10609721384135695,0.10300331546752761,0.15162580739582257,-0.07288065877696892,0.5306122448979592,245,0.18082110179303224,0.3750434417507308,0.0466204621971551,0.04529655881320993,0.15219946321684424,-0.07747355111557219,0.5224489795918368,245,1.2831907869469052,64.67281566212402,0.4489795918367347,56091.90629647671,0,255,2
5,NASDAQ_recent,2024,49,10,0.9657268103467325,1.1428640868510407,0.1934896950018381,0.18764001410326703,0.16687925020435904,-0.07947372732665492,0.4897959183673469,245,0.6290179496097927,0.8052895773533161,0.12873915758704557,0.12494854546177137,0.16769877412882328,-0.0856521605053524,0.4857142857142857,245,1.2821524357199312,64.62048276028453,0.5714285714285714,57615.07249854617,0,268,1
5,NASDAQ_recent,2025,0,10,0.07012885632953093,0.21726015044438265,0.023852997806483422,0.02270434522886222,0.20091263428435555,-0.1853373911757512,0.5291666666666667,240,-0.23542138200447052,-0.08769951992348253,-0.03677996255269733,-0.035059612293715015,0.20010941826657114,-0.19363678075029112,0.5083333333333333,240,1.428603385620617,72.0016106352791,0.5208333333333334,55154.13160490418,0,210,2
5,NASDAQ_recent,2025,1,10,1.2140927811976179,1.359690220264997,0.2910005532494,0.27539355349329964,0.20302922960479544,-0.20014300825575548,0.5458333333333333,240,0.9211270062494964,1.067147114808146,0.2159932685617274,0.2047219668735336,0.20244154163471312,-0.20902915310260928,0.525,240,1.4046947151793878,70.79661364504115,0.5833333333333334,59010.553088522734,0,200,1
5,NASDAQ_recent,2025,2,10,0.8237289510180057,0.9550662609493715,0.2088793504995139,0.19800867032331215,0.22507340756201646,-0.26823472968595075,0.55,240,0.5631972441291944,0.6952248350001117,0.13960540154554701,0.13253570796169867,0.22389665441356377,-0.2747709422022243,0.5333333333333333,240,1.384970467931291,69.80251158373707,0.625,56365.7013054645,0,227,3
5,NASDAQ_recent,2025,3,10,0.6960311451243781,0.8311943709705795,0.17141941650305914,0.1626269835999652,0.21870250359308008,-0.15708010898591518,0.5083333333333333,240,0.4244852095177061,0.5600800616750761,0.10374008961585868,0.09856444783120955,0.21800632852915022,-0.16573727011870376,0.49583333333333335,240,1.3859906336990353,69.85392793843138,0.5416666666666666,59549.05359569249,0,211,1
5,NASDAQ_recent,2025,4,10,1.0354150273588398,1.1842708280341874,0.24051314413934843,0.22784674197472166,0.19858504507158778,-0.17385621845246046,0.525,240,0.7525133951857648,0.9023841341347535,0.17190734761409177,0.16308818740817288,0.19724020908672926,-0.18296456947219908,0.5,240,1.3337651081615924,67.22176145134426,0.625,55983.64093599883,0,203,2
5,NASDAQ_recent,2025,5,10,1.0852811848405124,1.2213741185323164,0.273735571212504,0.2591442955119325,0.21720845516655507,-0.16163131810903786,0.5166666666666667,240,0.8172539108630394,0.9538600299728839,0.20115679263664799,0.19071887939602794,0.21639247259862252,-0.1696391145313063,0.5041666666666667,240,1.3728176751519878,69.19001082766019,0.625,58648.534416255636,0,215,1
5,NASDAQ_recent,2025,6,10,0.48441478543517963,0.6232169463522975,0.11648742056499284,0.11064452545012338,0.21296884494422577,-0.20722985973357677,0.5041666666666667,240,0.21470291809371456,0.35420473996923973,0.054172899028941846,0.05152791571444748,0.21190071562404011,-0.21555844660316648,0.5,240,1.348711300400529,67.97504954018665,0.6041666666666666,52841.41468945224,0,222,2
5,NASDAQ_recent,2025,7,10,0.5673580076313974,0.7032305687531307,0.13804070537330992,0.13105471726658324,0.21756074693989727,-0.27057047208925067,0.4875,240,0.29962061446279614,0.43600077276110355,0.07359051809006556,0.06996644778752303,0.21675100142956813,-0.27732150851986515,0.4875,240,1.3686436618695061,68.97964055822311,0.5416666666666666,52521.128383801115,0,212,6
5,NASDAQ_recent,2025,8,10,-0.15732443508210442,-0.03516965869630527,-0.03633226690477842,-0.03463247868594599,0.24199246857872078,-0.17932406596304562,0.475,240,-0.4046181510670239,-0.28202028343843,-0.09182829998270492,-0.08765317253303062,0.24111786328807766,-0.1869077351348325,0.475,240,1.3936531958642746,70.24012107155944,0.5416666666666666,55180.02854078625,0,188,4
5,NASDAQ_recent,2025,9,10,0.9009777399175087,1.0470231370745573,0.2110416392986585,0.2000493879568439,0.20240648772034553,-0.2071978175735547,0.5041666666666667,240,0.6210508348671403,0.7679318570772056,0.14381317526000603,0.1365179013756792,0.20125497114259236,-0.21535435717559226,0.49583333333333335,240,1.3438547220757637,67.73027799261848,0.6041666666666666,54252.69471191747,0,203,4
5,NASDAQ_recent,2025,10,10,0.33078415129781,0.47580764644968826,0.0793183263855648,0.07540239960199346,0.20383273658742954,-0.21270237226232003,0.5,240,0.03722589705334217,0.1827458570910063,0.016752040189598416,0.01594799738876218,0.2031373282306439,-0.22161020874052284,0.49583333333333335,240,1.3978254152945233,70.45040093084397,0.5,55770.64531698559,0,199,3
5,NASDAQ_recent,2025,11,10,0.969801571294885,1.1074189121061366,0.23975649835729596,0.227133474506366,0.21480240580164053,-0.18285775418554306,0.5375,240,0.6871377592433773,0.8253821485223203,0.1662246573476307,0.15771620876035986,0.2138281057225064,-0.1906898374329361,0.5208333333333334,240,1.4251915098543695,71.82965209666023,0.6041666666666666,62412.89224049951,0,226,2
5,NASDAQ_recent,2025,12,10,1.360505857101723,1.5055375133197804,0.3312856027754565,0.3132685908642274,0.20382126672977127,-0.12386619749453498,0.5291666666666667,240,1.0770864869900323,1.2229217719311714,0.2553928987013845,0.24186925101057577,0.20269810490795934,-0.13328599429910992,0.5208333333333334,240,1.3731642975248957,69.20748059525475,0.6041666666666666,62631.113891320194,0,234,4
5,NASDAQ_recent,2025,13,10,1.1313991975493805,1.2718623402493483,0.2785509291600319,0.26367740761942926,0.21045048058922497,-0.2047130928377482,0.5458333333333333,240,0.8652017704281075,1.0061677961144342,0.2083454310579036,0.19750474288527986,0.20969971837085305,-0.21095730711984084,0.5333333333333333,240,1.3257399803638954,66.81729501034033,0.7083333333333334,56451.69979980725,0,233,5
5,NASDAQ_recent,2025,14,10,0.9592976634169103,1.104971540539853,0.22604557183633833,0.21420498757210704,0.20292269602554266,-0.1771702354000132,0.5083333333333333,240,0.6700739890837958,0.8164756005233238,0.15565271841447115,0.14771898839437947,0.2019140062436491,-0.18656439834891214,0.5,240,1.383144085318266,69.7104619000406,0.5625,56861.20343884789,0,201,3
5,NASDAQ_recent,2025,15,10,0.7189420766144212,0.8722237805798743,0.161224986931219,0.15298887391477178,0.1928510391099486,-0.21866504839394318,0.5,240,0.4101935604789276,0.5642363321403993,0.0939011427498988,0.08923597623877333,0.19189823428550187,-0.22536875878650087,0.49166666666666664,240,1.39067070788663,70.08980367748615,0.5208333333333334,56397.71762753533,0,239,3
5,NASDAQ_recent,2025,16,10,0.5003027845624018,0.6392452693237612,0.11979655158705582,0.11377936482467921,0.2127537587732999,-0.20240169042233414,0.5208333333333334,240,0.22739245107279454,0.36663746385877455,0.05664007253786618,0.05387157876134441,0.2122915233719415,-0.20808467932925367,0.5166666666666667,240,1.354514998784296,68.2675559387285,0.5625,53528.483094927484,0,197,4
5,NASDAQ_recent,2025,17,10,0.7449246295532417,0.8851233965597589,0.17889532776677863,0.16969238709987677,0.21084733138135947,-0.18408841595586756,0.5166666666666667,240,0.45924612143155896,0.6000423704223732,0.10975764849171044,0.10426784348263451,0.2099525811103799,-0.1922180961990937,0.49166666666666664,240,1.409501857122157,71.0388935989567,0.5833333333333334,60152.52519251012,0,207,2
5,NASDAQ_recent,2025,18,10,0.47447832010762697,0.6103994181769874,0.11532007767659347,0.10953856090672787,0.21748305675985963,-0.2050171990337455,0.5416666666666666,240,0.19740422325023668,0.33396005110900545,0.050129587397150344,0.04768645330395649,0.2164721663644688,-0.21255268251345316,0.5291666666666667,240,1.409653588588218,71.0465408648462,0.5208333333333334,56907.528456018146,0,208,2
5,NASDAQ_recent,2025,19,10,0.03628088830377556,0.1904827580120366,0.018396507156402064,0.017512857664157888,0.1917002429491133,-0.13920756704547932,0.5291666666666667,240,-0.2713442664189824,-0.11625454666370624,-0.03944557189000297,-0.03760298976621601,0.1906028067684061,-0.148892067636484,0.5,240,1.3654581554076601,68.81909103254607,0.5625,55793.23671656874,0,260,3
5,NASDAQ_recent,2025,20,10,0.9621338737968158,1.0990363086101855,0.2389778096591182,0.22639940619213772,0.21592410629204017,-0.18309855078000503,0.5291666666666667,240,0.7058499038003908,0.8433273101335983,0.17179520315137742,0.16298218666923026,0.21502104727401203,-0.18912911876470428,0.5166666666666667,240,1.2984470779283626,65.44173272758947,0.5833333333333334,56368.39152044353,0,238,1
5,NASDAQ_recent,2025,21,10,0.6726956986249887,0.8123355647988237,0.16148916267073532,0.153238684032885,0.21169123615086977,-0.17758138678546143,0.5458333333333333,240,0.3877160119528633,0.5279752977936084,0.09333067821400154,0.08869498697516787,0.21075635533924753,-0.1845893986483168,0.5375,240,1.4070292819261174,70.91427580907632,0.5625,58850.318836612816,0,227,1
5,NASDAQ_recent,2025,22,10,0.5179462956763959,0.6615078193806146,0.1221822268152084,0.11603911302815262,0.20590848525113895,-0.14866518540821405,0.5041666666666667,240,0.23085743117441382,0.3752699043662982,0.057741764053004685,0.054918033727916926,0.2046951709427714,-0.15579811852428016,0.5041666666666667,240,1.386877712478628,69.89863670892285,0.5625,58509.197648841975,0,178,4
5,NASDAQ_recent,2025,23,10,0.7355945388192872,0.8819583506458564,0.17107426302177142,0.1623007309963569,0.20196615213402822,-0.18636745011053402,0.5375,240,0.45174419400203275,0.5988562114360871,0.105562867851132,0.10029221887430606,0.2009389606769018,-0.19377273315500898,0.5291666666666667,240,1.3518397579826773,68.13272380232694,0.5625,55504.5783272206,0,232,3
5,NASDAQ_recent,2025,24,10,1.2242940595869762,1.3781995185217968,0.2792544691928276,0.26433964244502506,0.19206944374078483,-0.11922899987202051,0.525,240,0.9233396119104086,1.078063387226148,0.2065619941261092,0.1958214105576006,0.1910536103837823,-0.12958158954388166,0.5166666666666667,240,1.3653860454551812,68.81545669094113,0.5625,60122.23452866441,0,233,2
5,NASDAQ_recent,2025,25,10,0.716688102838571,0.8568370013361448,0.17182240228512136,0.16300789576963282,0.2109223561738725,-0.18176813320287655,0.55,240,0.44281193079525105,0.5834973199545174,0.10586810247909417,0.10058153073986142,0.21011802336358065,-0.18870722569174014,0.5291666666666667,240,1.3636769555348893,68.72931855895841,0.5625,54866.02813056155,0,208,2
5,NASDAQ_recent,2025,26,10,1.6591178711971726,1.7987923575017402,0.43078841546928714,0.40658849900580796,0.21163876573580398,-0.1661683862555744,0.5666666666666667,240,1.3957003938604535,1.5359911978952454,0.35180680561901645,0.33254105590585037,0.21070900612238416,-0.17355572567351607,0.5625,240,1.329975454271449,67.03076289528103,0.625,58684.52647767673,0,196,3
5,NASDAQ_recent,2025,27,10,-0.041828056323897786,0.10724385740843202,0.0017248808167558138,0.0016426762104404524,0.1982971516643933,-0.1741897558449993,0.48333333333333334,240,-0.3495491798768288,-0.20011054818101098,-0.05733284511497583,-0.054678783713040024,0.19781053634412027,-0.18160585423443731,0.475,240,1.415833001484921,71.35798327484002,0.4791666666666667,55859.42965838441,0,229,1
5,NASDAQ_recent,2025,28,10,0.656157527964665,0.8031605455283382,0.15204374205540216,0.14430521031319943,0.20108795299713667,-0.18326080454683213,0.5125,240,0.35651059415251796,0.5042260163990595,0.08453088288622457,0.08034815995643596,0.20011814228133692,-0.190894832663275,0.49166666666666664,240,1.4079627042999547,70.96132029671772,0.5625,58902.64216607017,0,239,5
5,NASDAQ_recent,2025,29,10,0.8887486380315611,1.0410453041671446,0.20130475708802442,0.19085857294580477,0.19409837809558236,-0.17943702911409043,0.5583333333333333,240,0.5815591605058146,0.7349096970933687,0.1312136329232454,0.12459173165344728,0.19276447636949634,-0.18587745785977938,0.5291666666666667,240,1.419432417753221,71.53939385476232,0.6041666666666666,57924.267377922246,0,186,4
5,NASDAQ_recent,2025,30,10,0.5132249660903969,0.6574346152068536,0.12051690073171706,0.11446171473221822,0.20498306505419406,-0.18738512046906852,0.5375,240,0.22695811268463018,0.37184828267878334,0.05664921888504537,0.05388026674327917,0.2040202995653469,-0.19388812299548952,0.5208333333333334,240,1.3784827479755197,69.4755304979662,0.5208333333333334,55560.71936702126,0,205,1
5,NASDAQ_recent,2025,31,10,1.5000766997804131,1.6497416665879476,0.3583162456124942,0.33865146921579803,0.1975113917226554,-0.1380054280113937,0.5375,240,1.2032229002072181,1.3534772126397665,0.2800445227344417,0.2650832908532499,0.19673668866942756,-0.1442233169753102,0.5208333333333334,240,1.383893758049507,69.74824540569514,0.6458333333333334,60590.93657030458,0,210,3
5,NASDAQ_recent,2025,32,10,-0.27074904703368835,-0.11999797888278349,-0.04180596690695826,-0.03985542912473239,0.19608840089073512,-0.20615313578570016,0.4625,240,-0.576532103563428,-0.4252090485403629,-0.09707474461223875,-0.09267344916301179,0.19534720523436067,-0.22291492583640904,0.45,240,1.3998685812685292,70.55337649593388,0.5208333333333334,50239.14549052347,0,180,1
5,NASDAQ_recent,2025,33,10,0.007875282786537393,0.14616488867783053,0.00853851203503786,0.008130267930229973,0.21375819025414058,-0.20889096615718106,0.5208333333333334,240,-0.26854768351633945,-0.1297529323558802,-0.048982515891676126,-0.04670537539574493,0.21298021459115923,-0.21519330922470192,0.5166666666666667,240,1.3776924170481533,69.43569781922693,0.6041666666666666,53915.71369920599,0,198,2
5,NASDAQ_recent,2025,34,10,0.8296636107766915,0.9716671160275053,0.19823826028968705,0.18796331924736043,0.20816764934125984,-0.16022388960983713,0.5041666666666667,240,0.5444706876678789,0.6870483005315846,0.12888562467249365,0.12238745162023501,0.20732943477275756,-0.16978277745187487,0.49166666666666664,240,1.3904997281920386,70.08118630087874,0.5833333333333334,60811.773164964136,0,235,1
5,NASDAQ_recent,2025,35,10,1.2200912528445695,1.3644991591821358,0.29491249228618166,0.2790739047255135,0.20470164436274554,-0.14162727433502376,0.5416666666666666,240,0.9292869990997846,1.0745694500540088,0.21904387321300578,0.20760020265754298,0.20346941899813584,-0.15028385948992096,0.5291666666666667,240,1.4103524292800074,71.08176243571236,0.625,61964.45160816104,0,177,2
5,NASDAQ_recent,2025,36,10,0.8977472236458136,1.0405578905506887,0.21415024499864588,0.20298291343445385,0.2069910919607368,-0.1987709643664345,0.5375,240,0.619858787551558,0.7635084363016486,0.14574580111436464,0.13834668452159304,0.2057821661486138,-0.20669952753482346,0.5125,240,1.3631291720615941,68.70171027190435,0.5833333333333334,55051.162635209526,0,198,2
5,NASDAQ_recent,2025,37,10,0.24639994947467198,0.3786911769368183,0.06169947054375502,0.058676881233454825,0.22345046193436813,-0.24607215731132515,0.49583333333333335,240,-0.009066621024440898,0.1238077922199559,0.0030160970032133694,0.0028722672757419687,0.2224697378863323,-0.2541979954316531,0.4875,240,1.337287123660295,67.39927103247886,0.5625,49550.105791648486,0,193,2
5,NASDAQ_recent,2025,38,10,0.8521109765562649,0.9961509508384542,0.20145327985758676,0.19099879278097998,0.2052245290489221,-0.1699325355078668,0.5333333333333333,240,0.5664912812035048,0.7109635544579183,0.13283513166985728,0.12612692386728752,0.20461044337708661,-0.17592875268111208,0.5166666666666667,240,1.3714968683185143,69.1234421632531,0.5416666666666666,59509.33079251693,0,207,3
5,NASDAQ_recent,2025,39,10,0.395668057763656,0.5315697522021765,0.09654452250617251,0.09174260024709957,0.21751410832963394,-0.238611174268753,0.5333333333333333,240,0.13598706500736843,0.2725634609905639,0.03641954086488841,0.03465557583997847,0.21643956610129264,-0.24535193935853872,0.5208333333333334,240,1.3238167195915753,66.7203626674154,0.7083333333333334,52605.438653074496,0,196,1
5,NASDAQ_recent,2025,40,10,0.6506614199966446,0.8081352776529487,0.14360109264516163,0.1363172053032098,0.1877171000077916,-0.15203955052446572,0.5208333333333334,240,0.342372548257008,0.5004380472361313,0.07920004053630358,0.07529015484178503,0.1870144723371001,-0.15723536695932372,0.5125,240,1.3513933911169091,68.11022691229222,0.6041666666666666,58432.618208936576,0,221,1
5,NASDAQ_recent,2025,41,10,1.1049930320613803,1.241171286923111,0.2788189272749393,0.2639296734688934,0.2170723653074834,-0.15233761879866825,0.5291666666666667,240,0.8240352712555242,0.9608261830428277,0.20250004282851042,0.19198701469369683,0.2161001451049973,-0.15841029519607708,0.5208333333333334,240,1.4396419392503172,72.55795373821599,0.5208333333333334,62943.393547201355,0,201,1
5,NASDAQ_recent,2025,42,10,0.19221932941905331,0.3408387623701363,0.049317307317992,0.04691463879683333,0.1989008792410802,-0.20540799399939258,0.5083333333333333,240,-0.11390211099160788,0.0356057327155284,-0.012305480384557366,-0.011722953646810863,0.19771896345576268,-0.215266164072223,0.49166666666666664,240,1.4185761254965066,71.49623672502393,0.5833333333333334,55826.2723915258,0,191,2
5,NASDAQ_recent,2025,43,10,-0.07402722009795044,0.05806390134397345,-0.011908088821762197,-0.01134426590438209,0.22378896903587842,-0.18759853316477704,0.5166666666666667,240,-0.3332487732774869,-0.2007505881115506,-0.06725560572824996,-0.06415802282711303,0.22310143983678357,-0.1953073494947707,0.5,240,1.3545292877688275,68.2682761035489,0.5416666666666666,50297.34106283912,0,178,2
5,NASDAQ_recent,2025,44,10,0.8289354151939384,0.9675154159283873,0.20181214347023446,0.1913375912751798,0.21331025926984912,-0.20471649724353924,0.525,240,0.5462634337308987,0.6853213653705056,0.1312435441683828,0.12462005177905988,0.21257712909819834,-0.21440002159919958,0.5041666666666667,240,1.4162045088381008,71.37670724544027,0.5416666666666666,59170.23174476548,0,193,0
5,NASDAQ_recent,2025,45,10,-0.14637513118469814,-0.0005136447918123221,-0.02034976565467783,-0.0193901869455142,0.2026616937568993,-0.18573201392207428,0.475,240,-0.4522869049730568,-0.3057665677195835,-0.07871008630276688,-0.07510649421704951,0.2017503947942928,-0.19660026184633317,0.4625,240,1.4280481759930341,71.97362807004893,0.5,56825.670567548565,0,205,3
5,NASDAQ_recent,2025,46,10,1.1650558715756902,1.3071353129007381,0.28450845845867834,0.26928461954253,0.20805639162567433,-0.1528013031658274,0.5125,240,0.8794150628740863,1.0220854503940762,0.2097480290500009,0.19882852970802123,0.2071946141040611,-0.1630934679034799,0.5,240,1.4074044344610852,70.9331834968387,0.5416666666666666,61864.41304343296,0,192,4
5,NASDAQ_recent,2025,47,10,0.7883833847861758,0.9216749853146314,0.1976006304443434,0.18736125243319557,0.22177343335276734,-0.1256758044907671,0.49583333333333335,240,0.5247064696156308,0.6585060121184005,0.12931038018533103,0.12278964849798113,0.22093151690462068,-0.136039433752162,0.48333333333333334,240,1.3729489175087277,69.19662544243988,0.5833333333333334,58916.057105675376,0,211,2
5,NASDAQ_recent,2025,48,10,1.466619611006458,1.6176598774167525,0.34623856059001246,0.3273130308372334,0.1957129485324212,-0.19508108420621662,0.5416666666666666,240,1.1728152529444367,1.324608700481337,0.2698784267106955,0.25551264389644746,0.19474184403839387,-0.2047806440527693,0.5208333333333334,240,1.3704939335171848,69.07289424926611,0.6041666666666666,58545.87402588674,0,194,3
5,NASDAQ_recent,2025,49,10,0.374387897818516,0.5155619923604543,0.08997877940751664,0.08551600531414816,0.20939065330785367,-0.17632517866233532,0.48333333333333334,240,0.08654356430310703,0.2285295037934134,0.02637761756744994,0.025105906642423292,0.20819340275801962,-0.1853724798771348,0.4708333333333333,240,1.3969087976148151,70.40420339978668,0.5,56542.36761306773,0,221,3
1,NYSE_recent,2022,0,10,-0.41852776050673235,-0.28892518904233994,-0.08773818237867559,-0.08674035843157502,0.2280860290986028,-0.21108594753609478,0.4979919678714859,249,-1.6920006825758083,-1.5624361655547465,-0.3179981539546346,-0.3148837103117984,0.2281530203325334,-0.3612630011957406,0.46987951807228917,249,1.355568188691162,341.60318355017273,0.46987951807228917,225163.83852943152,0,1193,2
1,NYSE_recent,2022,1,10,-0.7449790854621552,-0.6156501511086626,-0.15366056650759907,-0.15197795741137543,0.22856861872443685,-0.24732077998242463,0.46586345381526106,249,-2.0510845775244904,-1.921634612789557,-0.37204550505018763,-0.36855752729242,0.22835491648692566,-0.3927131531369483,0.42570281124497994,249,1.3951351760837074,351.57406437309425,0.42570281124497994,227201.46898808476,0,1163,5
1,NYSE_recent,2022,2,10,-0.6743627303995992,-0.541866015333023,-0.13560453614302137,-0.1341036638816161,0.22310391522859827,-0.18650386366670169,0.4899598393574297,249,-1.97173415901708,-1.8392332190870204,-0.35307264538818517,-0.3497097609254801,0.22309680144068889,-0.35238400128314096,0.4819277108433735,249,1.3523339926411055,340.7881661455586,0.4819277108433735,234477.43066710263,0,1259,4
1,NYSE_recent,2022,3,10,-0.7085745803584578,-0.5738723513005088,-0.1392929634566391,-0.13775460227863845,0.21945097785697532,-0.27543514523183843,0.46184738955823296,249,-2.0293505917769528,-1.8949110983088875,-0.3567243229524739,-0.353336844554318,0.2198798516992546,-0.4116447396659617,0.4457831325301205,249,1.3618797588744105,343.19369923635145,0.4457831325301205,221016.9440367171,0,1160,2
1,NYSE_recent,2022,4,10,-0.72387527620215,-0.5967974340844501,-0.15289177158278666,-0.151216808674433,0.23261754680176344,-0.19884823660092443,0.4538152610441767,249,-1.9953974874491591,-1.8682694961124087,-0.3699154542945404,-0.36644118643398094,0.23252578425453102,-0.37268716052745243,0.43373493975903615,249,1.3815127440508974,348.14121150082616,0.43373493975903615,230842.39899857645,0,1156,4
1,NYSE_recent,2022,5,10,-0.3739031497315755,-0.2406670042299612,-0.07495702041637409,-0.07409858906834121,0.2218657390229214,-0.18296669887417694,0.4779116465863454,249,-1.6549963966570003,-1.5217998022767285,-0.3040982059856415,-0.30108818022094574,0.22193161937674497,-0.3062251081573383,0.42570281124497994,249,1.3270655230628057,334.420511811827,0.42570281124497994,229489.91581920066,0,1213,3
1,NYSE_recent,2022,6,10,-0.20338760999905967,-0.07572266095224099,-0.04333342557326436,-0.04282876073281139,0.23154778274685556,-0.1452542337890842,0.4859437751004016,249,-1.447704536566146,-1.3198794028831389,-0.2826414870417634,-0.27979906310095193,0.23125761761054114,-0.2844327051297494,0.4578313253012048,249,1.3448589161739715,338.9044468758408,0.4578313253012048,238043.82754636413,0,1157,3
1,NYSE_recent,2022,7,10,-0.4330417355712567,-0.3012519927243645,-0.08850608237975233,-0.08749995049611303,0.22430073272563675,-0.17627488996061902,0.4939759036144578,249,-1.7425836577595848,-1.610792264923761,-0.3207089622124415,-0.31757454265112495,0.2242979245473605,-0.3270370803866407,0.4578313253012048,249,1.3737594504375281,346.18738151025707,0.4578313253012048,232133.85121079095,0,1163,2
1,NYSE_recent,2022,8,10,-0.44830532870939577,-0.3213511884875773,-0.09687290225757139,-0.095776744564959,0.23284420527469227,-0.20755624492865532,0.4979919678714859,249,-1.7253927839659955,-1.5985439160955943,-0.3296536536769138,-0.3264542304404392,0.23303744355434483,-0.3747732012255992,0.44176706827309237,249,1.3901558308610658,350.31926937698853,0.44176706827309237,226371.21360428876,0,1197,3
1,NYSE_recent,2022,9,10,0.4112823475328349,0.5471455802919944,0.10018430688099311,0.09893450436933837,0.217575684649593,-0.12716478252207086,0.5100401606425703,249,-0.9040672174623442,-0.7680770400111073,-0.17350713873174883,-0.17163001285650603,0.21737258116955502,-0.2324859038899012,0.46184738955823296,249,1.333063732269186,335.93206053183485,0.46184738955823296,250485.34675482707,0,1238,6
1,NYSE_recent,2022,10,10,-0.6542801508685746,-0.5254375270852246,-0.1365665284744766,-0.13505586068084507,0.22943134048548616,-0.1790026853925093,0.46586345381526106,249,-1.9323881673539958,-1.8037492885422042,-0.3567589937366408,-0.35337128300432163,0.22979472581948163,-0.3567604580757968,0.43373493975903615,249,1.3733060402999422,346.0731221555854,0.43373493975903615,235538.8712661745,0,1115,3
1,NYSE_recent,2022,11,10,-0.8544894031269559,-0.7200603695423458,-0.16681911210396283,-0.16500691477927176,0.219896960485665,-0.21948560405599649,0.46987951807228917,249,-2.1650982369487513,-2.030690196192119,-0.375739626462532,-0.37222807460004315,0.21993130559655505,-0.37254603692789545,0.4457831325301205,249,1.3476871438365234,339.6171602468039,0.4457831325301205,223224.57543416542,0,1149,3
1,NYSE_recent,2022,12,10,-1.4168555269679897,-1.2899375294582331,-0.2794832004021126,-0.2766660918446481,0.23291051282154634,-0.29189017907740245,0.4578313253012048,249,-2.6980904511283126,-2.5711865356388923,-0.46574076231477246,-0.4617387851324868,0.2329363579703384,-0.4686780603324533,0.41767068273092367,249,1.399052679716353,352.5612752885209,0.41767068273092367,218710.8310892973,0,1087,3
1,NYSE_recent,2022,13,10,-0.2450869530464107,-0.1098057401546106,-0.04664361307843912,-0.046101334139298955,0.21851175972175904,-0.18825394593679068,0.4779116465863454,249,-1.5636399988242853,-1.4283577342835876,-0.28547095353954544,-0.2826059893229501,0.21851006106856175,-0.3278569816160264,0.43775100401606426,249,1.3460007810683403,339.19219682922176,0.43775100401606426,234408.06159994015,0,1215,3
1,NYSE_recent,2022,14,10,-0.6296447227438167,-0.49924878768920206,-0.12962428213229127,-0.1281845865132175,0.22669829296365823,-0.23857752438750124,0.4899598393574297,249,-1.9327720027549424,-1.8020725240443667,-0.35174906076194123,-0.34839515085422723,0.2261717963829126,-0.3712531380241998,0.4538152610441767,249,1.3842384042510107,348.8280778712547,0.4538152610441767,226606.94799819967,0,1118,2
1,NYSE_recent,2022,15,10,-0.011231564401383787,0.12720349002867262,0.004455794477738806,0.004402632708197185,0.21353360251117948,-0.15279203386204876,0.4779116465863454,249,-1.3609892407038824,-1.2226576869182386,-0.24739221882483642,-0.24484148399453987,0.21369336985896692,-0.2535390218940171,0.4457831325301205,249,1.3432232609573558,338.4922617612536,0.4457831325301205,241880.2764930276,0,1214,1
1,NYSE_recent,2022,16,10,-0.6291267632483729,-0.4994815039912177,-0.13049183294823796,-0.12904323237866178,0.22801092809453957,-0.19433313039904843,0.46987951807228917,249,-1.8968683244088616,-1.7672192556916755,-0.3489893119364902,-0.3456542171784104,0.22800422848207222,-0.35230406073481635,0.4497991967871486,249,1.348325777209115,339.778095856697,0.4497991967871486,228964.71267217363,0,1167,5
1,NYSE_recent,2022,17,10,-0.6559703920987399,-0.5240918310957893,-0.13288582062720156,-0.1314126999743951,0.2241496696769368,-0.18650042112171394,0.4979919678714859,249,-1.956224513975312,-1.824388183889136,-0.35244856873090546,-0.34908991182955873,0.22422147117534783,-0.3587165226812117,0.42971887550200805,249,1.363682894363981,343.64808937972316,0.42971887550200805,231981.5748295359,0,1206,4
1,NYSE_recent,2022,18,10,-0.09878113405155438,0.0327923740031051,-0.017575511810887345,-0.017368107187216264,0.2246693602940255,-0.17370445958284286,0.4538152610441767,249,-1.3950749690582316,-1.263492216424621,-0.2659376663882441,-0.2632309779001415,0.2246535757508574,-0.27599888502874026,0.42971887550200805,249,1.3591180328982981,342.4977442903711,0.42971887550200805,239886.81703217633,0,1224,2
1,NYSE_recent,2022,19,10,-0.5263604275140894,-0.3961765440331544,-0.10923559930305937,-0.10800809423340818,0.22706755318610683,-0.20452543690609126,0.4578313253012048,249,-1.826290759631605,-1.6962248130868052,-0.3374174541279965,-0.3341627520343765,0.2272734460599137,-0.3479014665763813,0.41767068273092367,249,1.3852124458856225,349.07353636317686,0.41767068273092367,238178.46859814323,0,1120,1
1,NYSE_recent,2022,20,10,-0.46538161960964897,-0.3336254393670953,-0.09509348555426678,-0.09401639799495598,0.2243578694514545,-0.18617307319882148,0.4859437751004016,249,-1.784400838482951,-1.6523925082588473,-0.3265316143220496,-0.3233547205627022,0.22392932200640514,-0.3293221846071419,0.4457831325301205,249,1.3858775227932632,349.2411357439023,0.4457831325301205,233868.65001703613,0,1183,2
1,NYSE_recent,2022,21,10,-0.44163972855754036,-0.31182733213465214,-0.09236754206462316,-0.09131974852307434,0.2277173575163205,-0.16107565348199915,0.46987951807228917,249,-1.7003866333845272,-1.5706089533458547,-0.31885189215359966,-0.3157311435631689,0.2277782734093595,-0.31681964369610116,0.4497991967871486,249,1.3386582663161362,337.3418831116663,0.4497991967871486,236888.8024483366,0,1168,3
1,NYSE_recent,2022,22,10,0.058141562972343616,0.18952531213764648,0.01759095792026577,0.017379732470910403,0.22499385254327786,-0.13781086845001078,0.4779116465863454,249,-1.2224948916688603,-1.0909889548661071,-0.23705545493456703,-0.23459399454981245,0.2247848013935618,-0.25619084499977407,0.46586345381526106,249,1.3444515587115653,338.80179279531444,0.46586345381526106,249767.10652338862,0,1160,3
1,NYSE_recent,2022,23,10,-0.46340544967570524,-0.33247145025820574,-0.0956354527704335,-0.09455255254258677,0.225766691751496,-0.14648478277345367,0.4979919678714859,249,-1.7600945718987044,-1.6291267058714034,-0.32529134144146044,-0.32212344534362847,0.22570831138165656,-0.3304382416627323,0.4497991967871486,249,1.3644992480278526,343.85381050301885,0.4497991967871486,233696.47663295516,0,1239,2
1,NYSE_recent,2022,24,10,-0.5107143609053613,-0.3820018121661647,-0.10776965269030192,-0.10655761748956216,0.22966320048698685,-0.21372960937897434,0.46987951807228917,249,-1.781526787243018,-1.652756614220026,-0.333699790279706,-0.3304714248378172,0.22956042686222936,-0.36393049993358595,0.4538152610441767,249,1.365028949958192,343.9872953894644,0.4538152610441767,224416.32404849754,0,1181,3
1,NYSE_recent,2022,25,10,-0.7134629562613446,-0.577816326475408,-0.1390099030586116,-0.13747441229828294,0.21792311340820295,-0.20891675362730755,0.5060240963855421,249,-2.0507457054755065,-1.9150118002301115,-0.35670278573042646,-0.3533154516675763,0.21778299116081803,-0.35569412042861304,0.46987951807228917,249,1.3631658152958912,343.5177854545646,0.46987951807228917,223430.95100919544,0,1169,4
1,NYSE_recent,2022,26,10,-0.6387455481161403,-0.5066554853164145,-0.12922596507194495,-0.12779036138040467,0.22379076260339623,-0.22687639551228667,0.46987951807228917,249,-1.953683661677413,-1.8213929963506001,-0.3509630562966425,-0.347614491012209,0.22345141142993236,-0.3738628084151522,0.43373493975903615,249,1.3731057056656568,346.02263782774554,0.43373493975903615,224812.1046142084,0,1175,4
1,NYSE_recent,2022,27,10,-0.009358962516175311,0.12539794546077893,0.003598371751779128,0.0035554579295411504,0.21936193349981378,-0.16424163302470107,0.5060240963855421,249,-1.327922500071207,-1.1932667796892424,-0.24881061037725738,-0.24624775569623802,0.21952677392709113,-0.30496477531082733,0.4738955823293173,249,1.3519970709907934,340.7032618896799,0.4738955823293173,238838.9755569867,0,1220,2
1,NYSE_recent,2022,28,10,-0.29622536163082924,-0.1635846553187379,-0.05942908265326596,-0.0587427953223395,0.22286171951412825,-0.1756388327404752,0.4899598393574297,249,-1.6267863971661143,-1.4941745503724722,-0.3010417113615621,-0.29805508856528007,0.2229102195694508,-0.3261746094649295,0.4457831325301205,249,1.3908337927173473,350.49011576477153,0.4457831325301205,233532.918780606,0,1092,3
1,NYSE_recent,2022,29,10,-1.2097935231036783,-1.0725421254252512,-0.22450154109787013,-0.22215072415009396,0.2153751173852521,-0.2617963844803285,0.4457831325301205,249,-2.5603389622562753,-2.4231031998057215,-0.42055217017406965,-0.41677571614568987,0.21539965500560962,-0.42405703604287737,0.41767068273092367,249,1.362889248657481,343.4480906616852,0.41767068273092367,224561.8005481833,0,1154,3
1,NYSE_recent,2022,30,10,-0.8801643118536926,-0.7520104495075833,-0.18133307856371483,-0.1793807875980934,0.23066441654677608,-0.21346349608702198,0.4819277108433735,249,-2.1552701185230525,-2.0270096346064452,-0.38992774981769573,-0.3863280738310999,0.23047266768072414,-0.3959714772400087,0.42971887550200805,249,1.3783268466922083,347.3383653664365,0.42971887550200805,230553.78918837514,0,1122,2
1,NYSE_recent,2022,31,10,-0.019583157462436565,0.11281046707502855,0.000360981343414446,0.0003566831801560255,0.22327763885575952,-0.1958104805133083,0.4819277108433735,249,-1.3368737129235595,-1.2044610437849586,-0.25465787154437214,-0.25204538771027507,0.22324552536086364,-0.3127643746042993,0.4457831325301205,249,1.3761529403493933,346.79054096804714,0.4457831325301205,233955.8070080025,0,1180,2
1,NYSE_recent,2022,32,10,-0.2600699161404538,-0.13413984314401767,-0.057241304147190974,-0.056579514418389376,0.23473770151088316,-0.19524854407275583,0.4979919678714859,249,-1.484582233421571,-1.3586003012665016,-0.29282686928861823,-0.2899039264268636,0.23464107416526564,-0.3010126898951193,0.4819277108433735,249,1.3402203578680498,337.7355301827485,0.4819277108433735,236788.82865084108,0,1200,4
1,NYSE_recent,2022,33,10,-0.025134814568112156,0.11258472236920855,0.0011717307189416104,0.00115777347185686,0.21464300958065835,-0.18704049340564122,0.4899598393574297,249,-1.3692106122533045,-1.231531015684981,-0.24995056202540755,-0.2473779896119811,0.21470527676634885,-0.3254847768471304,0.4497991967871486,249,1.3509255918068532,340.433249135327,0.4497991967871486,228274.43837239704,0,1149,2
1,NYSE_recent,2022,34,10,-0.631854960034651,-0.49774161312168963,-0.1253684838487894,-0.12397261913874147,0.220414571455485,-0.17070630279361565,0.4738955823293173,249,-1.9449093420891985,-1.8107964003559909,-0.3453924536795552,-0.3420820887660141,0.22041523736826435,-0.34977461528220666,0.42971887550200805,249,1.3575091830922699,342.092314139252,0.42971887550200805,228983.2201343334,0,1205,2
1,NYSE_recent,2022,35,10,-1.0934440542985364,-0.9600226908901214,-0.21119911941028469,-0.2089681586166383,0.22155774106275347,-0.23722071617599927,0.46184738955823296,249,-2.4290051959534393,-2.2955659069849905,-0.4134797018855444,-0.40974240794583383,0.22152797811498093,-0.4187359559122812,0.41365461847389556,249,1.3870230542294224,349.5298096658144,0.41365461847389556,221713.1859152856,0,1118,1
1,NYSE_recent,2022,36,10,-0.47048386871354037,-0.33397158534447957,-0.09124170447796265,-0.09020603776199787,0.21654121634142098,-0.17688811535598192,0.4859437751004016,249,-1.799006828107804,-1.6625411814834634,-0.3187354184613601,-0.31561552929704184,0.21661521868323888,-0.33131437676269626,0.46987951807228917,249,1.34552891832974,339.0732874190945,0.46987951807228917,229283.8185869855,0,1154,5
1,NYSE_recent,2022,37,10,-0.013975593040159143,0.11755358326247203,0.0012187267892598275,0.0012042094048045904,0.22474508483400132,-0.14488247159241807,0.4859437751004016,249,-1.31073337112691,-1.1791195420556273,-0.2518837310471669,-0.2492947257323337,0.22460053092347182,-0.2651572762170501,0.46184738955823296,249,1.3609287517220514,342.95404543395694,0.46184738955823296,244776.61689402178,0,1158,2
1,NYSE_recent,2022,38,10,0.003237762217334711,0.13279081908538504,0.004374346716225164,0.004322158783431229,0.22817320255429047,-0.13973575194916632,0.5060240963855421,249,-1.2789874279001583,-1.149504996749253,-0.25067909287784373,-0.24810032067489263,0.22829765879071132,-0.29085499104892354,0.4859437751004016,249,1.3631421218312478,343.51181470147446,0.4859437751004016,247348.29698999343,0,1284,5
1,NYSE_recent,2022,39,10,-0.9615149916918041,-0.8308693463938922,-0.1922480306151383,-0.1901923808040461,0.22626499198556613,-0.3005995400359056,0.46184738955823296,249,-2.2521586533207802,-2.1214959629336416,-0.39703850634327476,-0.3933961276629948,0.22623547547273656,-0.4307583326652149,0.42971887550200805,249,1.369448202772518,345.10094709867457,0.42971887550200805,213078.56976279416,0,1186,1
1,NYSE_recent,2022,40,10,-0.06429559770954418,0.08266207979515673,-0.0035034210830373613,-0.003461785964177455,0.20114999357781474,-0.15457833109521368,0.46586345381526106,249,-1.5159050250113515,-1.3689343041023239,-0.2559642713247301,-0.2533407731584605,0.20113214185414952,-0.27836558264152045,0.42971887550200805,249,1.3599623396180884,342.71050958375827,0.42971887550200805,245672.261769621,0,1249,3
1,NYSE_recent,2022,41,10,-0.21178486722820686,-0.08465720924410859,-0.045465003883996324,-0.04493610215381405,0.23252639398091268,-0.15331288895253403,0.4859437751004016,249,-1.4690152101262035,-1.3418009434390858,-0.28741525546045454,-0.28453487909704145,0.23236808776318338,-0.30847030904339745,0.44176706827309237,249,1.3670889159630062,344.5064068226776,0.44176706827309237,239379.00294932525,0,1165,1
1,NYSE_recent,2022,42,10,0.0372507716179207,0.16711682478152412,0.012358618146044442,0.012210597144694857,0.227623271564596,-0.12452846338672507,0.4939759036144578,249,-1.2153124661013563,-1.085356170213051,-0.23873732406423487,-0.23626122487728463,0.22746520808570742,-0.25319272001914406,0.46987951807228917,249,1.3271205978767042,334.4343906649295,0.46987951807228917,243337.54830191153,0,1257,4
1,NYSE_recent,2022,43,10,-0.46421856655329397,-0.32924321079927305,-0.09156864448971569,-0.09052945448504002,0.21900691219626997,-0.1602815431514033,0.5020080321285141,249,-1.7702598305299986,-1.6353749560579818,-0.31795575766657314,-0.3148416274541176,0.21915382285812768,-0.320683331960826,0.4497991967871486,249,1.3378298881827388,337.1331318220502,0.4497991967871486,235415.56750629234,0,1244,1
1,NYSE_recent,2022,44,10,-0.2958397760005157,-0.16311743333972034,-0.059252064443210184,-0.058567757044345026,0.22272463922544206,-0.15939244488793847,0.4939759036144578,249,-1.580579106235005,-1.447983911039795,-0.2938074324037063,-0.29087682889540034,0.22293821312877424,-0.3045037053999846,0.46586345381526106,249,1.331660745666792,335.57850790803155,0.46586345381526106,231550.6994655664,0,1221,4
1,NYSE_recent,2022,45,10,-0.8383761382889288,-0.7107925034754708,-0.17424813323326016,-0.1723638528197542,0.23169535755508217,-0.2395552639047822,0.4819277108433735,249,-2.1025165674645305,-1.9748325275027252,-0.38390505455636026,-0.38034231460096213,0.23151316245259537,-0.38523745515106467,0.42168674698795183,249,1.3684616959762541,344.85234738601605,0.42168674698795183,218211.18849097707,0,1156,6
1,NYSE_recent,2022,46,10,-0.42415333934196064,-0.2925758755925361,-0.08687233250124726,-0.08588388534348501,0.22466260591993242,-0.21171876419894053,0.46987951807228917,249,-1.687784340408494,-1.556273760843464,-0.31290273178240224,-0.3098261804410284,0.2247768657400216,-0.33902305535216715,0.44176706827309237,249,1.3274925340100436,334.52811857053103,0.44176706827309237,228480.20744283166,0,1237,4
1,NYSE_recent,2022,47,10,-0.2538426790403859,-0.12335606895529429,-0.052083456462051814,-0.051479657902447906,0.22654076051944677,-0.17792857906870474,0.46586345381526106,249,-1.5361484112470145,-1.4056704214038418,-0.2912624586922653,-0.2883517710244239,0.22655572730551166,-0.3218843162353422,0.43373493975903615,249,1.3554722787796725,341.57901425247746,0.43373493975903615,228444.91538837698,0,1173,3
1,NYSE_recent,2022,48,10,0.16340548652351033,0.2955844805396928,0.04207578224417485,0.041564612326686845,0.22364019416475597,-0.14482557971768728,0.4939759036144578,249,-1.1372852336103125,-1.0048811262805921,-0.22065655123456707,-0.2183401034505743,0.22325996135956555,-0.2242019599419991,0.46184738955823296,249,1.3562371943887088,341.77177298595456,0.46184738955823296,254196.37930329738,0,1194,1
1,NYSE_recent,2022,49,10,-0.7741320907122581,-0.6368351036875004,-0.14805186866592634,-0.14642523042097488,0.2153036022629598,-0.19082171504377965,0.4497991967871486,249,-2.110530547858385,-1.9732972691220891,-0.3614592263638645,-0.35804022372807587,0.21540355341275416,-0.36152890092880385,0.42971887550200805,249,1.3430475722353292,338.44798820330294,0.42971887550200805,229899.6007939462,0,1196,4
1,NYSE_recent,2023,0,10,0.9996021523351712,1.1913506651601646,0.18741389289036148,0.18418066346242457,0.15416305164911867,-0.12489107699988611,0.5403225806451613,248,-0.8855942424116815,-0.6938610843998023,-0.1120560464674909,-0.11037939935822139,0.15417539768707963,-0.2260272709122786,0.5,248,1.3452399084032582,339.0004569176211,0.5,276811.52354006737,0,1230,4
1,NYSE_recent,2023,1,10,1.551314927909293,1.7354103417510534,0.3043320679311501,0.29884286677090355,0.160571821260523,-0.11739098781924995,0.5524193548387096,248,-0.2543742596363252,-0.07034189481111064,-0.02386150590103997,-0.023487235304273546,0.1606268327549689,-0.21028692322234743,0.5080645161290323,248,1.3442997456146208,338.76353589488446,0.5080645161290323,273678.0310560227,0,1161,3
1,NYSE_recent,2023,2,10,0.180830684407425,0.3575780138440951,0.04689517344567529,0.04613389551766245,0.1672474259186639,-0.20266963841041308,0.5362903225806451,248,-1.605179103842246,-1.4281828736085778,-0.2232207069801302,-0.22009995183804176,0.1670122343693745,-0.35366809090456286,0.5,248,1.3888791867304735,349.99755505607936,0.5,256845.5214323615,0,1134,2
1,NYSE_recent,2023,3,10,1.3981428143663852,1.5883343522430609,0.26459623280316125,0.25989281686191035,0.15542508471354208,-0.09986092718762685,0.5645161290322581,248,-0.4483394469333853,-0.2582325224502868,-0.05084913717283235,-0.05006256012341215,0.15549426180375267,-0.20516695821220632,0.5,248,1.3345021608839134,336.29454454274617,0.5,272135.0207757055,0,1184,1
1,NYSE_recent,2023,4,10,1.0651786618300143,1.2445885772877179,0.21106553836436492,0.2073898616912231,0.16476534092816156,-0.13536453432550355,0.5564516129032258,248,-0.696371687021361,-0.5167717701660577,-0.09385387225461672,-0.09243522390384173,0.16459103324695262,-0.25400777558217535,0.5040322580645161,248,1.3459689899194507,339.1841854597016,0.5040322580645161,261577.3727670212,0,1229,2
1,NYSE_recent,2023,5,10,0.8060738871695573,1.0011867073388538,0.15056411743315357,0.14800554850594905,0.15150483633331682,-0.12165719775861317,0.5362903225806451,248,-1.1242459991937992,-0.9292943571510835,-0.1413382131586658,-0.13925882604356676,0.15163009439953404,-0.286122812195147,0.4637096774193548,248,1.358666809751415,342.3840360573566,0.4637096774193548,264304.7528995217,0,1211,0
1,NYSE_recent,2023,6,10,0.1344137216430835,0.3219025123480775,0.03915923259226339,0.03852583620363559,0.15766561710237634,-0.21596579325974363,0.532258064516129,248,-1.7183413456538834,-1.5304995179227252,-0.2237554171476107,-0.22062829155939812,0.15736929438627795,-0.36167516884769546,0.4838709677419355,248,1.3581466855013484,342.25296474633984,0.4838709677419355,247528.0113327388,0,1138,1
1,NYSE_recent,2023,7,10,0.4453478011659792,0.62893426954324,0.09236991768823577,0.09083907999110363,0.1610169646356275,-0.18033536971614705,0.5282258064516129,248,-1.3619981349607009,-1.1783998333569432,-0.1835004559473099,-0.1808687942214574,0.16100658681515898,-0.3238433518679117,0.4959677419354839,248,1.351077511124894,340.4715328034733,0.4959677419354839,258186.74314070886,0,1219,4
1,NYSE_recent,2023,8,10,0.9760938291406104,1.1583052227916426,0.1909840468521362,0.18768449785928198,0.16223209369055677,-0.15254120145101213,0.5161290322580645,248,-0.8334566862968554,-0.6511279163203761,-0.1118957995685188,-0.11022139850617951,0.1621276548407282,-0.2710245880478006,0.4798387096774194,248,1.366757823890291,344.4229716203534,0.4798387096774194,261745.47970485347,0,1163,2
1,NYSE_recent,2023,9,10,1.3226912613929163,1.5145425187956274,0.24792837678687074,0.24354882159065938,0.1540804907222017,-0.11783057389584184,0.5403225806451613,248,-0.5510689146288611,-0.3591383880407057,-0.0649033777711655,-0.06390681461151493,0.15401685397191744,-0.19950881508554197,0.4879032258064516,248,1.3370878768205745,336.94614495878477,0.4879032258064516,271003.9655249438,0,1190,2
1,NYSE_recent,2023,10,10,1.6123483829734282,1.8017319803941974,0.3086155336614915,0.30304049113104314,0.15608815276966173,-0.12735220189392482,0.5443548387096774,248,-0.23396165024689164,-0.04459281467662081,-0.01891287234442751,-0.01861547988822221,0.15610032029431717,-0.21769128002309313,0.49193548387096775,248,1.3344771513945057,336.28824215141543,0.49193548387096775,281209.074223222,0,1219,0
1,NYSE_recent,2023,11,10,0.8472407008631654,1.0479914620110578,0.15430203460509584,0.15167585886590773,0.14724993179230836,-0.1114912763008189,0.5241935483870968,248,-1.1363510423310155,-0.9354826267516965,-0.13799398881969382,-0.1359598164464626,0.14716368325516196,-0.24455256447042184,0.4596774193548387,248,1.354831237101663,341.4174717496191,0.4596774193548387,271377.1103468188,0,1216,1
1,NYSE_recent,2023,12,10,1.5586393000430665,1.7454760944745928,0.3015935761467432,0.2961591402011521,0.15821581598112253,-0.10266129013899972,0.5282258064516129,248,-0.27863573983470935,-0.09177071718082808,-0.026604201201071653,-0.026187490939640012,0.15819191556803192,-0.170587017158207,0.4596774193548387,248,1.3452265604622649,338.99709323649074,0.4596774193548387,278182.99576709006,0,1152,4
1,NYSE_recent,2023,13,10,0.15676706125352396,0.3460871401812101,0.04280354140076992,0.04211001314859519,0.15614052166950704,-0.17134744118719913,0.5161290322580645,248,-1.7177646336744525,-1.5282634433166598,-0.22169196688568815,-0.2185894567254537,0.15599129393577207,-0.31424283271334097,0.46774193548387094,248,1.3620163755175687,343.2281266304273,0.46774193548387094,251087.27244211247,0,1178,3
1,NYSE_recent,2023,14,10,1.0392467633389455,1.2229495795730219,0.2019064258575367,0.1984029485103027,0.1609149848231765,-0.13594238207211295,0.532258064516129,248,-0.7294417277904486,-0.546029978560546,-0.09597100914290457,-0.0945220561155008,0.16117035037503336,-0.23374191554387236,0.4717741935483871,248,1.3174603975807315,332.00002019034434,0.4717741935483871,266899.10428593564,0,1247,3
1,NYSE_recent,2023,15,10,-0.3913610243368964,-0.1935730714175583,-0.039260721088622,-0.03864973752652501,0.1494556945960027,-0.17526125234430967,0.5080645161290323,248,-2.356178152855001,-2.1583629385258574,-0.28386375054565605,-0.28005832576764544,0.14943509773265237,-0.3479805029589692,0.4637096774193548,248,1.368008948779621,344.7382550924645,0.4637096774193548,240488.6449773786,0,1173,2
1,NYSE_recent,2023,16,10,0.03679141003712725,0.21422982185571304,0.022115375938009274,0.021760546465914077,0.16659603511613957,-0.17278582322328473,0.5161290322580645,248,-1.691414624620707,-1.5140020016810913,-0.2337440374771499,-0.23049897547859877,0.16662025168492323,-0.30998806129877265,0.4596774193548387,248,1.3398924616911858,337.6529003461788,0.4596774193548387,250287.31870601894,0,1153,2
1,NYSE_recent,2023,17,10,0.7686209594934515,0.9615089929269757,0.1452616000168363,0.14279861160672347,0.1532523058070824,-0.11197116449329547,0.5120967741935484,248,-1.1359940761265015,-0.9433211828096372,-0.1448688588669904,-0.14274195788728916,0.15342342857574023,-0.24337986475085271,0.4798387096774194,248,1.3589809216777384,342.4631922627901,0.4798387096774194,272603.4114952517,0,1167,0
1,NYSE_recent,2023,18,10,0.18767673872537982,0.3770658538851519,0.04782278918758309,0.047046116953391115,0.1560836052343523,-0.16234681175020116,0.5524193548387096,248,-1.7213373885754992,-1.5321069323111587,-0.22246973042207108,-0.21935793203357024,0.15621447239437689,-0.320312716608937,0.5,248,1.3907414191810925,350.46683763363535,0.5,253899.55322386883,0,1084,3
1,NYSE_recent,2023,19,10,1.3462583074747023,1.532128678429823,0.2598989152407849,0.2552871173842304,0.15903845101497477,-0.1313256702687674,0.532258064516129,248,-0.4914651010153446,-0.30585893284287247,-0.05945870733997216,-0.058543104446809324,0.159264835739793,-0.1960598740123639,0.4838709677419355,248,1.3535830106558027,341.1029186852623,0.4838709677419355,283131.94685654604,0,1263,3
1,NYSE_recent,2023,20,10,1.3733393505039933,1.5579221901342615,0.266989881317945,0.2622396743323694,0.16014780109295573,-0.11151260749119285,0.5241935483870968,248,-0.45870498535525533,-0.2742194146626338,-0.05513810122869334,-0.05428709503370022,0.16023223808399137,-0.2510092615386096,0.4717741935483871,248,1.3579047542625111,342.1919980741528,0.4717741935483871,279912.2140305915,0,1178,1
1,NYSE_recent,2023,21,10,1.3422375041172294,1.5414980353727712,0.2431609772622827,0.23887341856764333,0.1483511847530469,-0.07777381487472812,0.5524193548387096,248,-0.5896796822115121,-0.39061436959288603,-0.06665502768343756,-0.06563252338796421,0.14849666924600727,-0.17603193576993892,0.5120967741935484,248,1.3267693548284365,334.34587741676603,0.5120967741935484,276921.7120544228,0,1232,2
1,NYSE_recent,2023,22,10,0.836195275357835,1.033636856460419,0.1543717932713553,0.15174435402875197,0.149717884759657,-0.13017160341582257,0.5282258064516129,248,-1.1115340366983852,-0.9143593956399282,-0.13784958004400105,-0.135817364694514,0.1499205766400621,-0.28396740435740897,0.4838709677419355,248,1.3567812385815763,341.9088721225572,0.4838709677419355,266598.1120669208,0,1172,2
1,NYSE_recent,2023,23,10,-0.13256865815859947,0.05014199671801073,-0.004904469355040186,-0.00482680882102593,0.16178879062222312,-0.24161087270447623,0.5080645161290323,248,-1.951416943757457,-1.7683046074597275,-0.2581646487217978,-0.25463990818037785,0.16143388525291696,-0.3822743692970356,0.45161290322580644,248,1.369584913704616,345.13539825356327,0.45161290322580644,246771.051229623,0,1138,1
1,NYSE_recent,2023,24,10,1.66794765235921,1.8636508633230717,0.3099976382911285,0.3043948515805026,0.15104778169296237,-0.08214033304811563,0.5645161290322581,248,-0.2459426292287115,-0.05044572471529436,-0.01881604874864784,-0.01852016436574333,0.15120718130988303,-0.17204884574205825,0.5120967741935484,248,1.3426203038979136,338.3403165822742,0.5120967741935484,273076.52694629075,0,1167,1
1,NYSE_recent,2023,25,10,0.5914604281162977,0.7840836079169892,0.11469374363609819,0.1127742377598393,0.15346302515028382,-0.11529335895746784,0.5604838709677419,248,-1.3168333952185296,-1.123934111769462,-0.16807065218863326,-0.16563723582752665,0.153243368029857,-0.2764945267532891,0.5161290322580645,248,1.3598017642023057,342.67004457898105,0.5161290322580645,260125.2132930049,0,1180,1
1,NYSE_recent,2023,26,10,0.5711302981783293,0.7687051269157475,0.10944949131745596,0.10762192213612543,0.14961691261576554,-0.1339352060099106,0.532258064516129,248,-1.3868542613939967,-1.1891699385265602,-0.17222915314577736,-0.16974186259523705,0.1495340422422061,-0.29320220468819547,0.4717741935483871,248,1.3620047777026845,343.2252039810765,0.4717741935483871,256654.14228166713,0,1182,0
1,NYSE_recent,2023,27,10,0.1475188004833379,0.33279412916993084,0.041263914397886126,0.040595814611149805,0.15954922922460452,-0.1763193625123297,0.5120967741935484,248,-1.6864970613896766,-1.501468228699859,-0.2233082158297982,-0.2201864177269547,0.15976178121296622,-0.3367921233242289,0.4475806451612903,248,1.36620451557972,344.2835379260894,0.4475806451612903,249916.31618012596,0,1094,1
1,NYSE_recent,2023,28,10,0.7612544115862581,0.9471366901186575,0.14798602906723768,0.1454739791520807,0.15902826304729598,-0.12952259047711767,0.5524193548387096,248,-1.0656752027117113,-0.8799273368125601,-0.14160287750155276,-0.13951992075758068,0.15914334058799132,-0.27390049836677166,0.4879032258064516,248,1.3500183215437305,340.2046170290201,0.4879032258064516,261948.19901033948,0,1220,4
1,NYSE_recent,2023,29,10,0.8772612278450228,1.0826934721494024,0.1565714944788168,0.1539041794824847,0.14389433356178818,-0.12065628780707038,0.532258064516129,248,-1.131571721674271,-0.9260785659868015,-0.13372825269582056,-0.13175204885555403,0.1438516810323319,-0.2686937301564237,0.47580645161290325,248,1.339253034233209,337.49176462676866,0.47580645161290325,265884.5610832651,0,1269,0
1,NYSE_recent,2023,30,10,0.5347892230965031,0.7086012754587521,0.11194328267102693,0.1100720430674027,0.17007184188052046,-0.14999100886676486,0.5161290322580645,248,-1.1548770490523907,-0.9808382091568355,-0.1655832030151374,-0.16318216780756922,0.1698502236858229,-0.30590818667702957,0.46774193548387094,248,1.3399189750352773,337.6595817088899,0.46774193548387094,250512.54934240057,0,1099,2
1,NYSE_recent,2023,31,10,0.7842083394249044,0.9714581838877375,0.15135516201971222,0.1487823014270444,0.15786681143090933,-0.13821287106042157,0.532258064516129,248,-1.1045615415183239,-0.917084436745476,-0.1453117474165917,-0.1431789023332931,0.1576754448075005,-0.27941038023329456,0.45564516129032256,248,1.3880552255780534,349.7899168456695,0.45564516129032256,261305.40463458188,0,1138,0
1,NYSE_recent,2023,32,10,0.2797807900037283,0.46614310429415917,0.06331846508644579,0.062282746656047605,0.15861863488244415,-0.13492143212458385,0.5645161290322581,248,-1.5634242779549246,-1.3774297623877818,-0.20675734017510128,-0.2038355325365776,0.15893229860108438,-0.2969552708704606,0.5,248,1.3633667712165178,343.5684263465625,0.5,252452.58194552606,0,1197,0
1,NYSE_recent,2023,33,10,1.0872572336158852,1.2666938702630957,0.21543924053486174,0.21168095335739756,0.1647408045459523,-0.12133759307026082,0.5443548387096774,248,-0.674435360463151,-0.4953748200360976,-0.09095988587678783,-0.08958278717926149,0.1650868237959088,-0.2171064024314474,0.5241935483870968,248,1.3523378342595225,340.7891342333997,0.5241935483870968,265954.37547782395,0,1120,4
1,NYSE_recent,2023,34,10,0.7895778795529139,0.9888594919652783,0.14534205041029535,0.14287761469621874,0.14833549131022128,-0.1677929737173206,0.5,248,-1.1885608606208442,-0.9895234549031364,-0.1461448975750198,-0.14400088034328629,0.14851748986422425,-0.27975391200890065,0.4435483870967742,248,1.3672570823076124,344.5487847415184,0.4435483870967742,269839.6948222094,0,1182,2
1,NYSE_recent,2023,35,10,0.6332939053772945,0.8290553492348978,0.12055258916550837,0.11852991725566331,0.15100284971224195,-0.11219636757090157,0.5362903225806451,248,-1.3001657412875163,-1.1044937932805616,-0.1632978231474017,-0.1609266409962712,0.1510719149442438,-0.2508808901134082,0.4838709677419355,248,1.3556502923589402,341.62387367445297,0.4838709677419355,265588.6546201936,0,1249,2
1,NYSE_recent,2023,36,10,0.8146243798443277,0.9931986313692294,0.16267463578560348,0.15989634320763413,0.16553638407471644,-0.1263482164122688,0.5403225806451613,248,-0.9434537660929834,-0.7650167074685571,-0.1310362683099121,-0.12909681612237056,0.16566365817820428,-0.28351670935904416,0.5040322580645161,248,1.3511780605779713,340.49687126564874,0.5040322580645161,269018.1609293326,0,1205,2
1,NYSE_recent,2023,37,10,1.0984603722540396,1.2914734828671175,0.20448120178259943,0.20092942588270857,0.15315299459392376,-0.11184557310868115,0.5685483870967742,248,-0.7944185774861826,-0.6013933573244351,-0.09860176782440155,-0.09711526625160405,0.15314338645235376,-0.19583991320907213,0.5201612903225806,248,1.346233285685691,339.25078799279413,0.5201612903225806,267280.34369936475,0,1173,2
1,NYSE_recent,2023,38,10,0.772760277878819,0.9761622993501256,0.14033966611539173,0.13796505558696093,0.14533059048506652,-0.11585541942132283,0.5282258064516129,248,-1.2520525876211845,-1.0484086380545627,-0.15017995490673286,-0.14798200983704468,0.1451579383978235,-0.2569476769464525,0.4637096774193548,248,1.3626544348635516,343.388917585615,0.4637096774193548,271491.830132404,0,1188,1
1,NYSE_recent,2023,39,10,0.46615607136748427,0.6471920261232593,0.09681533835647271,0.09520766663183888,0.16328544197841552,-0.1323494385614742,0.5403225806451613,248,-1.3320871290546925,-1.1511269768593486,-0.18241262875295716,-0.1797947949518146,0.16335384076363402,-0.28975709375278424,0.4838709677419355,248,1.3685032027293906,344.8628070878064,0.4838709677419355,255949.58899048335,0,1155,3
1,NYSE_recent,2023,40,10,1.0676740705738275,1.2571005820532606,0.20200030081802467,0.1984950640391634,0.1560527914250836,-0.11817240407530161,0.5403225806451613,248,-0.7767406547130431,-0.5873031116613879,-0.09859368735379703,-0.09710730092896558,0.15604370395693268,-0.25805628839806616,0.5,248,1.3329222383693586,335.8964040690784,0.5,262252.5092709043,0,1243,1
1,NYSE_recent,2023,41,10,1.198390377443232,1.3925424654582446,0.22189039119081633,0.21800980754632904,0.1522545350323269,-0.10486113155751187,0.5161290322580645,248,-0.7191054914191624,-0.5251050351655276,-0.08753232341040496,-0.08620462145935526,0.15237353796546715,-0.22167057340894503,0.4435483870967742,248,1.3538333787412962,341.1660114428066,0.4435483870967742,272604.774592531,0,1180,5
1,NYSE_recent,2023,42,10,0.28912567292146507,0.4751969937866839,0.06495328612499862,0.06389003144112992,0.15886669557042268,-0.1533299735814324,0.5120967741935484,248,-1.5666191060038948,-1.3808574051653322,-0.2074154533874687,-0.20448558938721695,0.15913148809921232,-0.2899781867009016,0.4637096774193548,248,1.3776265692738092,347.16189545699996,0.4637096774193548,257519.26008283516,0,1132,0
1,NYSE_recent,2023,43,10,0.7011910088669204,0.8822276882340798,0.13969173823662184,0.13732873721781225,0.16328478841754274,-0.12993634916714814,0.5483870967741935,248,-1.0661943357486305,-0.8856206283543399,-0.14647087039359885,-0.14432248548523685,0.16370343342253263,-0.284276862169609,0.4879032258064516,248,1.3400715841124156,337.6980391963287,0.4879032258064516,254967.74235792476,0,1169,3
1,NYSE_recent,2023,44,10,-0.03552348203012236,0.1504452448172801,0.011417910320240976,0.011235659314263735,0.15895433811587686,-0.25466805846905527,0.5080645161290323,248,-1.8712539660343646,-1.6855560148681448,-0.24503637511750276,-0.24166044501504913,0.1591861175669154,-0.39796446349324643,0.4637096774193548,248,1.3637558193643318,343.6664664798116,0.4637096774193548,244859.6597187458,0,1153,1
1,NYSE_recent,2023,45,10,0.736531397846432,0.9165413508196878,0.1469292518081795,0.14443624431024737,0.1642161191535502,-0.14054300161676336,0.5161290322580645,248,-1.0535035127464427,-0.8732837640742646,-0.14500438855635944,-0.14287566822169528,0.16402495344753884,-0.2904657090254724,0.4838709677419355,248,1.363988230384104,343.7250340567942,0.4838709677419355,264897.50500878476,0,1181,3
1,NYSE_recent,2023,46,10,0.33505437253437614,0.5177174622951345,0.07328213182177823,0.07207798275067634,0.1618309201108875,-0.1782871312025911,0.5403225806451613,248,-1.4728094795363054,-1.2902348066865652,-0.1991478231932774,-0.19631978815763496,0.16190929127727166,-0.3205226199698452,0.4879032258064516,248,1.3643071753694942,343.80540819311256,0.4879032258064516,250147.0095856528,0,1143,4
1,NYSE_recent,2023,47,10,0.615902220328897,0.8072212118268048,0.1194385888609939,0.11743556978474579,0.15450915591202258,-0.1377294139242301,0.5201612903225806,248,-1.2801938154080352,-1.0886520744763888,-0.1646731037814172,-0.16228394512290323,0.15432947274312464,-0.27729365688601626,0.4717741935483871,248,1.361603037885153,343.1239655470585,0.4717741935483871,267350.4707053061,0,1157,1
1,NYSE_recent,2023,48,10,0.2704753566106721,0.443217251877635,0.06316593275656124,0.06213278151833479,0.1711254576696464,-0.18210312320514344,0.5120967741935484,248,-1.4177518434699468,-1.2448365118312137,-0.2034672080823603,-0.20058580517351698,0.1709538165652142,-0.33184779333562797,0.4717741935483871,248,1.3417691725272458,338.1258314768659,0.4717741935483871,246743.25503408446,0,1145,3
1,NYSE_recent,2023,49,10,1.3567164220242167,1.5560715628866497,0.24569030065372832,0.24135396898218753,0.14828078051260143,-0.09652613234478924,0.532258064516129,248,-0.5526641302665378,-0.35313924562106713,-0.06131099200973156,-0.060367790860744175,0.14815463213426394,-0.16408873618731346,0.5040322580645161,248,1.3102312193405434,330.17826727381697,0.5040322580645161,269486.8455451109,0,1234,1
1,NYSE_recent,2024,0,10,0.959124005328493,1.156529207532745,0.17584362246648388,0.17433292670295586,0.14974547558121262,-0.0867324604257449,0.504,250,-0.9865438313291471,-0.7888598535626282,-0.12113436550434409,-0.1202332531347543,0.14953430328680764,-0.14565047907134854,0.488,250,1.3598232537925723,342.6754599557283,0.488,277633.9395957425,0,1267,3
1,NYSE_recent,2024,1,10,0.13304711782785486,0.3391938802562217,0.03911123331666122,0.038794882301014244,0.14339558641651254,-0.09181226031844414,0.556,250,-1.9209106818590336,-1.7149000936160927,-0.22624320200875603,-0.22466646421965375,0.14349037172507595,-0.24888390416134343,0.472,250,1.3771591671024312,347.04411010981266,0.472,266061.2345525884,0,1202,4
1,NYSE_recent,2024,2,10,0.5005714533709927,0.7163159145546839,0.09284168366511603,0.09207192343401172,0.137016430104838,-0.09652036539709563,0.528,250,-1.5981115436483158,-1.3826324876098073,-0.1805647117888024,-0.17926859083536562,0.13718519298227455,-0.19063777257437176,0.48,250,1.3448529328507646,338.9029390783927,0.48,266458.7176091281,0,1231,0
1,NYSE_recent,2024,3,10,1.0731792723506237,1.2843494918534588,0.1852928420876152,0.18369481098528162,0.13998439721224173,-0.063909567884465,0.532,250,-1.002184255615325,-0.7908456937568084,-0.11342038531600951,-0.112572914575644,0.13987289222716875,-0.12988576593480128,0.476,250,1.3585097987477994,342.34446928444544,0.476,273748.4934308867,0,1257,3
1,NYSE_recent,2024,4,10,0.3341320229872475,0.5394024229244632,0.06967398204322461,0.069102335419299,0.14400778629223987,-0.06313336005195391,0.512,250,-1.674155332203894,-1.4692612776146632,-0.19943451714612415,-0.19801997254737658,0.14427229694655497,-0.20197327049536518,0.456,250,1.3551772637152675,341.5046704562474,0.456,254518.36180232235,0,1212,2
1,NYSE_recent,2024,5,10,-0.17889451533829917,0.03145025555693284,-0.0054219941625816,-0.005379078407230842,0.14053373307294906,-0.126175030855612,0.516,250,-2.2160555056324154,-2.0057215056206545,-0.2531747724658526,-0.251442478622672,0.14054092959116588,-0.26545641369493567,0.464,250,1.3376793177087147,337.09518806259615,0.464,243013.2069438417,0,1207,4
1,NYSE_recent,2024,6,10,0.16769878544411418,0.3760127679035962,0.04427626594006906,0.043917261748412706,0.14190375286992946,-0.11095641655314858,0.508,250,-1.8888381565581527,-1.680528073019214,-0.22014099556910138,-0.2186005411319275,0.14190640886933112,-0.2448098520195945,0.432,250,1.3669211439939897,344.46412828648545,0.432,251918.14485122895,0,1232,3
1,NYSE_recent,2024,7,10,0.4854637617397678,0.6995076290445797,0.09099979351937293,0.09024592631240469,0.13810503547006606,-0.07809070237568294,0.508,250,-1.5839843424728095,-1.3695069686149233,-0.1798765329574289,-0.17858479614852008,0.1378258944268318,-0.1941099734277011,0.448,250,1.334436055736081,336.27788604549244,0.448,262164.68040914804,0,1245,0
1,NYSE_recent,2024,8,10,1.1375861625928358,1.3223486342585884,0.21990833785701835,0.21798534587637364,0.1599921002342841,-0.08071946679271946,0.552,250,-0.6761831452851123,-0.4913641344442927,-0.08727941093123437,-0.08661762630953873,0.15994315601949083,-0.1607137912873554,0.472,250,1.353052876293706,340.9693248260139,0.472,282985.2723497305,0,1251,3
1,NYSE_recent,2024,9,10,-0.15384198048160047,0.05416235664768966,-0.0023717497085038453,-0.0023529484608350026,0.14211499766904903,-0.11439662490598879,0.524,250,-2.2118149501191486,-2.004142700839765,-0.255887348117927,-0.25413980682290715,0.14234225318431024,-0.27771198425249555,0.456,250,1.3743439888724633,346.33468519586074,0.456,250056.0550085306,0,1179,3
1,NYSE_recent,2024,10,10,-0.7145132247727176,-0.5142344553997965,-0.08313614992656126,-0.08250434200880263,0.1475969518827986,-0.1350006343532817,0.508,250,-2.6705772370571403,-2.470523264888601,-0.3135700278815867,-0.31151720244124115,0.14776280403658903,-0.3152824704008783,0.444,250,1.3525967066816222,340.8543700837688,0.444,246689.13112389712,0,1275,1
1,NYSE_recent,2024,11,10,-0.6906525619041098,-0.5046563409882933,-0.08867668645412585,-0.08800482585495883,0.15893084139414052,-0.15972829410425715,0.476,250,-2.5549168384972654,-2.3690317144625896,-0.3227417437370286,-0.320643824055303,0.15902582866591725,-0.3244432065066012,0.432,250,1.3931220839298715,351.06676515032757,0.432,249372.4054122856,0,1142,3
1,NYSE_recent,2024,12,10,-0.6649223734478739,-0.46957130389140783,-0.07917434119977329,-0.07857133514876036,0.15132006163773123,-0.11033091461602329,0.484,250,-2.61063552606582,-2.414885755603593,-0.3136305832813705,-0.3115774569223557,0.1510118546575015,-0.314247716533981,0.432,250,1.3735213267079263,346.1273743303974,0.432,243289.77726340896,0,1226,4
1,NYSE_recent,2024,13,10,-0.10270636343905483,0.10276330691194273,0.004465811095366368,0.004430289755055661,0.14386812338669644,-0.1191613458115145,0.504,250,-2.1045848459118983,-1.8990779402942906,-0.2469799166189226,-0.24528273530049494,0.14384205629218746,-0.2871183495278268,0.456,250,1.346433026410751,339.30112265550923,0.456,260173.28586175336,0,1227,2
1,NYSE_recent,2024,14,10,-0.6222512668571685,-0.42932398463128685,-0.07456272255532581,-0.07399341151337846,0.1532211284232539,-0.15426890425830542,0.504,250,-2.543925234111673,-2.351244172498825,-0.31115252053440967,-0.3091117428627751,0.1534169245220206,-0.3170830162304674,0.46,250,1.3845474999212988,348.9059699801673,0.46,236652.22796327338,0,1193,2
1,NYSE_recent,2024,15,10,0.6594820273922583,0.8522426637671366,0.12634539734290695,0.12528232329276334,0.15335359149153363,-0.09648238120062036,0.52,250,-1.208585259179374,-1.01548175180559,-0.15394081227464573,-0.15281758879912155,0.153081299704525,-0.16463050649104394,0.48,250,1.332635960448289,335.8242620329688,0.48,264854.8653346746,0,1260,3
1,NYSE_recent,2024,16,10,-1.030108714966045,-0.831699097898354,-0.12631014855298195,-0.1253733435783163,0.14898741463825338,-0.14125754193365747,0.472,250,-2.9935459693929696,-2.7951587891389615,-0.34815618280201066,-0.345938476325816,0.14900426453177495,-0.3472352821506859,0.416,250,1.3723088905632799,345.82184042194655,0.416,237773.39532584252,0,1188,2
1,NYSE_recent,2024,17,10,0.12391454662352659,0.3210625887454555,0.037578037018645816,0.03727430838772139,0.14994080371337917,-0.14017812946346087,0.564,250,-1.8124972529643506,-1.6156696328487323,-0.22436678365703366,-0.22280116265233807,0.15018489716492564,-0.24328357956308733,0.504,250,1.3583953117212517,342.3156185537554,0.504,257310.3880454053,0,1241,2
1,NYSE_recent,2024,18,10,-0.015317578192808191,0.1918016749397894,0.017342511704968366,0.01720369553217127,0.14272229857528757,-0.11931190042017714,0.532,250,-2.032450696042107,-1.8258857500537844,-0.23790690789322522,-0.23626187742788218,0.1431052870313838,-0.26155268916469565,0.468,250,1.3469137361742964,339.42226151592274,0.468,265138.2668576798,0,1214,1
1,NYSE_recent,2024,19,10,0.07952536782807286,0.28379941795101726,0.031109874275980554,0.030859199633641587,0.1447101864798287,-0.11286061797095326,0.516,250,-1.9218289204763868,-1.7172628328125696,-0.2279429901287896,-0.22635621298448028,0.14450359892916761,-0.25593312427947934,0.448,250,1.3512273420780483,340.5092902036681,0.448,265148.4201796324,0,1226,4
1,NYSE_recent,2024,20,10,-0.02091485940369872,0.18451698558966184,0.016348397676664295,0.016217602042867485,0.14389461325840958,-0.07873778952544874,0.508,250,-2.035811543172856,-1.8304310624838327,-0.23963401697241393,-0.23797899324206406,0.14393060035262192,-0.23978854855241483,0.464,250,1.3570118422258883,341.96698424092386,0.464,253652.26573899493,0,1226,1
1,NYSE_recent,2024,21,10,0.13742720675901707,0.33144277728649824,0.03966491957654017,0.039344005836054796,0.15236166770488185,-0.15471684689807275,0.532,250,-1.7666692212949968,-1.5726086210189836,-0.22219705935753264,-0.22064433746214485,0.15232631376094435,-0.26647630788572196,0.476,250,1.3605702687629024,342.8637077282514,0.476,245562.10937901243,0,1153,3
1,NYSE_recent,2024,22,10,0.2274919051696879,0.4449808306005462,0.05261651012753177,0.05218820760676701,0.13591743040580112,-0.09598897502602532,0.544,250,-1.958077568934489,-1.740325311635462,-0.21773302121356164,-0.21620698826292972,0.13575306292089243,-0.2182478323737943,0.468,250,1.387085148539773,349.5454574320228,0.468,259783.41527593555,0,1225,1
1,NYSE_recent,2024,23,10,0.6801535987819998,0.8864177351381063,0.12386170984183731,0.12282065160529054,0.14331398763014289,-0.07621123955691067,0.54,250,-1.3167168657026407,-1.1105989355486543,-0.15599621649703044,-0.15485940707599466,0.14341564493781345,-0.18970511528863387,0.484,250,1.3365470769116063,336.8098633817248,0.484,269875.43157523556,0,1289,2
1,NYSE_recent,2024,24,10,0.4540175705353759,0.6657702352927627,0.08676035957910844,0.08604297992693666,0.13959935720360267,-0.10221318285671066,0.556,250,-1.6063892618086617,-1.3946793980853247,-0.18499460531081902,-0.18367037233295636,0.13962757977545615,-0.20806695823619648,0.5,250,1.3420459073640845,338.1955686557493,0.5,262793.4123287182,0,1260,5
1,NYSE_recent,2024,25,10,-0.8376546571227641,-0.6293853445256572,-0.09462824028757721,-0.09391365147497999,0.1419341885641379,-0.1325324079431165,0.532,250,-2.902348630430773,-2.6938924905745654,-0.32454607080421805,-0.32243939490948537,0.14180698110725792,-0.32527824958038265,0.46,250,1.3678774533995195,344.70511825667893,0.46,245233.96752431052,0,1283,2
1,NYSE_recent,2024,26,10,-0.3539901214481385,-0.15440632800095855,-0.03326740314250376,-0.03300778255226211,0.14811090307342206,-0.09305486561530685,0.488,250,-2.3375206614793456,-2.137585366509891,-0.2790543999636397,-0.27717984538033236,0.1478505127911371,-0.27906149194425356,0.404,250,1.3742375506771516,346.3078627706422,0.404,247320.1521329812,0,1224,4
1,NYSE_recent,2024,27,10,0.9749282556767995,1.17103280203619,0.17956707103181024,0.17802203194973387,0.1507386566760524,-0.09318211413003308,0.548,250,-0.9149352423414591,-0.7185626991512507,-0.11263221443714444,-0.11179025435782686,0.15053293808823634,-0.1553593296249811,0.496,250,1.3295256712915198,335.040469165463,0.496,266172.6901129039,0,1199,4
1,NYSE_recent,2024,28,10,0.32334249029737255,0.5214510326543097,0.06902612250108131,0.06845995955145878,0.14921383770025015,-0.0868391703974799,0.5,250,-1.617319584799422,-1.419167703785159,-0.1997822632972467,-0.19836556897139623,0.149181202494633,-0.20483487014017565,0.452,250,1.3578311445096056,342.1734484164206,0.452,255381.94597780323,0,1220,0
1,NYSE_recent,2024,29,10,0.3316184193516172,0.5385493903538056,0.06902277817117075,0.06845664352092928,0.14285215858755407,-0.0943698069617831,0.5,250,-1.680154126538669,-1.4729927442583992,-0.19784270882364097,-0.19643801980375586,0.1426932740113142,-0.1972355698985404,0.436,250,1.3439519052422495,338.6758801210469,0.436,257089.37991982076,0,1256,4
1,NYSE_recent,2024,30,10,-0.2709821991643174,-0.06528999927779361,-0.019505686687359525,-0.019352387389588444,0.14371247865786402,-0.13960192349545764,0.508,250,-2.316305035605614,-2.110958596531987,-0.26980237108723115,-0.2679778463528262,0.14395446066479978,-0.2763937243555745,0.476,250,1.3787172114447348,347.4367372840732,0.476,246450.24108833773,0,1131,1
1,NYSE_recent,2024,31,10,0.8620339112924502,1.0683311198908907,0.15351147295164358,0.15220480222432742,0.143291012452917,-0.09817475440504264,0.52,250,-1.1550311992344369,-0.9486462088006495,-0.1359727453852425,-0.13496995424891411,0.14323006641204747,-0.21512980429939832,0.472,250,1.3539362951319325,341.19194637324694,0.472,276784.0110022305,0,1224,3
1,NYSE_recent,2024,32,10,-0.10189239801645415,0.10225165974003857,0.004348066965402575,0.004313484178766425,0.14480233326968342,-0.13797696702773854,0.544,250,-2.1262466545816983,-1.9217323889241607,-0.2505194341339193,-0.24880214132216338,0.14454021479255022,-0.2681088073421768,0.5,250,1.3679469937862627,344.7226424341382,0.5,257045.0240812418,0,1196,2
1,NYSE_recent,2024,33,10,-0.2765556236841862,-0.08092069382742678,-0.02331975140607545,-0.02313683183913917,0.1511005008559815,-0.1413984446797114,0.524,250,-2.204247680747185,-2.0087131367795874,-0.27040381564421456,-0.26857601038185863,0.15117807465866334,-0.27393606737934817,0.452,250,1.3655240992002209,344.1120729984557,0.452,242624.5427844356,0,1190,3
1,NYSE_recent,2024,34,10,0.02442411691322831,0.21509965600538533,0.02161981893293441,0.021446406184550515,0.15503056148169067,-0.12385847806996464,0.508,250,-1.8579781632005896,-1.6670918264694607,-0.23681428430081897,-0.23517559184354753,0.1548593597242026,-0.25092206738395684,0.444,250,1.3621271072198609,343.25603101940493,0.444,246569.66051225763,0,1221,2
1,NYSE_recent,2024,35,10,0.9807679185300496,1.2004899504765965,0.16467271004529338,0.16326449193247705,0.13453605732843643,-0.06662044396554101,0.564,250,-1.1706084808190094,-0.9509053001463,-0.1280417288310841,-0.1270930366233678,0.13454760097586999,-0.19402844938627795,0.48,250,1.3453747784756203,339.0344441758563,0.48,280086.49839562806,0,1302,3
1,NYSE_recent,2024,36,10,-0.022467836416793136,0.1828673063806658,0.016129067144419862,0.016000040044818142,0.1439623801535008,-0.09302870220858439,0.508,250,-2.0117932512204875,-1.806165007195074,-0.23669782567922026,-0.23505980949449523,0.14375717706672506,-0.2561125443290463,0.436,250,1.3343178507198197,336.2480983813946,0.436,257964.29850405635,0,1287,2
1,NYSE_recent,2024,37,10,0.1656994114489853,0.3622080794733733,0.044151487448844895,0.043793516060242954,0.15042866140954408,-0.12642756410628286,0.508,250,-1.7914730989078695,-1.5949321777689356,-0.22220822254311767,-0.22065543415976552,0.15040397549263998,-0.23849682135831152,0.44,250,1.3796151000107482,347.6630052027085,0.44,259510.15754753014,0,1171,3
1,NYSE_recent,2024,38,10,0.08881283415291814,0.28596754069405866,0.03216930477717184,0.031909962157907534,0.14993573526540552,-0.12979839533217508,0.512,250,-1.8470321853112948,-1.6498870623324016,-0.22798231319650464,-0.22639530414992615,0.1499430238984199,-0.26041038598321875,0.452,250,1.3587314062324944,342.40031437058866,0.452,259634.91264441426,0,1238,1
1,NYSE_recent,2024,39,10,0.4440484096275076,0.649668876336984,0.0866401543287596,0.08592380735294824,0.14376261448743619,-0.10201851217733438,0.512,250,-1.5729971999528627,-1.3672294183380749,-0.18681059168014824,-0.1854748893035194,0.14365969081408766,-0.214824915964146,0.468,250,1.3487490200974404,339.88475306455496,0.468,264210.1512634411,0,1284,3
1,NYSE_recent,2024,40,10,0.22287907543440275,0.4278426414318449,0.05268697453992521,0.05225808431529022,0.14422336839441044,-0.11092051731025987,0.528,250,-1.771726400755189,-1.5670579317910323,-0.21088182438471248,-0.20939714287578837,0.14443131389944622,-0.2551844377108512,0.432,250,1.3441632713992935,338.729144392622,0.432,272596.79553618305,0,1243,2
1,NYSE_recent,2024,41,10,0.2488514941713653,0.45129870158321994,0.056829086437813814,0.056365584053887696,0.14601602197526875,-0.09828867389609397,0.512,250,-1.6941106189614836,-1.4917245408802096,-0.20437033466487142,-0.2029253892097871,0.14606012511596875,-0.21539548973152856,0.464,250,1.3230717553846867,333.41408235694104,0.464,255913.80977598007,0,1337,2
1,NYSE_recent,2024,42,10,1.4640436300511417,1.6717022307810119,0.2558200937584256,0.2535518131601264,0.14235160875775402,-0.08803872499949983,0.528,250,-0.5354438213552881,-0.3277318973706981,-0.055152366856225044,-0.05472685267823918,0.1423150646299643,-0.14209672497061587,0.468,250,1.3243400394042988,333.73368992988327,0.468,289195.2539260109,0,1323,3
1,NYSE_recent,2024,43,10,0.4093059330821125,0.611069498044643,0.08198587865553408,0.08130943572656246,0.14651077310103458,-0.08552380382066216,0.512,250,-1.5901962336719244,-1.3887532019762758,-0.1931739676022891,-0.19179832830713617,0.1467438989448037,-0.21167959739209075,0.476,250,1.37292732075458,345.9776848301542,0.476,265919.8920372091,0,1251,1
1,NYSE_recent,2024,44,10,0.12097664948996119,0.30710249365753695,0.036898753175910404,0.03660061120356506,0.15882015750411718,-0.11264515886797266,0.528,250,-1.6675962909163746,-1.4815958507378089,-0.21976133324341784,-0.2182231487337427,0.1589272361823563,-0.22033103828099443,0.444,250,1.331740564889217,335.5986223520827,0.444,254447.7559818743,0,1233,3
1,NYSE_recent,2024,45,10,-0.8758554139397723,-0.6805219170979727,-0.10812797733615431,-0.1073176152787143,0.15133367478810972,-0.13894462967839416,0.5,250,-2.7944535000300914,-2.599547797331287,-0.33373915396782194,-0.33158845825880534,0.15166583366707462,-0.33462817152737,0.404,250,1.3658449560954073,344.1929289360427,0.404,237723.9613045806,0,1175,2
1,NYSE_recent,2024,46,10,-0.5644455842369911,-0.3632454182504988,-0.06212034351358786,-0.06164284396377273,0.14692103130901857,-0.11648567979089974,0.496,250,-2.514502527480408,-2.313492148807087,-0.29619696706528054,-0.2942322014260256,0.14705974925962656,-0.30067436069521647,0.432,250,1.3415393203535708,338.0679087290999,0.432,239149.85330710557,0,1234,2
1,NYSE_recent,2024,47,10,0.06572008981981921,0.2827573743785589,0.029703278999725358,0.02946409950190243,0.1362002659883113,-0.08279408648064213,0.492,250,-2.107616682689501,-1.8905124626312455,-0.2341696853694304,-0.2325463845577861,0.136158274023182,-0.23681131497741992,0.46,250,1.3861060964723884,349.29873631104186,0.46,259637.09010697744,0,1174,2
1,NYSE_recent,2024,48,10,0.11607982067889733,0.32438636301509494,0.03664561655105292,0.03634955556362551,0.14190882127250595,-0.09557506072206523,0.524,250,-1.9142340821546096,-1.7061300648835838,-0.2231819137612675,-0.2216233309356882,0.1420469257341763,-0.22983913081289975,0.468,250,1.3511121481286836,340.4802613284283,0.468,247423.7198409696,0,1214,1
1,NYSE_recent,2024,49,10,0.176543655067886,0.39088265692885815,0.045438237890884636,0.04506961031772838,0.1379148714402205,-0.10522624962328386,0.504,250,-1.908854050374662,-1.694372677576119,-0.21581379501067455,-0.21429929829257643,0.13782332470450306,-0.22991518893954632,0.44,250,1.342646418686773,338.3468975090669,0.44,254702.7637699589,0,1186,2
1,NYSE_recent,2025,0,10,1.195548813838441,1.3681081214982123,0.24561583972024215,0.24128094502281017,0.17130652809852803,-0.10064314630493043,0.5443548387096774,248,-0.4566653927849942,-0.28404531505324265,-0.06133299045590157,-0.06038946188258898,0.1712462204554078,-0.14427600873360658,0.4798387096774194,248,1.3375761693056956,337.06919466503524,0.4798387096774194,273243.9903909302,0,1277,3
1,NYSE_recent,2025,1,10,0.49678192523865566,0.6731238587155949,0.10390365647886513,0.10217289039806121,0.16763191433503752,-0.18917746056738893,0.5040322580645161,248,-1.1795667001228198,-1.0033062847356917,-0.16666745551864615,-0.1642522914094957,0.16770944185826478,-0.2308864686781027,0.45161290322580644,248,1.3276028081406852,334.5559076514527,0.45161290322580644,252955.16344732762,0,1271,2
1,NYSE_recent,2025,2,10,1.1434563474364743,1.302358432909317,0.2523545968508005,0.24788937507313658,0.18602987996235743,-0.1591233529201247,0.5080645161290323,248,-0.3727891165099337,-0.21391505840109706,-0.05539122359436022,-0.05453642447451246,0.18606269795179978,-0.2025066449035966,0.4475806451612903,248,1.328662540587954,334.8229602281644,0.4475806451612903,269702.5430800233,0,1272,5
1,NYSE_recent,2025,3,10,0.620668168135475,0.7867966907814162,0.13226544997858247,0.13003510157661213,0.17793775214194596,-0.1591172295587997,0.5161290322580645,248,-0.9591974420771234,-0.7932779117608973,-0.14545653833715744,-0.14332175076285292,0.17816188263034327,-0.21087254270616085,0.4435483870967742,248,1.3325939669302598,335.81367966642546,0.4435483870967742,247609.27570666443,0,1273,2
1,NYSE_recent,2025,4,10,0.31736909965812093,0.47709570052506073,0.07402130815891295,0.07280460601764704,0.1850695859414585,-0.2225877423665339,0.4838709677419355,248,-1.1901057589167618,-1.030355472390868,-0.18749451445591692,-0.18481227724417726,0.18504214627176716,-0.2699901019874287,0.4153225806451613,248,1.3189995297088886,332.3878814866399,0.4153225806451613,237032.87425319213,0,1308,4
1,NYSE_recent,2025,5,10,-0.4735194325595531,-0.3077899856089092,-0.0682510167294148,-0.06720492132122158,0.17836622537625804,-0.18650462249600597,0.4959677419354839,248,-2.079555991547187,-1.9134998912181294,-0.29996336879956453,-0.29598945102203866,0.178015356422943,-0.29598945102203866,0.4435483870967742,248,1.3561281742002003,341.74429989845044,0.4435483870967742,227787.52730729125,0,1265,2
1,NYSE_recent,2025,6,10,-0.4228802896341527,-0.26700308903251474,-0.06628222955441099,-0.06526524192610583,0.18963989455922106,-0.181587364464734,0.4596774193548387,248,-1.9470575831056312,-1.7911953033191776,-0.30087792567682015,-0.29689460979587934,0.18965804893128727,-0.31637321106842275,0.40725806451612906,248,1.3709070121409825,345.46856705952763,0.40725806451612906,233318.01227503998,0,1241,2
1,NYSE_recent,2025,7,10,-0.11911921668269648,0.04069490387331657,-0.009555952162472736,-0.009404985929452048,0.18496823549406277,-0.1692323729115366,0.4959677419354839,248,-1.6680561364685558,-1.508237825823428,-0.2564268017567106,-0.25292155190870924,0.18496338602852277,-0.2959707971011478,0.43548387096774194,248,1.3571664452627785,342.00594420622025,0.43548387096774194,239188.57236838876,0,1208,4
1,NYSE_recent,2025,8,10,0.6200927930130709,0.7852034743308983,0.13281685142304833,0.13057667960854524,0.17903466723257613,-0.1587892028146124,0.5201612903225806,248,-0.979735151089453,-0.8146111485034621,-0.14933707643052385,-0.1471503715399174,0.17902022373087198,-0.19545226734376886,0.4637096774193548,248,1.3578687168712658,342.18291665155897,0.4637096774193548,254368.04761652055,0,1235,4
1,NYSE_recent,2025,9,10,-0.15785451409778092,0.013236481076420465,-0.012495349996194172,-0.012298235787798317,0.17277669029970408,-0.16060995222697283,0.45564516129032256,248,-1.8061817342224056,-1.6348763440075345,-0.25705183870213455,-0.25353957145033057,0.1725604538724841,-0.304419909984319,0.4032258064516129,248,1.3427053797675021,338.3617557014106,0.4032258064516129,245830.7788543362,0,1262,5
1,NYSE_recent,2025,10,10,-0.07494766532375334,0.08349993010150711,-0.0017126981108934736,-0.0016855353507968518,0.18656348685471108,-0.14050668199018745,0.49193548387096775,248,-1.5822416869153504,-1.4238872798726543,-0.2467001753355823,-0.24330518632594744,0.18667327571319764,-0.26216986907904205,0.4475806451612903,248,1.330951821949296,335.39985913122257,0.4475806451612903,246870.427785993,0,1277,1
1,NYSE_recent,2025,11,10,0.4605021811909279,0.647793938892287,0.09405592928161854,0.09249598395190173,0.15783148307794778,-0.1243543841106739,0.5241935483870968,248,-1.3264184340882628,-1.1392293584519526,-0.17497332738931448,-0.17245066469205017,0.15791806111439075,-0.20206153978610486,0.43951612903225806,248,1.335264044227099,336.48653914522896,0.43951612903225806,247539.1381646934,0,1263,1
1,NYSE_recent,2025,12,10,0.5997598272183872,0.7529292234326029,0.13528372724783688,0.13299955595873691,0.1929924424650674,-0.17915193995449785,0.5161290322580645,248,-0.86299427193021,-0.7101077257534006,-0.14429649550130186,-0.14217728165535015,0.19334949101469756,-0.25306634786155224,0.4717741935483871,248,1.3335966468525617,336.0663550068456,0.4717741935483871,267749.59785131126,0,1238,2
1,NYSE_recent,2025,13,10,1.090194143634969,1.237410064870528,0.25661505595355005,0.2520671457864181,0.20079713959050366,-0.18890112251399693,0.5524193548387096,248,-0.29506054023446354,-0.1476252973343944,-0.048305642353935974,-0.04755741709159722,0.200498437855304,-0.22781267559359342,0.4838709677419355,248,1.3127896333333244,330.8229875999978,0.4838709677419355,270541.3775204804,0,1261,2
1,NYSE_recent,2025,14,10,0.6152725832581465,0.7701373683133305,0.13762080914851405,0.1352948763149573,0.19087964946806765,-0.18366919066439147,0.532258064516129,248,-0.8825895691145147,-0.7276754502264211,-0.14524730463633873,-0.14311532423023587,0.19081886207954368,-0.2277644397535491,0.4475806451612903,248,1.3546675982476417,341.3762347584057,0.4475806451612903,257717.79355097038,0,1228,1
1,NYSE_recent,2025,15,10,-0.0898073040716332,0.08116701260487852,-0.0008169413821119687,-0.0008039792727249084,0.17289459879644106,-0.12509487325594715,0.4798387096774194,248,-1.7388395195240038,-1.5679911839800844,-0.24899925213584317,-0.24557802201612,0.1730220888144509,-0.2531788493159699,0.45161290322580644,248,1.348804795826609,339.89880854830545,0.45161290322580644,239936.80315185207,0,1243,3
1,NYSE_recent,2025,16,10,0.052240674474642194,0.21545160170308764,0.023040313254016676,0.022670479706912383,0.18111860760955936,-0.14837618013929366,0.4838709677419355,248,-1.4866928777203832,-1.3234108936199027,-0.22583117326720015,-0.2226793722521947,0.18103978861556566,-0.28571579698124516,0.45161290322580644,248,1.3148241225540953,331.33567888363206,0.45161290322580644,240454.88679377185,0,1279,3
1,NYSE_recent,2025,17,10,-0.04503763085991751,0.1229269471118945,0.0062979985896334245,0.006197721213599072,0.1759926779992984,-0.1667819735985896,0.5201612903225806,248,-1.6356053871946852,-1.4678527602937719,-0.2398345082402158,-0.23651853630981545,0.17621504015994788,-0.24661323801179003,0.47580645161290325,248,1.324710989590961,333.82716937692214,0.47580645161290325,241871.1604202396,0,1242,3
1,NYSE_recent,2025,18,10,0.10481585837910813,0.26445143794953446,0.03248718074726131,0.031963357073027776,0.18517510924461522,-0.1885919091984135,0.4959677419354839,248,-1.4664914351151732,-1.3068793591257846,-0.2283242834770841,-0.22514296117238264,0.18520237709486592,-0.24412125387822858,0.43951612903225806,248,1.378655133278849,347.42109358627,0.43951612903225806,245355.67553403054,0,1187,2
1,NYSE_recent,2025,19,10,0.3312613299637438,0.4892840578070438,0.07689796832258233,0.07563233776306122,0.18706509050770379,-0.19057370934006446,0.5282258064516129,248,-1.193672746047276,-1.0354907979200427,-0.1902366551497915,-0.18751987314663032,0.1868767974870574,-0.26298744444829425,0.46774193548387094,248,1.3485823231601668,339.84274543636207,0.46774193548387094,255039.07904109402,0,1273,4
1,NYSE_recent,2025,20,10,0.3362765545286584,0.49102116211818675,0.07878891274160837,0.07749105423546787,0.19102789006187984,-0.19466899778210878,0.5120967741935484,248,-1.1217375339306765,-0.9670934468927589,-0.18366704149883206,-0.18103326422394228,0.19115206053130976,-0.23439643873797267,0.4475806451612903,248,1.317240498480866,331.9446056171783,0.4475806451612903,247783.8315525699,0,1266,1
1,NYSE_recent,2025,21,10,0.6602396496091181,0.831955806020703,0.13713609407432759,0.13481882881876484,0.17214766801225037,-0.16565933797254961,0.5201612903225806,248,-0.9870071350072414,-0.8151651944446444,-0.14353483442524928,-0.14142585937505792,0.17202166007612749,-0.20753083896482616,0.4637096774193548,248,1.339257009098079,337.492766292716,0.4637096774193548,258384.09172517736,0,1304,1
1,NYSE_recent,2025,22,10,-0.00572158562792888,0.1603845982884411,0.012895427197635811,0.012689444682811413,0.17796168203565557,-0.12744911530202963,0.4959677419354839,248,-1.550173305773362,-1.384187591375407,-0.2308090702209702,-0.2275984508950749,0.17809084350120027,-0.2621829915609354,0.4637096774193548,248,1.2993032355815446,327.4244153665492,0.4637096774193548,248504.90732234227,0,1285,2
1,NYSE_recent,2025,23,10,-0.14379954075283147,0.019607999724330458,-0.01256944775887503,-0.012371171994716268,0.18090068426439954,-0.17591055201922812,0.5241935483870968,248,-1.7110404189600958,-1.5477962238587004,-0.2567311816122597,-0.2532225134056155,0.18108169707302801,-0.2799708590759813,0.4314516129032258,248,1.3431229121369423,338.46697385850945,0.4314516129032258,234961.6162239015,0,1268,4
1,NYSE_recent,2025,24,10,0.7004555462673657,0.8738870803235079,0.14397134608097284,0.14153155732169487,0.1704449888375663,-0.1561024943632623,0.5241935483870968,248,-0.9606585354217582,-0.7871271573081414,-0.13803065280337878,-0.1359959836211454,0.17034692058358972,-0.1949977590564339,0.4798387096774194,248,1.3389235550977618,337.408735884636,0.4798387096774194,265078.83691403136,0,1255,3
1,NYSE_recent,2025,25,10,0.1819801776506574,0.3457408723757824,0.04730909947785733,0.0465409537985062,0.18051056717791172,-0.18635276639702236,0.4798387096774194,248,-1.355584703035198,-1.1920320039516272,-0.20689145961587296,-0.20396800944542415,0.18074012872864037,-0.2362244643934377,0.43548387096774194,248,1.314681110391745,331.29963981871975,0.43548387096774194,242567.33701499575,0,1265,3
1,NYSE_recent,2025,26,10,0.5274795149291527,0.7112919804760796,0.10681998316424601,0.10503836634240171,0.16081899450249432,-0.14278426563453994,0.5443548387096774,248,-1.2292247599225203,-1.0457150277094622,-0.16593838107995484,-0.1635327151123619,0.16108429525667253,-0.23586065553880886,0.47580645161290325,248,1.3419149278878133,338.16256182772895,0.47580645161290325,243230.42368828537,0,1271,2
1,NYSE_recent,2025,27,10,-0.17698245264565404,-0.009461160944108473,-0.01700992115477895,-0.016742195414927608,0.17645838081851675,-0.17677805289037796,0.4959677419354839,248,-1.7923788293950444,-1.6248491701424834,-0.2609488665011861,-0.2573930330261569,0.17644956730746314,-0.2631073433467931,0.4475806451612903,248,1.3536573583763785,341.12165431084736,0.4475806451612903,232490.00621458847,0,1241,1
1,NYSE_recent,2025,28,10,-0.5963500215557804,-0.43866825901037954,-0.09492151624238976,-0.09348757596138435,0.18746959324335222,-0.18199846400486452,0.4798387096774194,248,-2.135724144770852,-1.9779225299772365,-0.3217833015974745,-0.31759033493638344,0.18732720780419493,-0.3368626857227369,0.40725806451612906,248,1.367336999688602,344.5689239215277,0.40725806451612906,229948.66911860192,0,1240,4
1,NYSE_recent,2025,29,10,1.0834748643474224,1.2587480363724817,0.21913890376301204,0.21531054594929544,0.16865408176703053,-0.10572596783454202,0.5201612903225806,248,-0.5697493917043142,-0.39500473568111905,-0.07781009259822513,-0.07662359717385281,0.16916417679953186,-0.1462075547195193,0.4637096774193548,248,1.316450000287822,331.7454000725312,0.4637096774193548,271498.7185241693,0,1258,3
1,NYSE_recent,2025,30,10,0.2568940325218853,0.41735631674868695,0.061789011233329694,0.060779018781617955,0.18422108365663992,-0.15593907867903734,0.5282258064516129,248,-1.2850860262823005,-1.124826055238849,-0.20113636914701094,-0.1982837192789495,0.18445364549745477,-0.24444233895399725,0.4798387096774194,248,1.347951979888978,339.6838989320225,0.4798387096774194,244660.26504396644,0,1198,2
1,NYSE_recent,2025,31,10,0.6734888645070792,0.838364987576236,0.14398925315003663,0.14154914256454054,0.17928936789641803,-0.19000687848629372,0.5080645161290323,248,-0.920469977406856,-0.7554440256698148,-0.140244059675805,-0.1381794433778749,0.17912658933416784,-0.23096084549260176,0.4717741935483871,248,1.3484729815655394,339.8151913545159,0.4717741935483871,258314.19917084128,0,1304,3
1,NYSE_recent,2025,32,10,0.45660609240825245,0.6104821488498426,0.10403908550456031,0.10230596066378284,0.19210614419080882,-0.17991439204002335,0.5241935483870968,248,-1.0444708275700954,-0.8905484006659822,-0.17253815010208995,-0.17004686947978465,0.19204827055316656,-0.21774664110206898,0.4798387096774194,248,1.3647924399645277,343.927694871061,0.4798387096774194,255743.30624119312,0,1187,3
1,NYSE_recent,2025,33,10,-0.41494284926897373,-0.25211236175268836,-0.06030428145076172,-0.059376072779268485,0.1815417759731555,-0.16550789823758738,0.4475806451612903,248,-1.994899956501376,-1.8319231584864712,-0.2945542210792934,-0.2906362713763776,0.1813787989844894,-0.3171440233939845,0.4032258064516129,248,1.3565243668291616,341.8441404409487,0.4032258064516129,241943.6857719645,0,1220,7
1,NYSE_recent,2025,34,10,-0.4223913240427943,-0.24830003851518884,-0.05494339713656704,-0.05409530921629724,0.16979905568905557,-0.14929902822140306,0.4798387096774194,248,-2.095076247829967,-1.9209498761741088,-0.2887230029623551,-0.28486611805683604,0.1697648415066289,-0.29796979729723194,0.4112903225806452,248,1.3486339255798478,339.85574924612166,0.4112903225806452,237807.87082062892,0,1196,2
1,NYSE_recent,2025,35,10,-0.2653065745599273,-0.09776308229585795,-0.03216187325011988,-0.03165953587308201,0.17643499897740034,-0.15544238552138923,0.49193548387096775,248,-1.8615123371077544,-1.6937928260413302,-0.26959076872051146,-0.2659394776456898,0.1762498334172575,-0.2979229921633333,0.4475806451612903,248,1.329534789957289,335.04276706923685,0.4475806451612903,236482.10617644375,0,1279,4
1,NYSE_recent,2025,36,10,-0.0624472826233241,0.08833065159186616,-0.001839418983794694,-0.0018102483001819492,0.19605346127167628,-0.20178036861619597,0.4959677419354839,248,-1.5234192379238567,-1.3726926933907415,-0.25066661268869195,-0.24722642079135548,0.19612030500564262,-0.2728719975535955,0.43951612903225806,248,1.3579676272252466,342.20784206076206,0.43951612903225806,244142.08651544616,0,1207,2
1,NYSE_recent,2025,37,10,0.7670412387515732,0.9336274573898778,0.1617576608616309,0.15899607419993922,0.1774488677869781,-0.14125356159437974,0.4879032258064516,248,-0.8132810259478777,-0.6465573184052683,-0.12221527632134188,-0.12039716323326854,0.17730253436648422,-0.18549989909260578,0.43548387096774194,248,1.324010075343742,333.650538986623,0.43548387096774194,256377.71962628126,0,1243,3
1,NYSE_recent,2025,38,10,0.27119514428560104,0.4343670826751785,0.06438753835600886,0.0633338173295328,0.18116188468451344,-0.14871485307300425,0.5040322580645161,248,-1.3182832762754326,-1.1552070015513942,-0.2021423605458591,-0.1992772877534127,0.18126815771518076,-0.24787294020501882,0.4475806451612903,248,1.361645214673948,343.1345940978349,0.4475806451612903,252927.63038287705,0,1203,4
1,NYSE_recent,2025,39,10,0.2383624675407894,0.3914880688801348,0.05860739244874358,0.057650805788724835,0.19304763950458764,-0.14134387187809627,0.5161290322580645,248,-1.2166126024406434,-1.063674974432159,-0.2009836495487416,-0.1981328873423075,0.19328491144534599,-0.25688182763215717,0.4596774193548387,248,1.3290979783556989,334.93269054563615,0.4596774193548387,249927.45476772374,0,1239,3
1,NYSE_recent,2025,40,10,1.091197731996952,1.2531557735173613,0.23623785048724355,0.23208338031545672,0.18251971688948854,-0.1681477603975332,0.5443548387096774,248,-0.46159588062306195,-0.29976173492572467,-0.06888530528503578,-0.06782984600791098,0.18265944902360326,-0.1972610120568471,0.4798387096774194,248,1.3375095089907085,337.05239626565856,0.4798387096774194,273151.2732310348,0,1224,2
1,NYSE_recent,2025,41,10,1.603246125194273,1.7640733469113554,0.35984783876095916,0.35322939020543065,0.18380306250817557,-0.1436371573359202,0.5120967741935484,248,0.0986420240023926,0.2592357319263265,0.03144915632273104,0.030942319350716785,0.1840703242264178,-0.1911560648634878,0.46774193548387094,248,1.3043997463541308,328.70873608124094,0.46774193548387094,271370.0792969327,0,1281,1
1,NYSE_recent,2025,42,10,-0.4914839055744964,-0.32654283831308367,-0.07176902877096103,-0.07067108295479096,0.17921877417848328,-0.1765019503993609,0.4717741935483871,248,-2.097833991763548,-1.9329243627280346,-0.3042110687316604,-0.30019366030863426,0.17925294028716368,-0.34997548272732404,0.40725806451612906,248,1.3699205260243261,345.2199725581302,0.40725806451612906,234221.67482956298,0,1122,0
1,NYSE_recent,2025,43,10,0.5471744438464932,0.7096203928115087,0.11933288293850275,0.11733172779431422,0.18197151775479073,-0.2015181321962477,0.5120967741935484,248,-0.9799502909177513,-0.8176211974104133,-0.15241177777857062,-0.15018413357325977,0.1821025131575992,-0.24426233740606706,0.4475806451612903,248,1.310871918761255,330.33972352783627,0.4475806451612903,243740.1823395701,0,1275,2
1,NYSE_recent,2025,44,10,0.7540661822994748,0.9155226488227446,0.16305826534605838,0.1602729802650107,0.183086726241595,-0.17644913743598423,0.5040322580645161,248,-0.7995303262292868,-0.6379964086441596,-0.12480838618521306,-0.12295445836870045,0.18299894120194904,-0.22534321723152428,0.45564516129032256,248,1.3455669914631185,339.0828818487059,0.45564516129032256,247913.53406661292,0,1268,3
1,NYSE_recent,2025,45,10,0.4429419472034115,0.6083745724908342,0.09726850951503763,0.09565298943918332,0.1786862526960609,-0.13285963887437502,0.5282258064516129,248,-1.1458996335863034,-0.9806164114193201,-0.1741703909276252,-0.17165806322574828,0.17884777110901529,-0.18914292859583426,0.4717741935483871,248,1.3431198274013219,338.4661965051331,0.4717741935483871,252804.10860530694,0,1278,2
1,NYSE_recent,2025,46,10,-0.5087571358628808,-0.35892785792990983,-0.08622712784684516,-0.08491828887945818,0.19729478973732784,-0.21071458602416893,0.46774193548387094,248,-1.97890273086453,-1.8289757401139854,-0.31630225836994463,-0.3121632917467877,0.19716620561980963,-0.349950688735448,0.4112903225806452,248,1.3767805845832715,346.9487073149844,0.4112903225806452,231562.71048284878,0,1159,1
1,NYSE_recent,2025,47,10,1.292186407042764,1.4704688994790607,0.2586377910474782,0.2540505442169856,0.16580728417202062,-0.08889487598918466,0.5201612903225806,248,-0.404921888826015,-0.22692815053714666,-0.05013200924263472,-0.04935623454805538,0.1660762685837127,-0.13359016888838504,0.4717741935483871,248,1.327936261572867,334.6399379163625,0.4717741935483871,268342.51660273736,0,1308,2
1,NYSE_recent,2025,48,10,0.6328421340811899,0.7961530430064974,0.13652145559361628,0.13421517654854465,0.18100772373878043,-0.15613053001292976,0.4798387096774194,248,-0.9205530726722998,-0.7569419444895785,-0.14176071512487687,-0.13967563017294427,0.18067558249013416,-0.19798004234119404,0.4314516129032258,248,1.3246015273970138,333.79958490404744,0.4314516129032258,258155.39477848346,0,1298,3
1,NYSE_recent,2025,49,10,0.631933503185362,0.7936618470313592,0.13709562817311127,0.13477908637504488,0.182778943896375,-0.1632672771450746,0.5201612903225806,248,-0.8874589749955718,-0.725739936996768,-0.1386692647646386,-0.13662594609863266,0.182789461600061,-0.2046171124462013,0.43548387096774194,248,1.31238388836085,330.72073986693425,0.43548387096774194,249841.55761219075,0,1298,2
1,NASDAQ_recent,2022,0,10,-0.6148961553864916,-0.48476460995667825,-0.12701519642970027,-0.1256023430518718,0.22715887826157186,-0.23941287170787073,0.46586345381526106,249,-1.891667898907912,-1.7616064603318162,-0.3471971015885231,-0.34387429970796923,0.22728132342612828,-0.35479564874158687,0.4497991967871486,249,1.3453760812813855,339.03477248290915,0.4497991967871486,219536.1426461932,0,1226,1
1,NASDAQ_recent,2022,1,10,-0.7520311091766324,-0.624173006347316,-0.15714897315204712,-0.1554317730030621,0.23119798614361473,-0.28166019976635615,0.4497991967871486,249,-2.0315593583717795,-1.9037142674346232,-0.3732765832845294,-0.36978072074445156,0.23122151714696612,-0.42492579711826084,0.41767068273092367,249,1.3716267601196315,345.6499435501471,0.41767068273092367,212052.7000517279,0,1127,4
1,NASDAQ_recent,2022,2,10,-0.6960452544518113,-0.5684485620195987,-0.14652278336694868,-0.14491147992972542,0.23167164699026646,-0.21046716757357842,0.4859437751004016,249,-1.953032073091452,-1.8253835150126172,-0.36225802967931797,-0.3588337495859164,0.2315775151022447,-0.37198898124701196,0.44176706827309237,249,1.3447504158612773,338.87710479704185,0.44176706827309237,219619.04310415525,0,1228,2
1,NASDAQ_recent,2022,3,10,-0.9252022629720923,-0.8044571910039244,-0.20302724875640876,-0.20087123243155225,0.24481774207790638,-0.2930878500081595,0.4738955823293173,249,-2.127346903400456,-2.0066137700629687,-0.40653114129840195,-0.4028333046624606,0.24484195074810253,-0.43646068601719235,0.42168674698795183,249,1.3653400931140895,344.0657034647506,0.42168674698795183,206999.5929032316,0,1150,4
1,NASDAQ_recent,2022,4,10,-0.28191652737727296,-0.15007948954808503,-0.056948660435515386,-0.056290152113044334,0.22422026748341142,-0.20033616335495252,0.4779116465863454,249,-1.5819040617047202,-1.4501542511983687,-0.2957707213107593,-0.2928248279715554,0.22436871652924362,-0.3554680775667439,0.43373493975903615,249,1.3475521756948117,339.5831482750925,0.43373493975903615,224850.9964282767,0,1180,4
1,NASDAQ_recent,2022,5,10,-0.2601342700887706,-0.12773048209306842,-0.05187640388563863,-0.05127494018670553,0.22326049982226107,-0.14087632895265245,0.4497991967871486,249,-1.5515765829236832,-1.4190355432231687,-0.2892552714279284,-0.286360367276823,0.2230293043805544,-0.2954690133285087,0.42168674698795183,249,1.3328385997020973,335.8753271249285,0.42168674698795183,230077.55007305607,0,1186,6
1,NASDAQ_recent,2022,6,10,-0.8171938588234707,-0.6868299232820702,-0.16597822621923652,-0.16417423725869462,0.22675393899023089,-0.26800991439507216,0.4779116465863454,249,-2.1096472973052096,-1.9792186441912107,-0.37793668666989155,-0.3744112367601733,0.22664142564168213,-0.4030179542240726,0.44176706827309237,249,1.3583892600640706,342.3140935361458,0.44176706827309237,213921.3082522461,0,1138,3
1,NASDAQ_recent,2022,7,10,-0.2881745531603446,-0.15709174351703353,-0.05894273445988241,-0.05826188782903896,0.22551039275644308,-0.18712987775843382,0.4859437751004016,249,-1.594515605580256,-1.4631947074500529,-0.29873746689555625,-0.2957685916629966,0.22510153606299763,-0.3313171543856728,0.43775100401606426,249,1.3575223291756089,342.09562695225344,0.43775100401606426,230729.35169197805,0,1146,3
1,NASDAQ_recent,2022,8,10,-0.7443782930402079,-0.6166490180816044,-0.15593608782345925,-0.1542308953874687,0.23143117265686838,-0.23299979805634796,0.46586345381526106,249,-2.0270709585273226,-1.8994534802869392,-0.3732748639725091,-0.36977901242430933,0.2316339132685275,-0.37795298642845476,0.42971887550200805,249,1.377944359120333,347.24197849832393,0.42971887550200805,224673.31789113054,0,1171,3
1,NASDAQ_recent,2022,9,10,-0.4768963427790293,-0.3448797429341598,-0.09713365876308055,-0.0960347099915132,0.2239152949024383,-0.17449664512015717,0.4578313253012048,249,-1.786352293551298,-1.6543541381798794,-0.32683817695910855,-0.32365906337480466,0.22394658321628222,-0.3423758630421484,0.42168674698795183,249,1.354751049495904,341.39726447296783,0.42168674698795183,229038.10422066433,0,1171,2
1,NASDAQ_recent,2022,10,10,0.18968930637907913,0.3151673373129475,0.047739720929354856,0.04715819726900872,0.2355833580291092,-0.14638850416193927,0.4497991967871486,249,-1.0440782627470002,-0.9185553525108857,-0.21655848990321724,-0.2142789197695809,0.23549912785384286,-0.2850796516851387,0.42570281124497994,249,1.3401429210492235,337.7160161044044,0.42570281124497994,242795.46305171782,0,1196,5
1,NASDAQ_recent,2022,11,10,-0.9028019593611037,-0.7731869112785859,-0.1831482989818617,-0.18117869925418895,0.22806407375987525,-0.285975325543107,0.46586345381526106,249,-2.2043506404359205,-2.0748950907160757,-0.39362935536668686,-0.3900073267713029,0.22834506477515362,-0.42852540698072783,0.42168674698795183,249,1.382554524492136,348.4037401720183,0.42168674698795183,212231.98999502146,0,1086,3
1,NASDAQ_recent,2022,12,10,-0.3207183753922515,-0.18602110975072553,-0.06276792282449528,-0.062044364421587894,0.21945906433580858,-0.20282762764235773,0.4779116465863454,249,-1.6403220223005204,-1.505738684892566,-0.29885310999689374,-0.2958833419332696,0.219644842040706,-0.3443735786893619,0.4578313253012048,249,1.3397773722372432,337.62389780378527,0.4578313253012048,232094.20478620025,0,1211,2
1,NASDAQ_recent,2022,13,10,-0.4258475445371032,-0.2995555240641182,-0.0928342878483861,-0.09178147163139161,0.2340649533958831,-0.23852060716142065,0.46586345381526106,249,-1.657149839074259,-1.5311086825979239,-0.32079129605788625,-0.31765627177703715,0.23453082082622206,-0.3620157866390449,0.4457831325301205,249,1.3405906955747473,337.8288552848363,0.4457831325301205,216549.15795862194,0,1200,3
1,NASDAQ_recent,2022,14,10,-0.5000978127210641,-0.37306906352111985,-0.10757872671479196,-0.1063687084103987,0.2327074467194244,-0.18348967680187822,0.4859437751004016,249,-1.7581153586752891,-1.630978883890779,-0.33402933676343205,-0.33079862682637196,0.23251026848419964,-0.33779039534844213,0.43775100401606426,249,1.3522451255806214,340.7657716463166,0.43775100401606426,225985.96790684096,0,1196,2
1,NASDAQ_recent,2022,15,10,-0.7376344651005835,-0.61035628677505,-0.15520011568438097,-0.15350221947899656,0.23225140613401588,-0.22281574721317643,0.4859437751004016,249,-1.9952012918447193,-1.8680588567606924,-0.3697740585246089,-0.3663007037640721,0.23249936865488666,-0.3880660892629718,0.4457831325301205,249,1.3515446607285206,340.5892545035872,0.4457831325301205,221429.61587509557,0,1205,3
1,NASDAQ_recent,2022,16,10,-0.7004559059541134,-0.5719648935644192,-0.1461044462253961,-0.14449734381223567,0.2300591717390195,-0.2527419020461108,0.4538152610441767,249,-1.9768709337143677,-1.848506152784879,-0.36395290805651437,-0.3605174696084883,0.23028540751001497,-0.39582996654756597,0.40963855421686746,249,1.3601547258057056,342.75899090303784,0.40963855421686746,219787.74248258967,0,1174,1
1,NASDAQ_recent,2022,17,10,-0.7484142924752355,-0.6176379730759631,-0.1522048093828121,-0.15053668573764023,0.2260389038479517,-0.30237758595580433,0.46184738955823296,249,-2.048379950060378,-1.9176148755718365,-0.3683363069191511,-0.3648722581046778,0.22605834166271538,-0.4342254141663556,0.43373493975903615,249,1.3654381853466835,344.09042270736427,0.43373493975903615,211251.6665666953,0,1135,5
1,NASDAQ_recent,2022,18,10,0.20632629444838418,0.3347043730641749,0.052065541781968205,0.05143004305011445,0.23026155403641604,-0.130563368718144,0.4859437751004016,249,-1.0513072666574923,-0.9230246445071548,-0.21273242532759085,-0.21048751349635442,0.23043289411124188,-0.25429920785466187,0.4497991967871486,249,1.3355266153511287,336.55270706848444,0.4497991967871486,242265.902323144,0,1265,3
1,NASDAQ_recent,2022,19,10,-0.7445483385754139,-0.6193610683778342,-0.15974063972061614,-0.15799785073936345,0.23613052540906573,-0.23289005455106537,0.46586345381526106,249,-1.9908947226132292,-1.8656911954758684,-0.37417409224817255,-0.3706724993880539,0.23609986525259988,-0.3859308354175539,0.41767068273092367,249,1.364993366298072,343.9783283071141,0.41767068273092367,220740.50285082014,0,1144,3
1,NASDAQ_recent,2022,20,10,-0.9967793560875873,-0.8760006822443418,-0.2167346625158656,-0.21445350182773748,0.24474963125234156,-0.31281316446762764,0.4457831325301205,249,-2.221437554397823,-2.100558727685834,-0.41959032616825287,-0.41581913807998316,0.24454684654338418,-0.4486534113283015,0.40963855421686746,249,1.3947999699759883,351.48959243394904,0.40963855421686746,209525.50854513966,0,1097,0
1,NASDAQ_recent,2022,21,10,0.23211318204785625,0.3664790839193209,0.05817779010855362,0.05746567005121839,0.22000027889932205,-0.21152427998763168,0.4899598393574297,249,-1.091329801047065,-0.956909069137721,-0.2091311435873351,-0.20691905428787571,0.21991054107797434,-0.3068966033228827,0.4538152610441767,249,1.3448938919161024,338.9132607628579,0.4538152610441767,230664.6839407586,0,1200,2
1,NASDAQ_recent,2022,22,10,-0.44025746917908054,-0.31716626134216824,-0.09959550856276111,-0.09847025245697849,0.24015148121258922,-0.24167574011140425,0.4779116465863454,249,-1.651922497269023,-1.528825301121207,-0.32712564392771015,-0.3239444502895128,0.240139798560356,-0.3882956138713437,0.4538152610441767,249,1.3508684475250314,340.418848776308,0.4538152610441767,222035.52274547046,0,1125,5
1,NASDAQ_recent,2022,23,10,-1.3242870721507833,-1.1984710166973824,-0.2660651092099119,-0.2633573679982584,0.23495042647581324,-0.34776900161089064,0.4819277108433735,249,-2.585892427169176,-2.4601615930535385,-0.4548925633455718,-0.45094073454387384,0.23510967770319277,-0.47964927863420115,0.42570281124497994,249,1.375902718645798,346.7274850987411,0.42570281124497994,206168.88627774725,0,1181,3
1,NASDAQ_recent,2022,24,10,-0.6698534613483127,-0.5481356614422095,-0.15000319877585078,-0.1483570381201772,0.24286124058342373,-0.2616059212774501,0.46184738955823296,249,-1.8956384005302818,-1.7737617567474886,-0.36868099566301116,-0.36521471229622604,0.24254471544985737,-0.4060179975661349,0.43373493975903615,249,1.3766166092464092,346.9073855300951,0.43373493975903615,212130.8234844775,0,1113,6
1,NASDAQ_recent,2022,25,10,-0.49596976757111494,-0.36961096679477334,-0.10746170845480241,-0.10625292654114216,0.23394125066606228,-0.25386692505056285,0.4979919678714859,249,-1.7419372403643874,-1.6155204221875596,-0.33321650702331995,-0.3299915832914131,0.23383388628665558,-0.3768486380625321,0.4497991967871486,249,1.348140386716888,339.73137745265575,0.4497991967871486,214860.06196685866,0,1183,4
1,NASDAQ_recent,2022,26,10,-0.8195426558217151,-0.690065073202143,-0.1677653236552018,-0.16594390178602214,0.22830620782545213,-0.2581499244890665,0.4899598393574297,249,-2.1103104802235655,-1.9806292747940428,-0.3799208463145244,-0.376382923987735,0.2279477260283977,-0.40916673372076784,0.4538152610441767,249,1.3630375939304362,343.48547367046996,0.4538152610441767,211890.28270873905,0,1137,5
1,NASDAQ_recent,2022,27,10,0.22199330624024724,0.35678080727157047,0.055822556482506336,0.05514001021494974,0.21931214437614366,-0.16705442598981524,0.4779116465863454,249,-1.0870000775755473,-0.9522667639617516,-0.2078478068927525,-0.2056474608793084,0.21940034794226562,-0.2778731788747968,0.4538152610441767,249,1.3171594692398285,331.9241862484368,0.4538152610441767,254019.30171682572,0,1282,2
1,NASDAQ_recent,2022,28,10,-0.3696526982486258,-0.24045054441228372,-0.07788505433048076,-0.07699450489620707,0.22879290328027302,-0.18135709734508276,0.46184738955823296,249,-1.6556186861816133,-1.5264956322712477,-0.3133066476470906,-0.31022707623230494,0.22893306029457292,-0.31466387217665137,0.43373493975903615,249,1.360933705980896,342.95529390718576,0.43373493975903615,232876.19116853745,0,1204,3
1,NASDAQ_recent,2022,29,10,-0.3698517581333772,-0.24096109564553989,-0.07820170731656662,-0.07730769101692214,0.22934582936968467,-0.17231583555252883,0.46987951807228917,249,-1.6426465682456468,-1.5136915830828703,-0.3116228311525938,-0.3085558681331192,0.22923143179744226,-0.32154093419083973,0.43775100401606426,249,1.3427729015115677,338.37877118091507,0.43775100401606426,233369.70260545352,0,1195,3
1,NASDAQ_recent,2022,30,10,-0.20692320719658466,-0.07481221008940811,-0.040779410192031906,-0.04030385911881662,0.2237553007211038,-0.14940752867505058,0.46184738955823296,249,-1.507570135047036,-1.3753650487643432,-0.28296363122955603,-0.2801186343447616,0.2235960560781462,-0.2872212756284249,0.42971887550200805,249,1.3419107017880132,338.1614968505793,0.42971887550200805,238345.1061163523,0,1245,3
1,NASDAQ_recent,2022,31,10,-0.7635673742726306,-0.6307113962200965,-0.15218476927139624,-0.1505168452402207,0.2225006079484982,-0.22316751191109085,0.4819277108433735,249,-2.0835623070805287,-1.9508293800227359,-0.368503031415921,-0.36503790148002346,0.22270687870395786,-0.37001382030208396,0.4538152610441767,249,1.3629173595218296,343.45517459950105,0.4538152610441767,226452.32683383022,0,1192,2
1,NASDAQ_recent,2022,32,10,0.16623654483446262,0.2947030305928192,0.042323473487691166,0.041809234465182366,0.23010309429561304,-0.14005245109903386,0.4738955823293173,249,-1.1155865212972915,-0.9871486405613484,-0.2240936089829586,-0.22174642776675257,0.23015434167007978,-0.2543095901190944,0.42168674698795183,249,1.358693832741941,342.39084585096913,0.42168674698795183,247513.8623722863,0,1174,3
1,NASDAQ_recent,2022,33,10,-0.6003072659847785,-0.4760973416467523,-0.13196892624315804,-0.1305051875624864,0.2379885185811308,-0.26044351645459185,0.46184738955823296,249,-1.8205074626774391,-1.6964018687058395,-0.35124324772791016,-0.347892775923927,0.23818858554470823,-0.40924800798897265,0.42168674698795183,249,1.3479778682380865,339.6904227959978,0.42168674698795183,213184.21455802882,0,1203,1
1,NASDAQ_recent,2022,34,10,-0.6620512496027778,-0.5270708745459786,-0.13008126203041115,-0.1286368744836618,0.21899876833089385,-0.22006668209598468,0.4497991967871486,249,-2.010080847996814,-1.8750012716755298,-0.352462243107022,-0.3491034934977728,0.21883793754262276,-0.3726135164081571,0.42971887550200805,249,1.366557455487549,344.37247878286234,0.42971887550200805,226517.1522396834,0,1209,0
1,NASDAQ_recent,2022,35,10,-0.18514706657901564,-0.05901427397493999,-0.040317095153342364,-0.039846822669040716,0.23436043296900724,-0.16667121285927944,0.46586345381526106,249,-1.4086304842920443,-1.282544205473214,-0.2798330659054289,-0.2770131449206217,0.2344468895680222,-0.3100738235646422,0.44176706827309237,249,1.3262003368544906,334.2024848873316,0.44176706827309237,233150.50193349307,0,1204,1
1,NASDAQ_recent,2022,36,10,-0.9424042062647913,-0.8103704636297138,-0.1865342783970818,-0.18453251936335102,0.22388622253920565,-0.2415458588976277,0.46586345381526106,249,-2.216855566494809,-2.0848172013371817,-0.3887133811126803,-0.38512109621616863,0.22387838452098224,-0.39563430203480676,0.42168674698795183,249,1.3209167052788806,332.87100973027793,0.42168674698795183,215662.49733426562,0,1148,1
1,NASDAQ_recent,2022,37,10,-0.42326515408526016,-0.29010803104680344,-0.08507666534834868,-0.08410769531513751,0.2219974058597216,-0.21222629860916575,0.46586345381526106,249,-1.738091454416561,-1.6049511144244601,-0.3169300784334018,-0.3138235404228804,0.22202538981074355,-0.36455035996886154,0.42971887550200805,249,1.3472252203901758,339.5007555383243,0.42971887550200805,226212.2499911439,0,1210,2
1,NASDAQ_recent,2022,38,10,-0.23265336105625917,-0.09584245783981325,-0.0429987560390388,-0.042497901604018895,0.21606856757252743,-0.17273653728578864,0.4979919678714859,249,-1.5793502781190156,-1.4426634242664458,-0.2850391156193204,-0.28217758299377227,0.2162646593516965,-0.3011615230971548,0.46184738955823296,249,1.3437808002387317,338.6327616601604,0.46184738955823296,234680.50020557208,0,1197,2
1,NASDAQ_recent,2022,39,10,-0.5764446942508409,-0.44971098359436446,-0.12369572563901854,-0.12231715570069512,0.23324919418171014,-0.2179516603503412,0.4939759036144578,249,-1.815785228975998,-1.6889041997308372,-0.3435507933628642,-0.3402531811315159,0.23297837401022362,-0.3502603946047399,0.46184738955823296,249,1.3356422563101547,336.5818485901589,0.46184738955823296,218543.9713355137,0,1278,4
1,NASDAQ_recent,2022,40,10,-0.061460405982063974,0.07218663161398621,-0.00832325915761778,-0.008224581339699055,0.22118362230839894,-0.17344207904712228,0.5060240963855421,249,-1.4043917291399606,-1.270868996027038,-0.26357097912952465,-0.2608838877502979,0.22138953567765374,-0.30370906781742835,0.46586345381526106,249,1.376721188652555,346.93373954044387,0.46586345381526106,235954.3398487201,0,1152,2
1,NASDAQ_recent,2022,41,10,-0.19266298725847225,-0.06622924081160046,-0.04175200536332335,-0.04126535802262865,0.23380257816454622,-0.1670951593870218,0.4899598393574297,249,-1.4280003944435256,-1.3014327570719173,-0.28201681342716345,-0.27917938358029293,0.23355524761428617,-0.33435450135579947,0.4497991967871486,249,1.3263447634718764,334.2388803949128,0.4497991967871486,231273.02597324632,0,1270,3
1,NASDAQ_recent,2022,42,10,0.0800708977861965,0.21386697096054652,0.023249127253162527,0.02296919748145343,0.22093724565264894,-0.12572764905144884,0.4939759036144578,249,-1.2060346275650324,-1.072146615207625,-0.22980462740676777,-0.22740677710967483,0.2207855308761384,-0.27569102735000195,0.43373493975903615,249,1.3096720222501081,330.03734960702724,0.43373493975903615,235683.61611630287,0,1177,3
1,NASDAQ_recent,2022,43,10,-0.6445132125838285,-0.5182668024677172,-0.13815698930717268,-0.13663015427934022,0.2341495164820428,-0.2494460864345871,0.4738955823293173,249,-1.9117646100478667,-1.7855503816463287,-0.35976475241693306,-0.356356983774052,0.2342092192033789,-0.36973477526854615,0.41365461847389556,249,1.3767117312062498,346.9313562639749,0.41365461847389556,220596.92459050592,0,1103,1
1,NASDAQ_recent,2022,44,10,-0.27821017020399674,-0.14469516388233777,-0.05487113739552374,-0.054235954996671554,0.22140234795079963,-0.16494240587964581,0.4899598393574297,249,-1.572801457379011,-1.4392691779404565,-0.2905484302646787,-0.28764334967522753,0.221373708369021,-0.2957490177025689,0.4457831325301205,249,1.3207158836675847,332.82040268423134,0.4457831325301205,229410.97557329864,0,1216,1
1,NASDAQ_recent,2022,45,10,-0.5114567879320797,-0.38756054123847916,-0.11382787010699591,-0.11255208780313575,0.23859105239390607,-0.2753847360651275,0.4859437751004016,249,-1.7385975136702836,-1.614713370811605,-0.3390120606825707,-0.3357461375688596,0.23861436342181797,-0.3915375778112258,0.43775100401606426,249,1.3580323567594677,342.22415390338585,0.43775100401606426,211529.6385393405,0,1156,3
1,NASDAQ_recent,2022,46,10,-0.3200418716235794,-0.18597110190843932,-0.06310529845829849,-0.062377981752485545,0.22048456907563363,-0.17727999819494245,0.4497991967871486,249,-1.620498829460995,-1.486622341027879,-0.29726063895147026,-0.2943031854728594,0.2208045358244471,-0.33127033081997304,0.42168674698795183,249,1.326203858437167,334.20337232616606,0.42168674698795183,227160.10192950408,0,1217,6
1,NASDAQ_recent,2022,47,10,-0.4819893061682299,-0.35153913359581807,-0.09991454962825419,-0.09878589004668314,0.2266040381807264,-0.21149305783584704,0.4738955823293173,249,-1.7797102971385503,-1.6492888212078562,-0.32951883375409485,-0.3263203798698945,0.22665389787483772,-0.3551859722591474,0.43775100401606426,249,1.3611276443437403,343.0041663746226,0.43775100401606426,230767.24784446292,0,1212,1
1,NASDAQ_recent,2022,48,10,-0.5835244021527134,-0.45432801958742297,-0.12194953987753687,-0.12058906401557823,0.22880312358082083,-0.2287187818187011,0.4779116465863454,249,-1.864062795626066,-1.734946991223323,-0.3453764707630005,-0.3420662162608319,0.22894591427455913,-0.3472227848395466,0.46184738955823296,249,1.3550463063640739,341.4716692037466,0.46184738955823296,220641.68850762377,0,1257,4
1,NASDAQ_recent,2022,49,10,-0.6116623819038662,-0.4896782753769118,-0.1374317910445897,-0.13591232346232174,0.24233104400161537,-0.25221133133057516,0.44176706827309237,249,-1.8094764027463197,-1.6876288902142584,-0.3553436901727933,-0.3519654815506209,0.2426027029357944,-0.40156644874309577,0.41365461847389556,249,1.350820053066617,340.40665337278745,0.41365461847389556,215270.65770894242,0,1144,4
1,NASDAQ_recent,2023,0,10,-0.062456896266859796,0.11492414726426861,0.005363437514812608,0.00527807931160984,0.166649915333786,-0.21693669889453604,0.49193548387096775,248,-1.8086317028786913,-1.631072393834325,-0.2483604972533191,-0.24494654666294946,0.16648260260404005,-0.3653223161417273,0.4475806451612903,248,1.3402524365843858,337.74361401926524,0.4475806451612903,239428.5417117661,0,1178,3
1,NASDAQ_recent,2023,1,10,1.0192642195856516,1.1958155406343198,0.2047291437477532,0.2011727123373177,0.16743310506372538,-0.10437287009556351,0.49193548387096775,248,-0.6874103434102635,-0.5109591993004492,-0.09475286134392025,-0.0933213354074669,0.16752816217436467,-0.22564768239929067,0.4475806451612903,248,1.3140774644892466,331.1475210512902,0.4475806451612903,261041.0861267219,0,1166,3
1,NASDAQ_recent,2023,2,10,0.6793055018179445,0.8545416334576518,0.13882678446090657,0.1364792726510451,0.16868973087729897,-0.15875389032681653,0.5201612903225806,248,-1.0790077072096227,-0.9038964830654591,-0.15362997968025638,-0.1513861635307694,0.16881005789751594,-0.32250838228451273,0.4838709677419355,248,1.3664367766237786,344.34206770919224,0.4838709677419355,260682.80208994777,0,1122,1
1,NASDAQ_recent,2023,3,10,0.9662522427674853,1.1334906614511928,0.20295321249537301,0.19943010950938378,0.17675684880869402,-0.1180790105149212,0.5161290322580645,248,-0.6914301921306027,-0.5243581508205873,-0.10269004732345488,-0.1011454327047131,0.17693287072149455,-0.24456132100062788,0.4798387096774194,248,1.3442960221736584,338.7625975877619,0.4798387096774194,262633.28451334377,0,1197,2
1,NASDAQ_recent,2023,4,10,1.3833797750803183,1.5580186502511042,0.2832204491600234,0.27815111736361486,0.16926664156175344,-0.12719684821915556,0.5161290322580645,248,-0.34039263958582155,-0.16593503415818356,-0.041505161995658235,-0.04085999809852414,0.16944251764674342,-0.23518170355225354,0.4637096774193548,248,1.341253043760352,337.99576702760874,0.4637096774193548,269955.08146317414,0,1098,1
1,NASDAQ_recent,2023,5,10,1.605573444606167,1.7802988059283997,0.3322004297909398,0.3261488550743077,0.1691828573859114,-0.10286355257037327,0.532258064516129,248,-0.11835317295309956,0.05656138657894707,-0.004616383773459076,-0.004543274551585097,0.1689998589332141,-0.20998133167487731,0.49193548387096775,248,1.3359635073890828,336.66280386204886,0.49193548387096775,282331.277209691,0,1185,3
1,NASDAQ_recent,2023,6,10,1.5518725571695349,1.7380330158104202,0.3012542576079009,0.2958266012236379,0.15879062665668,-0.13707772812535657,0.5241935483870968,248,-0.25528511653656527,-0.06863487999242743,-0.023065739989763134,-0.022703805396183885,0.15837395351647934,-0.19956931511911835,0.4879032258064516,248,1.3144966332113293,331.253151569255,0.4879032258064516,278171.9117177057,0,1162,3
1,NASDAQ_recent,2023,7,10,0.004605508822019135,0.17697591830907738,0.01588182148863093,0.015627769527027047,0.171494260379422,-0.20764230919752402,0.5161290322580645,248,-1.7175397601622038,-1.5453943104080965,-0.24434971541317818,-0.24098166780830366,0.17171836913787408,-0.369036711476631,0.4596774193548387,248,1.3695936394200081,345.137597133842,0.4596774193548387,243234.76951415237,0,1083,0
1,NASDAQ_recent,2023,8,10,0.7247087351494744,0.9106319223931532,0.14131305574155006,0.13892099332526908,0.15899327203087302,-0.15415572413790224,0.5241935483870968,248,-1.1314298399223994,-0.9452045554655997,-0.15009821905174192,-0.14790136339489335,0.1587353509621759,-0.267227459196399,0.5,248,1.3521881189482399,340.7514059749564,0.5,272707.92184550525,0,1198,3
1,NASDAQ_recent,2023,9,10,1.0714801197095452,1.250895206302573,0.21232856589836802,0.20862905837787182,0.16476059203055846,-0.14547423255051695,0.5201612903225806,248,-0.6827569078744713,-0.5034025403453896,-0.09198416797093212,-0.09059234690714835,0.16481637048224107,-0.25710768134834294,0.4838709677419355,248,1.327499188173194,334.52979541964487,0.4838709677419355,261298.85550425484,0,1160,3
1,NASDAQ_recent,2023,10,10,0.8475203111206406,1.0294667786415537,0.16657131460687924,0.16372190475296233,0.1624683143841935,-0.13720035156370725,0.5362903225806451,248,-0.9549161544900049,-0.772868211423264,-0.1294893032004717,-0.12757102967146616,0.16237775274090255,-0.2784157671643277,0.4879032258064516,248,1.3432168217982847,338.4906390931678,0.4879032258064516,263669.1386888989,0,1160,0
1,NASDAQ_recent,2023,11,10,1.0312904666973126,1.207461986478249,0.2075219956250247,0.20391306905630846,0.16779406752600384,-0.14359994897056982,0.5,248,-0.7217557362734073,-0.5458401201479752,-0.1003639023083931,-0.09885231713581433,0.16803815680129144,-0.24435500693245582,0.4596774193548387,248,1.353091524228058,340.9790641054706,0.4596774193548387,268960.9388009542,0,1135,0
1,NASDAQ_recent,2023,12,10,0.5179076954433538,0.6966453176637665,0.1069528360829477,0.10516889990512324,0.16538507964388266,-0.1296047176413896,0.5080645161290323,248,-1.2218786806882471,-1.0434250973682724,-0.1701855651342853,-0.1677247088643402,0.1656483178221077,-0.29104526947364995,0.4717741935483871,248,1.325585366308554,334.0475123097556,0.4717741935483871,258230.97912540563,0,1197,1
1,NASDAQ_recent,2023,13,10,0.42989666134414606,0.6118864917442633,0.09007109124257373,0.08857987551438429,0.16242960291402142,-0.14964741996123854,0.5161290322580645,248,-1.3546437296565397,-1.1727219284176587,-0.18436987511871938,-0.18172717809254058,0.1624903430208748,-0.28533605910298976,0.47580645161290325,248,1.3325795820652835,335.8100546804514,0.47580645161290325,258481.77805552148,0,1114,1
1,NASDAQ_recent,2023,14,10,0.799461736964847,0.9818148995117005,0.15727201772232857,0.15459199008287006,0.16210596774643773,-0.14982242352579744,0.5282258064516129,248,-1.008623147535011,-0.826502294044035,-0.13695996152371848,-0.13493981061068872,0.16231274628715642,-0.2792500181902473,0.49193548387096775,248,1.3472382493805384,339.50403884389567,0.49193548387096775,267637.2890111696,0,1166,2
1,NASDAQ_recent,2023,15,10,0.5651235194589987,0.7490877710887219,0.11350184375006034,0.11160326685541988,0.16068630521640467,-0.16127890120662647,0.5403225806451613,248,-1.2704258645140136,-1.0865907085465716,-0.17110473456456343,-0.16863197885813652,0.16079914492261996,-0.2919768962962197,0.49193548387096775,248,1.357792129356711,342.1636165978912,0.49193548387096775,253872.79476144983,0,1133,1
1,NASDAQ_recent,2023,16,10,0.3991938384180092,0.5695042142841421,0.08748619530317825,0.08603944182589651,0.17356861398460116,-0.14433275094006537,0.4959677419354839,248,-1.294516641910159,-1.124282051518607,-0.18966801721981041,-0.18695838682812138,0.17364588370841522,-0.292720944965856,0.45161290322580644,248,1.3523267871835751,340.7863503702609,0.45161290322580644,250015.94951440973,0,1158,3
1,NASDAQ_recent,2023,17,10,1.2312737981965325,1.4203921981741383,0.2334248309330469,0.2293242653103149,0.15630703247162375,-0.12742205985408994,0.5403225806451613,248,-0.6350488934859648,-0.4461934256762039,-0.07876276164063034,-0.0775623584391465,0.15652464940045194,-0.22614638779496932,0.45564516129032256,248,1.341987973523339,338.1809693278814,0.45564516129032256,274261.0770016844,0,1165,1
1,NASDAQ_recent,2023,18,10,0.8854153562572352,1.062414877471502,0.17768629283662474,0.17463291430685812,0.1670091290840084,-0.1555570351948572,0.5201612903225806,248,-0.9067138383393641,-0.7299231157923195,-0.12712387868879027,-0.1252380720920534,0.16720637520113638,-0.2895374811963438,0.4717741935483871,248,1.3773118723681181,347.0825918367658,0.4717741935483871,270688.600690609,0,1167,0
1,NASDAQ_recent,2023,19,10,1.1583961516885648,1.3390845171058,0.22839116394665604,0.22438680664282717,0.16359955339693114,-0.13367139950425944,0.5161290322580645,248,-0.5833598187038651,-0.40271418454462454,-0.07616046678351163,-0.07499809022953896,0.1636382524485663,-0.2516136209055968,0.4798387096774194,248,1.3059487298485168,329.0990799218263,0.4798387096774194,270294.1840379177,0,1197,0
1,NASDAQ_recent,2023,20,10,0.9517093142371927,1.136045965578747,0.18453269087794588,0.18135286106065984,0.1603616842941828,-0.13946175179460485,0.532258064516129,248,-0.8618430122925953,-0.6781492692607012,-0.11488368307592411,-0.11316747787839365,0.1609229329120298,-0.24748670255383576,0.4879032258064516,248,1.3393288314670158,337.510865529688,0.4879032258064516,261673.074969749,0,1094,1
1,NASDAQ_recent,2023,21,10,0.3133165739366517,0.4907038045477447,0.0702972714519634,0.06914373194605972,0.16664410276008088,-0.16498693728848102,0.5,248,-1.434098231022158,-1.2567277483876822,-0.2001978974668579,-0.19735685463205255,0.16665983791226047,-0.32177285557152835,0.46774193548387094,248,1.3408854151039162,337.9031246061869,0.46774193548387094,254648.86002529704,0,1134,1
1,NASDAQ_recent,2023,22,10,0.7311453047342561,0.9183549251633993,0.14176128611568384,0.13936118303153755,0.15790073084128445,-0.15425608934576296,0.5282258064516129,248,-1.137240682366091,-0.9498835069804691,-0.14982954323172593,-0.1476362694764043,0.1577763745927485,-0.28981812586311906,0.49193548387096775,248,1.355160544019761,341.50045709297973,0.49193548387096775,262214.3210991021,0,1136,1
1,NASDAQ_recent,2023,23,10,0.3149649450126502,0.49884746849076833,0.06967068165449253,0.06852774975912124,0.16075772361150378,-0.12800607961221877,0.5201612903225806,248,-1.5059016234172014,-1.3218447851032589,-0.2016599452222272,-0.19880082726628445,0.16060547468418576,-0.29236616577791097,0.4798387096774194,248,1.3455861988452944,339.0877221090142,0.4798387096774194,253528.56648630614,0,1115,0
1,NASDAQ_recent,2023,24,10,1.2853346516962616,1.4696720685324691,0.24956749502453657,0.24515624421716398,0.16036101836311997,-0.11332930881713132,0.5403225806451613,248,-0.49855244950389094,-0.3145420686446293,-0.06141376356798944,-0.060469032838831205,0.16064602305720035,-0.20632403709036684,0.5,248,1.3108804410028865,330.34187113272736,0.5,267388.8526511662,0,1210,2
1,NASDAQ_recent,2023,25,10,0.6003332501336565,0.7796518374266949,0.1218496941791476,0.11980411740295516,0.16484925702640083,-0.1953189788385301,0.532258064516129,248,-1.1968823468769278,-1.0177485352959386,-0.1660466511842683,-0.16363957407797358,0.16501929828538445,-0.35156191062330977,0.4838709677419355,248,1.360637803721694,342.8807265378669,0.4838709677419355,254967.26161264122,0,1099,2
1,NASDAQ_recent,2023,26,10,1.3840308676588675,1.5568079806447668,0.2862455411820364,0.2811163757534636,0.17109057661296626,-0.12894057989300534,0.5120967741935484,248,-0.30622247362631005,-0.133563088927764,-0.0367171302954995,-0.03614498185067805,0.17120723520411155,-0.20931269238163153,0.4798387096774194,248,1.3233941102959859,333.49531579458846,0.4798387096774194,282999.2645486064,0,1264,2
1,NASDAQ_recent,2023,27,10,0.7849698010407687,0.9673395247044224,0.15453259561220234,0.15190224358791382,0.16209124679488987,-0.13602821649751307,0.5362903225806451,248,-0.9891731418663346,-0.8069368207093794,-0.13413722030857878,-0.13215544458906536,0.1622099024969971,-0.27233063773174626,0.4475806451612903,248,1.321312284840608,332.97069577983325,0.4475806451612903,255889.21059487408,0,1202,1
1,NASDAQ_recent,2023,28,10,1.5395410663671976,1.7289465643394681,0.29383059207407425,0.28855091491630347,0.15607010463132867,-0.10452192761486978,0.5524193548387096,248,-0.3162713930686404,-0.1268089713976387,-0.03138825802985756,-0.03089780993417368,0.1560232136038699,-0.26168557939581616,0.5120967741935484,248,1.3269000638918123,334.3788161007367,0.5120967741935484,273910.51380260946,0,1161,1
1,NASDAQ_recent,2023,29,10,1.4134520522675524,1.5865079327346001,0.2922647710254964,0.2870162215782699,0.1708149749462568,-0.09212072360243662,0.5604838709677419,248,-0.3053742836761557,-0.13241042791315105,-0.0364569337120898,-0.03588876382855366,0.1709058563471495,-0.19011282714414857,0.5,248,1.3427490572466418,338.3727624261537,0.5,279724.4634052537,0,1184,2
1,NASDAQ_recent,2023,30,10,1.165305723239859,1.3453222961693456,0.23053072645898087,0.2264855149299383,0.16421008024555686,-0.09377018172604945,0.5282258064516129,248,-0.572102103099123,-0.39220730775179447,-0.07492372612983667,-0.07377946195177876,0.16432124025160202,-0.20135086137614377,0.4959677419354839,248,1.3097811832559705,330.0648581805046,0.4959677419354839,270893.8430914393,0,1236,0
1,NASDAQ_recent,2023,31,10,1.5273861972641418,1.7062718865343562,0.3076933236822208,0.30213678084135487,0.1652481873026115,-0.14163730142111408,0.5362903225806451,248,-0.26660426654982083,-0.08737637992753301,-0.027541348700527823,-0.027110164958572436,0.16493268119920557,-0.23549799337278254,0.5,248,1.357184922558126,342.01060048464774,0.5,286554.0110994259,0,1251,1
1,NASDAQ_recent,2023,32,10,0.4187435272457809,0.5946036973291652,0.0896554881249163,0.088171427555503,0.16809113668129058,-0.15598680787792696,0.532258064516129,248,-1.3142878099444633,-1.1385576035803435,-0.18593614005876602,-0.18327359952004385,0.16821545082027944,-0.31727839606935726,0.4879032258064516,248,1.34174634424929,338.1200787508211,0.4879032258064516,250443.97278014023,0,1136,1
1,NASDAQ_recent,2023,33,10,0.2828700184515783,0.46797993864351556,0.06402042513394446,0.06297288797885248,0.1596917974770361,-0.17233234901144823,0.532258064516129,248,-1.5461444190982732,-1.361149089415915,-0.20570826604706482,-0.20279931845566612,0.15979071437661363,-0.3312934959049778,0.47580645161290325,248,1.3492862848367704,340.0201437788661,0.47580645161290325,251906.8039754102,0,1127,2
1,NASDAQ_recent,2023,34,10,0.7303285126345036,0.9154431992237994,0.14279739640537414,0.14037869635823919,0.15968768567707195,-0.14791831652039866,0.5241935483870968,248,-1.0746446194926487,-0.889712094144759,-0.14356254423868775,-0.14145319650727906,0.15984498038229214,-0.28420950053247807,0.4838709677419355,248,1.3264433624262766,334.2637273314217,0.4838709677419355,264424.00280436757,0,1204,2
1,NASDAQ_recent,2023,35,10,1.5638418944924397,1.7501369690952533,0.3034971419947119,0.2980246474302386,0.1586758852820188,-0.1377562588235809,0.5241935483870968,248,-0.27731584706894225,-0.09085110586733383,-0.026551443198613467,-0.026135548160963418,0.15853150411058073,-0.21960501733537197,0.4798387096774194,248,1.3385083395701995,337.3041015716903,0.4798387096774194,283446.44130301144,0,1178,1
1,NASDAQ_recent,2023,36,10,0.5468759317007453,0.7314058481677317,0.11003067078392292,0.10819293199155999,0.16019373146776297,-0.1489525638366339,0.5161290322580645,248,-1.2815921370348988,-1.0970274343448734,-0.1718338160926447,-0.16935163315702617,0.1601635386151152,-0.2876601704026124,0.49193548387096775,248,1.3417487882648937,338.1206946427532,0.49193548387096775,258226.88653970542,0,1128,0
1,NASDAQ_recent,2023,37,10,1.0532481707504993,1.237194633565036,0.20432161121478365,0.20077283146487268,0.16070184462359294,-0.10254452807769399,0.5201612903225806,248,-0.7867461993198721,-0.6026219412724456,-0.10380512936517006,-0.10224471489369658,0.16054666668998613,-0.25917673589402956,0.47580645161290325,248,1.3568973412662784,341.93812999910216,0.47580645161290325,273465.5201665865,0,1143,2
1,NASDAQ_recent,2023,38,10,1.7083778482692122,1.8946821878089477,0.33372069181905717,0.3276381762401286,0.15866799431140685,-0.10842192077986779,0.5443548387096774,248,-0.11638454169485257,0.07002321119787147,-0.0013836060666533312,-0.0013616590248198834,0.15857997013296424,-0.19997810783223213,0.4879032258064516,248,1.3286887052090863,334.82955371268974,0.4879032258064516,277156.78230503784,0,1153,3
1,NASDAQ_recent,2023,39,10,0.45877850715243873,0.6393419795292694,0.09563846052972891,0.09405115719642398,0.16371271274950439,-0.14082479929647929,0.5080645161290323,248,-1.3534991413263273,-1.1727894220893322,-0.1855464812847446,-0.18288887304828816,0.1635802214241363,-0.30948917253211095,0.4838709677419355,248,1.365684441212746,344.15247918561204,0.4838709677419355,253975.56675417456,0,1153,1
1,NASDAQ_recent,2023,40,10,1.3804406667244606,1.5495797988756066,0.29112451923536775,0.28589861883071266,0.17477053068869555,-0.131998378714429,0.5443548387096774,248,-0.2838167160497285,-0.11465477025194132,-0.03461572590863171,-0.034075740557324874,0.17474696065282452,-0.23560591462712055,0.5040322580645161,248,1.3342715079828054,336.23642001166695,0.5040322580645161,277326.1416119344,0,1185,2
1,NASDAQ_recent,2023,41,10,-0.18271867347767168,-0.004771575512342707,-0.014423688634535248,-0.014196374115386434,0.1661197975369101,-0.17583592527253045,0.5,248,-1.9807245027032547,-1.8029168024958238,-0.2692648359647585,-0.2656171161027221,0.16625003220780502,-0.3401118258745325,0.4596774193548387,248,1.3794191890664063,347.6136356447344,0.4596774193548387,245475.61693955748,0,1087,1
1,NASDAQ_recent,2023,42,10,0.7012657666103053,0.8814431679532823,0.14019694743192201,0.1378248946161218,0.164063504445883,-0.16428658015921593,0.5161290322580645,248,-1.0749248783646628,-0.8951596648847999,-0.1484574786944829,-0.14628251759810307,0.16443968949305368,-0.3121444102116365,0.4596774193548387,248,1.3430386270138637,338.4457340074936,0.4596774193548387,260064.69984154348,0,1153,3
1,NASDAQ_recent,2023,43,10,1.524760587076715,1.7033702631218577,0.30757464048475125,0.30202047771451745,0.16550355244365314,-0.09925725599340696,0.5241935483870968,248,-0.231859513010328,-0.053347253790230025,-0.0222121091990517,-0.021863418893560693,0.16559387022173241,-0.20763310403300317,0.4838709677419355,248,1.332982912422897,335.91169393057,0.4838709677419355,274598.13204310235,0,1146,2
1,NASDAQ_recent,2023,44,10,0.7347854595694461,0.913935592193328,0.14712362064879003,0.14462711189336885,0.16500426459824202,-0.15726487795107014,0.5201612903225806,248,-1.0567658450332158,-0.8777430875296528,-0.1466009611911806,-0.14445083375370082,0.1651216655273162,-0.2932134270455701,0.46774193548387094,248,1.3591107561555977,342.4959105512106,0.46774193548387094,273948.9616604159,0,1085,1
1,NASDAQ_recent,2023,45,10,1.1391615651955715,1.3208731358200554,0.2234244206046685,0.21951467772914945,0.16267833569811294,-0.1229604545760915,0.532258064516129,248,-0.6536265412486042,-0.47214866511006104,-0.08617490914892267,-0.08486682546507729,0.16288782145386235,-0.261078722901959,0.4879032258064516,248,1.3390633487470402,337.4439638842542,0.4879032258064516,270431.7609833026,0,1109,2
1,NASDAQ_recent,2023,46,10,0.9010357850572721,1.07865690564502,0.18024257398237586,0.1771420539171884,0.1664246672268783,-0.16162984562795513,0.5161290322580645,248,-0.8725816958835627,-0.6949027263142838,-0.12137123027595875,-0.11956480061220087,0.16637048243773836,-0.3133399229585704,0.4435483870967742,248,1.349330826171647,340.0313681952551,0.4435483870967742,267299.6704250528,0,1189,1
1,NASDAQ_recent,2023,47,10,0.6185782801996561,0.7917816979949805,0.1282116952379977,0.1260534372592177,0.1706694721302383,-0.15417966221996515,0.5080645161290323,248,-1.0851615925504026,-0.9117317836289409,-0.1562577215339367,-0.15397911499653283,0.17044668428175333,-0.2754400734734691,0.4475806451612903,248,1.3349840749990571,336.4159868997624,0.4475806451612903,265441.47086097515,0,1159,1
1,NASDAQ_recent,2023,48,10,0.7406977380244967,0.9250632326912168,0.14510978927028106,0.1426495316981582,0.16033659627967875,-0.14483446132845723,0.5201612903225806,248,-1.1042424147894876,-0.9197371999701224,-0.14801538679982718,-0.1458463335895276,0.1602151782822051,-0.28457627054395596,0.4798387096774194,248,1.3551674382615324,341.50219444190617,0.4798387096774194,271231.12409757875,0,1204,2
1,NASDAQ_recent,2023,49,10,0.9748163416229525,1.1439439663648903,0.20286176132160305,0.1993403734701782,0.174782422040077,-0.186006242371488,0.5161290322580645,248,-0.6852427038139686,-0.5162300451843017,-0.10014283154329995,-0.09863439030427334,0.17490131287179453,-0.308142939865816,0.4475806451612903,248,1.3291322942894754,334.94133816094785,0.4475806451612903,269501.72825248196,0,1209,0
1,NASDAQ_recent,2024,0,10,0.8302179475266374,1.0160001646427486,0.1606690042895822,0.15929730994265823,0.1591139149114915,-0.12029253533776496,0.544,250,-0.9616545102356332,-0.77604155606694,-0.12740592178229382,-0.12646159121984557,0.1592590130288819,-0.21497681221112785,0.5,250,1.3200000044920068,332.64000113198574,0.5,288622.4436133545,0,1277,2
1,NASDAQ_recent,2024,1,10,0.5984812603902152,0.77437669937853,0.1230516611804493,0.12201777401548997,0.16805743262191655,-0.106975335314344,0.516,250,-1.1254458511430068,-0.9492884916012874,-0.15919526608075196,-0.15803738991852967,0.16780755549006932,-0.18854201621423572,0.476,250,1.3434683020568856,338.55401211833515,0.476,271402.0989282978,0,1223,4
1,NASDAQ_recent,2024,2,10,-0.2906137362918676,-0.1035959320718458,-0.028400222062470504,-0.028178029494997703,0.1580626829064035,-0.133446764496853,0.46,250,-2.1078031521263654,-1.9205832821711997,-0.27084302485071654,-0.26901282643149493,0.15789208641881927,-0.27884217338953077,0.404,250,1.3295703705516073,335.05173337900504,0.404,255488.50748257042,0,1203,2
1,NASDAQ_recent,2024,3,10,-0.5127758295451079,-0.3370565846935885,-0.06831443422568773,-0.06779106525978484,0.16822594423996895,-0.13843252861757593,0.5,250,-2.25418791165648,-2.0788853438688464,-0.3057690781393362,-0.3037553694933838,0.16862580086158033,-0.3156870397364582,0.448,250,1.3682192136169302,344.7912418314664,0.448,248820.98847653889,0,1191,1
1,NASDAQ_recent,2024,4,10,0.24209149268883037,0.4320162374885684,0.05674064298047199,0.05627788098115616,0.15564341506658655,-0.07652565327112049,0.504,250,-1.5707660119506894,-1.3812126015067936,-0.20356224649166144,-0.2021222617466072,0.15594831988016644,-0.23151292246030553,0.456,250,1.3129233456511993,330.8566831041022,0.456,255534.61022332666,0,1241,1
1,NASDAQ_recent,2024,5,10,0.9605920019817538,1.1346041315720605,0.19533945908399653,0.1936479215772271,0.16987629515182848,-0.07994893582410001,0.54,250,-0.6868937638825355,-0.5124323099477077,-0.09610173694597668,-0.09537661693532284,0.16943877985405215,-0.18792657865748275,0.476,250,1.2941454027689892,326.12464149778526,0.476,275499.1062057128,0,1286,4
1,NASDAQ_recent,2024,6,10,1.0330409855490137,1.218042971536378,0.19946431533750952,0.19773419418335614,0.15978496516410448,-0.07207914954567674,0.524,250,-0.7805540222861859,-0.5956501747475879,-0.10233766455811466,-0.10156818579957638,0.15986977166665237,-0.11791489017073875,0.488,250,1.3410195977577386,337.93693863495014,0.488,274334.40255371644,0,1261,2
1,NASDAQ_recent,2024,7,10,0.4256780341960916,0.6167417636667426,0.08708189339206451,0.08636175094734067,0.15471558085974607,-0.09921872999271031,0.5,250,-1.451978081454094,-1.2609713914808924,-0.18711446365616413,-0.18577684520790427,0.15476178290105203,-0.23462310584428392,0.448,250,1.350001285951891,340.20032405987655,0.448,267027.5020244936,0,1196,3
1,NASDAQ_recent,2024,8,10,0.34716777792216547,0.5222007543434599,0.07688455508816094,0.07625166804442696,0.16888552369200782,-0.11663825210092427,0.504,250,-1.3724942063743475,-1.1974066530318406,-0.19456320775048164,-0.19317890203557087,0.1688328800189168,-0.21468055155835775,0.46,250,1.3506080900005972,340.3532386801505,0.46,259127.1309832033,0,1168,5
1,NASDAQ_recent,2024,9,10,0.2047891335789956,0.37984762640661585,0.051344962462757326,0.05092725882111404,0.16886090705344617,-0.09811675580890433,0.508,250,-1.500108389805007,-1.3250525102701411,-0.21175583358203287,-0.21026585066009007,0.16886342786557812,-0.2219309045048704,0.452,250,1.3394162900698952,337.5329050976136,0.452,259309.718465467,0,1160,2
1,NASDAQ_recent,2024,10,10,1.5551255627244303,1.734061347624178,0.31358061995347875,0.31074014055989485,0.16520192371158746,-0.07803882942246232,0.532,250,-0.14246945850403825,0.03652996388102474,-0.007509440393144828,-0.007450064222660258,0.16514319148299053,-0.08843167411012798,0.468,250,1.2979693183169572,327.0882682158732,0.468,282210.4223429032,0,1299,3
1,NASDAQ_recent,2024,11,10,0.5476739556979356,0.7240443828714925,0.11328254123851123,0.11233477368212874,0.16760483239739618,-0.11321018267608185,0.492,250,-1.1907022772232971,-1.0145507373538287,-0.168389680437932,-0.16717179173914598,0.16781309949482176,-0.18476608942655925,0.464,250,1.353249300860567,341.0188238168629,0.464,272020.3693434986,0,1186,2
1,NASDAQ_recent,2024,12,10,0.531812280353452,0.7069562271125941,0.11087242374537265,0.10994579908182955,0.16877851866004132,-0.11387621888503463,0.524,250,-1.1623379813952233,-0.9873284276591119,-0.1655831523992446,-0.16438349750733838,0.16890812675777747,-0.21075847081884602,0.468,250,1.329437043529417,335.0181349694131,0.468,257833.84578086747,0,1184,1
1,NASDAQ_recent,2024,13,10,0.8965303627664604,1.0793519726171086,0.1752280658631129,0.17372303877805328,0.16169060052818668,-0.07798382863746844,0.524,250,-0.8799289970687144,-0.6969421666397777,-0.11804739359096095,-0.11716768368500541,0.16154460852176494,-0.15561260024005674,0.484,250,1.3327713645964359,335.8583838783018,0.484,276980.1360668865,0,1218,3
1,NASDAQ_recent,2024,14,10,0.14385488710606964,0.3363117001405754,0.04071156298218925,0.04038201789888762,0.15359568424829534,-0.10486359825846303,0.496,250,-1.7233887984834628,-1.5308730626325815,-0.21881170517152004,-0.21727920468432005,0.1535486735961063,-0.24727415429941235,0.452,250,1.3341163447565363,336.1973188786472,0.452,266018.2892982777,0,1195,2
1,NASDAQ_recent,2024,15,10,0.8778370049426925,1.0679508813279606,0.16646531712323864,0.16504071086882943,0.1554885758384957,-0.07982387251018708,0.524,250,-0.9676836872674159,-0.7775358103170232,-0.12448988060361676,-0.12356560086184054,0.15546077274369535,-0.16954486445733474,0.484,250,1.3292340057596723,334.9669694514374,0.484,278970.1760243925,0,1214,1
1,NASDAQ_recent,2024,16,10,0.8031661139074383,0.9920217728292876,0.15376915159206117,0.1524601459941255,0.15652449100566088,-0.08315100772596984,0.528,250,-1.0179487505777607,-0.8288759601270167,-0.13221989989713745,-0.13124263641050116,0.15634473800174903,-0.14129471444660047,0.488,250,1.3206135510842514,332.79461487323135,0.488,266644.95777064504,0,1237,3
1,NASDAQ_recent,2024,17,10,0.7364561164054058,0.9306334109435618,0.138977393234043,0.13780168236506696,0.15223477058216248,-0.10750861625171171,0.508,250,-1.1265716975354148,-0.9327171834543972,-0.14258851172352116,-0.14154103200185564,0.15248825144162986,-0.19708683304107355,0.464,250,1.3166650741041708,331.79959867425106,0.464,272249.3821194301,0,1222,3
1,NASDAQ_recent,2024,18,10,0.6650136953565492,0.8474217359979933,0.13230554891524426,0.13118946755160188,0.1620571976012161,-0.07360671953302167,0.516,250,-1.0854625715904491,-0.9031981543080996,-0.14752781250913027,-0.14644723069672017,0.16218489778226064,-0.16135577179205574,0.472,250,1.3166379173757836,331.79275517869746,0.472,266180.38605968346,0,1259,3
1,NASDAQ_recent,2024,19,10,0.5866544988731145,0.7540358905695745,0.12485172114262988,0.12380189245319606,0.17660586751416255,-0.07298301575068022,0.504,250,-1.0441281382980965,-0.876488386368007,-0.15639337087580119,-0.15525394086416844,0.1763336890322333,-0.16446767824475583,0.468,250,1.3320795170431818,335.6840382948818,0.468,265654.29203898646,0,1255,3
1,NASDAQ_recent,2024,20,10,1.3216299342574462,1.5043106590450097,0.2589991910029794,0.2566999513163726,0.1618152978134756,-0.08747517705585384,0.528,250,-0.42830422395060586,-0.2457738311519249,-0.05147051968867944,-0.051072637985275726,0.1619485688549659,-0.15020041016426877,0.484,250,1.3040147326807785,328.61171263555616,0.484,290740.0940671116,0,1318,1
1,NASDAQ_recent,2024,21,10,-0.45713781904104744,-0.2665082541657299,-0.05193197802708871,-0.05153062687289478,0.15506795027106843,-0.10576731757328517,0.492,250,-2.3053189195074797,-2.1147122002846346,-0.2883766490713131,-0.286452632959427,0.15508653633412006,-0.2960920561063304,0.448,250,1.3338942789246866,336.14135828902107,0.448,245944.434682708,0,1219,4
1,NASDAQ_recent,2024,22,10,0.6500341919116307,0.8318799106755951,0.12987117427836647,0.12877677320005798,0.16255832739538242,-0.08213013934120483,0.532,250,-1.1385643161684906,-0.9566519232565017,-0.15516472320769625,-0.15403340509772656,0.1624987468587852,-0.22193465676481117,0.468,250,1.346092488493178,339.2153071002809,0.468,282977.8927570492,0,1265,2
1,NASDAQ_recent,2024,23,10,0.9556699844253267,1.1301527628874684,0.1938477371236076,0.19217012555661017,0.16941807178233956,-0.12074932955216544,0.548,250,-0.7082583327432368,-0.5338559261984291,-0.09946261710745063,-0.09871354748907979,0.16949614670991617,-0.16892966698772527,0.464,250,1.301840867609634,328.0638986376278,0.464,283777.81221912894,0,1292,4
1,NASDAQ_recent,2024,24,10,0.34635663546703793,0.5255884570168493,0.07592702424362896,0.07530229157666812,0.16492906020076248,-0.09095811438927126,0.512,250,-1.3930438461801242,-1.213842035802343,-0.1925185495029592,-0.19114700541813512,0.16495668109581937,-0.20273114052672803,0.448,250,1.3283002677531985,334.73166747380606,0.448,263826.0565278616,0,1241,5
1,NASDAQ_recent,2024,25,10,0.3336528561283239,0.5171904292916639,0.0728998600336408,0.07230086269817604,0.16105986026073058,-0.11418043996658067,0.488,250,-1.4463337334785529,-1.2628275062597094,-0.1946364116859205,-0.19325164983083587,0.16108737198889836,-0.21621285342712115,0.46,250,1.3294515456423732,335.02178950187806,0.46,271341.4393638383,0,1281,3
1,NASDAQ_recent,2024,26,10,0.1481462176147713,0.3386936232458056,0.04139634872966491,0.04106115194700877,0.15513481166739465,-0.10665896274299103,0.496,250,-1.685514771460205,-1.494769720595771,-0.2163052056252982,-0.21478775156563246,0.15497406486992094,-0.24680601350822917,0.448,250,1.3186802815157188,332.3074309419612,0.448,266085.45342037466,0,1276,4
1,NASDAQ_recent,2024,27,10,-0.15919693344713615,0.024398895985034176,-0.008914443175622289,-0.008844007411479726,0.16100875481598198,-0.0901583395432547,0.472,250,-1.936530350805615,-1.7529388432030737,-0.25570442227722257,-0.2539579067619918,0.16101254503708848,-0.25806709174717235,0.42,250,1.3307455806155088,335.3478863151082,0.42,252715.8494042029,0,1220,3
1,NASDAQ_recent,2024,28,10,0.6997668286421554,0.8790422674084286,0.14040551331822382,0.13921699864473913,0.16488893341837038,-0.12570860964997377,0.536,250,-1.0074018522291244,-0.8280475015443287,-0.13933562226222507,-0.13831006526443046,0.16481638596117457,-0.1660641630067864,0.488,250,1.3004059063371054,327.7022883969505,0.488,266318.28071482165,0,1259,2
1,NASDAQ_recent,2024,29,10,0.04191210371650539,0.22752490070897025,0.023863311795870867,0.02367169637603772,0.15925914788882364,-0.1189158595804457,0.528,250,-1.7628444193370778,-1.5773937901291653,-0.2322264461501662,-0.23061450098983316,0.15939841246448527,-0.2738608328263802,0.468,250,1.3326156314536515,335.8191391263202,0.468,264414.4551790661,0,1243,2
1,NASDAQ_recent,2024,30,10,0.18378402053612014,0.3642389121780343,0.04738627338592827,0.04700148950041805,0.16381121962013442,-0.13175311906220544,0.508,250,-1.5420477021881023,-1.3620292103942382,-0.2111759994271004,-0.2096895327093744,0.16420832988718964,-0.2659153234122429,0.46,250,1.3154184812090621,331.4854572646836,0.46,264573.12372280523,0,1248,2
1,NASDAQ_recent,2024,31,10,0.4743180714309042,0.6782417192176196,0.09182280392648878,0.09106183827258474,0.14495884222902217,-0.09730680269433134,0.528,250,-1.496288025794155,-1.2923064410057856,-0.1794785484662792,-0.17818934915467377,0.1449176694893814,-0.19328917984289218,0.46,250,1.3232753498599177,333.4653881646993,0.46,266147.5045568232,0,1304,2
1,NASDAQ_recent,2024,32,10,0.45568729291698046,0.638924333012904,0.09432522138051591,0.09354264246162858,0.1613240198095669,-0.09542561236863512,0.524,250,-1.3287900804877,-1.1450039607007838,-0.17889207827604758,-0.17760662099623248,0.16084204792262874,-0.17760662099623248,0.464,250,1.3328088090634636,335.86781988399275,0.464,261510.48483451753,0,1200,6
1,NASDAQ_recent,2024,33,10,1.1660633874711004,1.3456193846874274,0.23123303407721352,0.22920204171163183,0.16463129243556796,-0.07013126960485971,0.52,250,-0.5677311328410728,-0.38811627278722577,-0.07440942481184143,-0.07384123696134015,0.16457733996741225,-0.11135264838604897,0.472,250,1.32139626827428,332.9918596051185,0.472,274366.60734552995,0,1259,3
1,NASDAQ_recent,2024,34,10,1.054775887200422,1.231024072370187,0.21220061819619174,0.2103506603389167,0.1677210795549921,-0.09957316531320148,0.488,250,-0.6634488648853879,-0.4871087515412196,-0.09120342702118489,-0.09051338857174185,0.1676336445842414,-0.16692362384920734,0.456,250,1.3365282519558286,336.8051194928688,0.456,281012.9438853995,0,1213,3
1,NASDAQ_recent,2024,35,10,-0.25187459903822235,-0.07468621288255468,-0.025910353132463926,-0.025707381650339145,0.16683111420356272,-0.09593289614546607,0.5,250,-1.9780218890040158,-1.800911322334248,-0.2699147876124436,-0.26808964941447877,0.16690441706619558,-0.2686189023562874,0.452,250,1.3395049945906725,337.5552586368495,0.452,247103.9880317141,0,1241,2
1,NASDAQ_recent,2024,36,10,-0.3137013394029257,-0.13763768117743655,-0.03648500476736105,-0.03620074711861865,0.16789686289729494,-0.11395720172277801,0.504,250,-2.035603418112961,-1.859675843026753,-0.27875838258631513,-0.27688541425093827,0.16802673413645272,-0.27999760748665803,0.44,250,1.3450793373861079,338.95999302129917,0.44,251176.790560376,0,1172,1
1,NASDAQ_recent,2024,37,10,0.2661788749458031,0.44970005484732684,0.061325598991849084,0.060824378403225854,0.16107424713672364,-0.10971797780719228,0.516,250,-1.5247130148329258,-1.340906172841047,-0.2043829317633986,-0.20293790902818887,0.16082391474625968,-0.24220064275949138,0.48,250,1.341265019563641,337.9987849300376,0.48,269200.5808085208,0,1186,1
1,NASDAQ_recent,2024,38,10,-0.017093157839911922,0.18611741070334667,0.016659025146215534,0.0165257241834591,0.14546751233555277,-0.1543966905852896,0.524,250,-2.0079148197760857,-1.8046076709560648,-0.2389739738670068,-0.23732276557641874,0.14539840855497838,-0.275539245903764,0.46,250,1.3431293091689498,338.46858591057537,0.46,270553.8609328572,0,1171,2
1,NASDAQ_recent,2024,39,10,0.5876600316901184,0.7666704788170454,0.11971169591555864,0.11870732769036318,0.16513302078577186,-0.12078831135762846,0.496,250,-1.1557634784122113,-0.9763707334008274,-0.16004887147110747,-0.15888539025500337,0.1647811113231213,-0.2297089321910487,0.448,250,1.3359951437132187,336.6707762157311,0.448,261627.50001242667,0,1240,2
1,NASDAQ_recent,2024,40,10,1.1645670627209885,1.3487964848058738,0.22569062908677973,0.2237125958248849,0.16045502152561122,-0.08506097755458164,0.564,250,-0.5876294683126374,-0.40358397383299116,-0.07476579200001443,-0.07419499340426494,0.16061537376863247,-0.11814225390573385,0.496,250,1.3043518893875279,328.69667612565706,0.496,276139.1909791613,0,1213,1
1,NASDAQ_recent,2024,41,10,-0.04607849831170852,0.13924680260017117,0.009581135997752899,0.009504735006288234,0.15950620741383226,-0.09907780160649626,0.504,250,-1.8224969221751022,-1.637164693218922,-0.23964101252388226,-0.23798594837931009,0.1595002447915871,-0.24967510796544867,0.472,250,1.3183572665650674,332.226031174397,0.472,250233.06070059663,0,1205,2
1,NASDAQ_recent,2024,42,10,0.8911854895767527,1.0794261887815522,0.17017171111770724,0.16871315208080429,0.15703583768630347,-0.09281697878072825,0.568,250,-0.9204082940270967,-0.7322855678957344,-0.11965165630924346,-0.11876081314939324,0.15713431595521127,-0.173996158760642,0.508,250,1.3207960877973708,332.8406141249375,0.508,275882.97731217794,0,1234,3
1,NASDAQ_recent,2024,43,10,0.8641554914657366,1.0523654752512557,0.16530713712583744,0.1638931215143864,0.15706146555948833,-0.07380509474949937,0.528,250,-0.9493703729472588,-0.761269190051213,-0.12361738389023302,-0.12269911836283098,0.15715231255413106,-0.13882155313423372,0.456,250,1.319713975362157,332.5679217912636,0.456,270447.3357676371,0,1317,2
1,NASDAQ_recent,2024,44,10,0.6341830590938823,0.796807299076261,0.13709990676356143,0.135941007059593,0.1817720155954869,-0.11363145386636087,0.552,250,-0.9369659075065008,-0.7744805215734705,-0.14556802890225207,-0.14450055419511976,0.18192735129093257,-0.20354455985403508,0.508,250,1.3250566417158354,333.9142737123905,0.508,272419.0131482508,0,1235,6
1,NASDAQ_recent,2024,45,10,0.8348038539467535,1.0076193420800679,0.1710163034761134,0.16954999454299968,0.17105258449680957,-0.10612413414602495,0.504,250,-0.829615310808895,-0.6566168669591578,-0.11895845912842207,-0.1180724237901356,0.1708716866375794,-0.1827109040311634,0.464,250,1.3150755224819366,331.39903166544804,0.464,271869.3440409064,0,1271,2
1,NASDAQ_recent,2024,46,10,0.44055219812166413,0.6175213467416741,0.09337072845150174,0.0925963987613303,0.1670377922750471,-0.10288863199871112,0.524,250,-1.2721319016301285,-1.0951530709879953,-0.17871207507445608,-0.1774277669857227,0.1670286540996261,-0.20229335165563966,0.464,250,1.3247364249271514,333.83357908164214,0.464,262062.58513370433,0,1224,3
1,NASDAQ_recent,2024,47,10,0.7837587884328093,0.9700039504128412,0.1518700024845323,0.15057819477289236,0.1587184094986074,-0.07334175411810218,0.572,250,-1.0148007738140215,-0.8288951001052923,-0.13448801407388422,-0.1334953070642425,0.15900825024090248,-0.14782635071120598,0.488,250,1.3303154001821718,335.2394808459073,0.488,262638.3826432907,0,1241,4
1,NASDAQ_recent,2024,48,10,0.0670348851235322,0.2709705622969277,0.029220476519898675,0.028985239152001352,0.14495029166057802,-0.09390091905461762,0.524,250,-1.8972030639780761,-1.693942949264273,-0.22666312211860784,-0.22508390143837287,0.14543205354332953,-0.25169148489798276,0.476,250,1.3269050575568748,334.3800745043325,0.476,262606.5420174322,0,1179,4
1,NASDAQ_recent,2024,49,10,0.5658591418595811,0.7420458502832221,0.11689136222367758,0.11591185936273773,0.1677796023931774,-0.09168130281561959,0.532,250,-1.1160305123557144,-0.9397864174163537,-0.15769846096814666,-0.15655042981152945,0.16772497198531328,-0.1638295916638326,0.472,250,1.3080507878417906,329.6287985361313,0.472,261551.51989860067,0,1237,4
1,NASDAQ_recent,2025,0,10,0.9585456171883725,1.1114589430674213,0.216840439803464,0.21305563488768242,0.19331562972911126,-0.15872891121274435,0.4959677419354839,248,-0.5785424498256365,-0.42536796142831274,-0.09570233277242468,-0.09425722128211222,0.19298602656078878,-0.20493174600983066,0.45564516129032256,248,1.3905829396416807,350.42690078970355,0.45564516129032256,269580.54148525104,0,1000,1
1,NASDAQ_recent,2025,1,10,0.41091035007219423,0.5473684406855764,0.10014716912830157,0.09848172618909357,0.21662721318615752,-0.14450571147128677,0.5,248,-0.9879570668819805,-0.8516222869910676,-0.18772635872318644,-0.1850411951761778,0.2168231460081848,-0.2669246474019711,0.4435483870967742,248,1.4196613300660856,357.7546551766536,0.4435483870967742,273029.69574873586,0,972,2
1,NASDAQ_recent,2025,2,10,0.8843407624091075,1.0195050217665504,0.22021258708408364,0.21636386123918916,0.2187008313204165,-0.16555492410391126,0.5282258064516129,248,-0.46288367583960116,-0.327748260806799,-0.09118644664223563,-0.08980608995131989,0.21874751247928434,-0.2157564205839949,0.4717741935483871,248,1.378176682864886,347.3005240819513,0.4717741935483871,271812.51787932933,0,1009,1
1,NASDAQ_recent,2025,3,10,0.5591052734094778,0.6988681540463629,0.13372196011902604,0.13146565440123936,0.211504912832197,-0.18349209659780508,0.5524193548387096,248,-0.8431477789123887,-0.7034425269530495,-0.15736620020708392,-0.15507295621594996,0.21159215900404865,-0.23632709233934335,0.5120967741935484,248,1.3904505739403994,350.3935446329807,0.5120967741935484,258116.8194438626,0,1051,1
1,NASDAQ_recent,2025,4,10,0.3551057921280191,0.48786595005111855,0.08748319428750206,0.08603649237439903,0.22266119857588546,-0.20686870972047744,0.5201612903225806,248,-0.9841673016165093,-0.8514344643919692,-0.19305551547561917,-0.19030337389809793,0.22270702943141726,-0.26727393364565344,0.4637096774193548,248,1.402333975162058,353.38816174083865,0.4637096774193548,246309.5158842607,0,924,0
1,NASDAQ_recent,2025,5,10,0.7068395560614452,0.8522730918346698,0.164965829854667,0.16214574589477326,0.20325804312682796,-0.15864090230129846,0.4798387096774194,248,-0.7561646526401464,-0.6104876804322072,-0.13443219353280067,-0.1324464008999725,0.2029183846853053,-0.20358219408532463,0.4435483870967742,248,1.3867183502635905,349.45302426642473,0.4435483870967742,273434.0258139744,0,1058,1
1,NASDAQ_recent,2025,6,10,0.9276897514038993,1.0623116144676579,0.23300358099198903,0.22891107898735608,0.21958198477970045,-0.16180996682911253,0.5241935483870968,248,-0.41087052304203453,-0.2763129248266758,-0.08102411720022229,-0.07979076276523034,0.21968685736326587,-0.20142416274885444,0.4798387096774194,248,1.3772673871640109,347.07138156533074,0.4798387096774194,277739.21980870323,0,1031,3
1,NASDAQ_recent,2025,7,10,0.22322508569577254,0.36443349151670235,0.056163228614068306,0.05524756769042227,0.20933977488399427,-0.19771377290375025,0.5201612903225806,248,-1.20476305282885,-1.063592707353602,-0.21691125838248848,-0.21386610779554638,0.2093962141040741,-0.24407895321262274,0.4717741935483871,248,1.4048744390514771,354.0283586409722,0.4717741935483871,248879.98588871447,0,978,2
1,NASDAQ_recent,2025,8,10,0.4898172322624732,0.6321599453273956,0.11627042663709664,0.11432320470958213,0.20767157833220895,-0.2010484732653729,0.5483870967741935,248,-0.9537046761620894,-0.8115434987997887,-0.17317774682068565,-0.17067821284314422,0.20793676891789886,-0.2498691121704878,0.4596774193548387,248,1.4078351554701893,354.77445917848775,0.4596774193548387,261554.41159805085,0,953,1
1,NASDAQ_recent,2025,9,10,0.790616718453688,0.935663048021224,0.1852317447193561,0.18203896880183645,0.20380064752012408,-0.15405845779834693,0.5403225806451613,248,-0.6541747543779562,-0.5091344396928832,-0.11707616939458598,-0.11532938902819789,0.20380909921814597,-0.20801866872313735,0.4798387096774194,248,1.377867621022282,347.2226404976151,0.4798387096774194,263323.68800999,0,1022,0
1,NASDAQ_recent,2025,10,10,0.9599216460012918,1.1046268025842494,0.2273100632839613,0.22332632717272705,0.20428115061217253,-0.1727631386924423,0.4959677419354839,248,-0.502217953315389,-0.3574289449207073,-0.0894770001908235,-0.08812124751692485,0.20416284505313984,-0.21153284961149843,0.4596774193548387,248,1.3964347204252388,351.90154954716013,0.4596774193548387,273947.161523555,0,1013,1
1,NASDAQ_recent,2025,11,10,0.6064270518426423,0.7408865012391899,0.14920871871974684,0.14667461783735147,0.21984721801962231,-0.17030422940314183,0.5,248,-0.7589507149647878,-0.6244243187187126,-0.14873843735525805,-0.14655972354145597,0.21973781139731957,-0.22202097490560702,0.4596774193548387,248,1.40193435307854,353.28745697579205,0.4596774193548387,276237.3786203848,0,1023,2
1,NASDAQ_recent,2025,12,10,-0.0916389956315268,0.05030577918701118,-0.011072483433929525,-0.010897690909437263,0.20825377985256102,-0.20463662290088658,0.4637096774193548,248,-1.5296676577535275,-1.3877557683964004,-0.2672197075438474,-0.26359444799811294,0.20830203882277146,-0.31340044460933547,0.41935483870967744,248,1.411360412508085,355.6628239520374,0.41935483870967744,244075.9242387839,0,975,3
1,NASDAQ_recent,2025,13,10,0.30365993463489827,0.4416024042154008,0.07463439113361447,0.07340727128164715,0.2142961190717974,-0.17663246571298485,0.5201612903225806,248,-1.1060775109140277,-0.9679455235685724,-0.20535162799065487,-0.20244705718659017,0.2140021037441024,-0.23093541775917048,0.46774193548387094,248,1.4144469413802783,356.4406292278302,0.46774193548387094,265961.75989075523,0,996,3
1,NASDAQ_recent,2025,14,10,0.3895375677807443,0.5231369623458393,0.09579492838497705,0.0942049181763962,0.22126249884970894,-0.1862931933407984,0.5161290322580645,248,-0.9520680771264927,-0.8183338816519156,-0.18551743261391163,-0.1828601921926818,0.22103947147833736,-0.2504086071403605,0.46774193548387094,248,1.3905872189988882,350.4279791877198,0.46774193548387094,263612.76737436827,0,1041,1
1,NASDAQ_recent,2025,15,10,0.2638014070891255,0.3926501991211494,0.06603267123347245,0.06495121436156626,0.2294203571495976,-0.26832867597031373,0.5362903225806451,248,-1.033443736667648,-0.9045134987110923,-0.20833705198141617,-0.20539592053702238,0.22927543107646964,-0.3125821743443634,0.46774193548387094,248,1.397577456763037,352.18951910428535,0.46774193548387094,236735.2165437154,0,1011,1
1,NASDAQ_recent,2025,16,10,0.21436612495941193,0.3582187100953162,0.05392588242498553,0.05304760684123977,0.20549186417716392,-0.24056064691195245,0.49193548387096775,248,-1.233113811841147,-1.0889608716039825,-0.21685969523847526,-0.2138151658129348,0.20506370413012232,-0.2930325162582793,0.4314516129032258,248,1.3945021317321353,351.41453719649815,0.4314516129032258,236684.7538754357,0,1025,1
1,NASDAQ_recent,2025,17,10,0.4007675985574793,0.5323877750529259,0.09940440545589513,0.09775185507926398,0.2245896994926442,-0.22984035216554421,0.46774193548387094,248,-0.9286649437401094,-0.7971458186456767,-0.18461845658849785,-0.1819726070548089,0.22476226073627117,-0.26871677448361764,0.4112903225806452,248,1.3983158613790088,352.37559706751017,0.4112903225806452,255675.86814142473,0,974,2
1,NASDAQ_recent,2025,18,10,1.07386548309724,1.212543513472108,0.2658493153487178,0.2611214129341224,0.21315947310741631,-0.2121440015304802,0.5161290322580645,248,-0.3252898112813714,-0.1865152801329992,-0.06043917089721673,-0.05950895240038867,0.2130112466723177,-0.2502358742841959,0.4717741935483871,248,1.3968170896552858,351.997906593132,0.4717741935483871,270612.5620861313,0,991,1
1,NASDAQ_recent,2025,19,10,1.3559411315390182,1.499836035054211,0.33252971070912185,0.3264714366489303,0.2054314306076871,-0.150450349109429,0.5241935483870968,248,-0.09499653568082314,0.04901930591896734,-0.01073844518144862,-0.010568897628803642,0.20525891844890046,-0.18297818920906506,0.4879032258064516,248,1.3925998837030609,350.93517069317136,0.4879032258064516,288103.47378797544,0,979,1
1,NASDAQ_recent,2025,20,10,0.46474512023984976,0.6103992868700159,0.10881852186084462,0.10700198815155182,0.20295015632020338,-0.21426996992845704,0.5241935483870968,248,-0.9836672099822225,-0.8380960350736035,-0.1737615427467616,-0.17125448223434248,0.20306586042763994,-0.2605016477862042,0.47580645161290325,248,1.3801827678113994,347.8060574884727,0.47580645161290325,258039.00252711945,0,1006,3
1,NASDAQ_recent,2025,21,10,0.8202992631006639,0.9705891517180474,0.1872135201482792,0.18398400791471636,0.196690117733323,-0.19701508040363325,0.5,248,-0.7025888420675233,-0.5522809702009375,-0.12006184875058701,-0.11827356887373064,0.19666658518403668,-0.24257648227948547,0.4475806451612903,248,1.4036368658038518,353.7164901825706,0.4475806451612903,263648.42543037765,0,1045,2
1,NASDAQ_recent,2025,22,10,-0.08754319373962288,0.04145646060543878,-0.016594339226954746,-0.016333100007441592,0.22915205499085733,-0.2600577628992461,0.5241935483870968,248,-1.3920242983762308,-1.2630224644978787,-0.27085445090279325,-0.2671893353852568,0.22914818338285434,-0.3045571905142409,0.47580645161290325,248,1.4059960181469864,354.31099657304054,0.47580645161290325,235935.2018964368,0,957,3
1,NASDAQ_recent,2025,23,10,0.16919731797973844,0.31255636895568845,0.044367279832530526,0.043647888567674764,0.20619929948643598,-0.2128046859336178,0.5080645161290323,248,-1.2605519882793015,-1.1172550656144509,-0.2225062939088006,-0.21939405917105748,0.20628869997033109,-0.2607203558192056,0.46774193548387094,248,1.3851629874743983,349.06107284354835,0.46774193548387094,247813.92302517072,0,1039,4
1,NASDAQ_recent,2025,24,10,0.5846793010955887,0.727305181016196,0.1380342086185864,0.13570088091447308,0.20725927091728394,-0.21125475582753717,0.5524193548387096,248,-0.8474264510070568,-0.7046233607558247,-0.15404619290851207,-0.15179685771345786,0.20700207421474973,-0.25785399088775784,0.5201612903225806,248,1.3898862373264158,350.2513318062568,0.5201612903225806,254906.56261792654,0,1041,2
1,NASDAQ_recent,2025,25,10,-0.016195307983897997,0.1225416038651443,0.003595612219816857,0.0035384381548133614,0.21306900587815855,-0.2299012078602598,0.4838709677419355,248,-1.4239284609822709,-1.2853138645062456,-0.25685526923412283,-0.25334520801430704,0.21325702081738504,-0.29336014491804174,0.41935483870967744,248,1.4136770735680653,356.24662253915244,0.41935483870967744,241135.41824529416,0,868,3
1,NASDAQ_recent,2025,26,10,1.5083712584850477,1.655737115786409,0.3663195716321985,0.3595671598687562,0.20059284034720662,-0.14375947618249507,0.532258064516129,248,0.06386104785760997,0.21124540689410312,0.02279046735002055,0.0224246880212029,0.2005676591432732,-0.17610866698412064,0.5,248,1.3477771918957482,339.6398523577285,0.5,284509.3406921588,0,1053,4
1,NASDAQ_recent,2025,27,10,0.03783112449772817,0.18327836110086027,0.01684087840822701,0.016571360219030495,0.20323889663809946,-0.21645676116292567,0.4637096774193548,248,-1.4349938647047569,-1.2894749247887083,-0.24621811817750205,-0.24282864522708147,0.20313875227056305,-0.2641291534359793,0.42338709677419356,248,1.4016616864430933,353.2187449836595,0.42338709677419356,251288.42015325362,0,976,2
1,NASDAQ_recent,2025,28,10,0.02164644709774353,0.16489198123055468,0.013208891664688416,0.012997870031623115,0.20636270488456476,-0.20322211422729453,0.5,248,-1.4318284214203392,-1.288626309533705,-0.24957261117820106,-0.24614485406923725,0.20642527890707854,-0.25388683891295494,0.43548387096774194,248,1.4072226298815478,354.62010273015005,0.43548387096774194,251749.0599532072,0,950,1
1,NASDAQ_recent,2025,29,10,0.021249076255868415,0.15564600156194247,0.01009914406966117,0.009938046288748614,0.2199494952653145,-0.192240209780005,0.4959677419354839,248,-1.3178401072146724,-1.1837780488294491,-0.24837317070847176,-0.24495907560302732,0.22049889612570212,-0.31601263909281674,0.46774193548387094,248,1.3892496504036236,350.0909119017131,0.46774193548387094,243624.34888639592,0,964,1
1,NASDAQ_recent,2025,30,10,0.7115981120976176,0.8507310007065182,0.17172632362349916,0.16878251949878487,0.212462604505935,-0.19356222542210422,0.5443548387096774,248,-0.6824388882624555,-0.5433701854101999,-0.12873110724221304,-0.12682322948293479,0.21256066447736854,-0.22613980545120183,0.49193548387096775,248,1.385529238912306,349.15336820590113,0.49193548387096775,268227.34502438986,0,1065,0
1,NASDAQ_recent,2025,31,10,-0.26347800829209483,-0.1282104772305383,-0.050538933415713916,-0.04975702803736426,0.2185338614100155,-0.22020229516822087,0.5241935483870968,248,-1.6347498486326248,-1.4994340375761526,-0.29647674810910496,-0.2925388312616042,0.21845588963690615,-0.2991642918898413,0.4637096774193548,248,1.410540375749493,355.45617468887224,0.4637096774193548,242943.88847054442,0,884,1
1,NASDAQ_recent,2025,32,10,0.4144836025239793,0.5697276653787515,0.09473967877959333,0.09316791751067122,0.19041331013047805,-0.16419141369337575,0.5282258064516129,248,-1.1409019163881309,-0.9856808467920173,-0.18598532886615649,-0.18332216590307893,0.1904415164977146,-0.2272653333451191,0.4798387096774194,248,1.3854646824099988,349.1370999673197,0.4798387096774194,265570.2588283897,0,1041,2
1,NASDAQ_recent,2025,33,10,0.22811991145065633,0.36732783944958264,0.05739648554712029,0.05646018565893529,0.21234807752119655,-0.2142578764796469,0.4959677419354839,248,-1.1658435179495323,-1.0265461683103843,-0.21348581886243478,-0.21048204877473775,0.21221176112006598,-0.27342117899593654,0.4637096774193548,248,1.3932404583382338,351.0965955012349,0.4637096774193548,242509.91187883526,0,1016,2
1,NASDAQ_recent,2025,34,10,-0.5619229009679426,-0.4156149605742907,-0.09906337712994673,-0.097570299434656,0.202043278080099,-0.2371798955448321,0.4596774193548387,248,-2.0709745245326454,-1.9246453744659002,-0.336006789467607,-0.33167695288042554,0.2020139929248389,-0.3580420447396836,0.4153225806451613,248,1.437695079861487,362.2991601250947,0.4153225806451613,227563.58121836607,0,876,1
1,NASDAQ_recent,2025,35,10,0.43906961863384536,0.5837478221144015,0.10359912620026379,0.10187366316022861,0.2043192075595127,-0.18709508152090837,0.532258064516129,248,-1.0487609450466644,-0.9038876863146551,-0.18548108206491865,-0.18282430193840882,0.20404411514593654,-0.25853323895352,0.47580645161290325,248,1.429352563505618,360.1968460034157,0.47580645161290325,255508.08454283848,0,935,2
1,NASDAQ_recent,2025,36,10,0.023909728049498032,0.16648927950569226,0.013264991165180762,0.013053067541179963,0.20732661580411316,-0.16189345295132385,0.4879032258064516,248,-1.42386830004587,-1.281475942370038,-0.24995109663921922,-0.24651903470406233,0.20759917434317762,-0.28586292825804627,0.42338709677419356,248,1.4088573430711515,355.03205045393014,0.42338709677419356,252467.7456175538,0,1002,0
1,NASDAQ_recent,2025,37,10,0.4003121548365612,0.5403456085896104,0.09622498579223815,0.09462753384655409,0.2110962423194355,-0.18379308019690188,0.532258064516129,248,-0.9967488990643094,-0.8567318741352551,-0.18385419670601344,-0.18121804329374125,0.21112101118602733,-0.24300037307967048,0.4717741935483871,248,1.3876049294023478,349.6764422093916,0.4717741935483871,252529.3309423724,0,976,1
1,NASDAQ_recent,2025,38,10,0.08857783209957494,0.23352185719483307,0.027229748452717972,0.026791791710385704,0.20394449420632405,-0.17064596852867142,0.5161290322580645,248,-1.3900446840987593,-1.244970244615214,-0.2401024530066148,-0.23678337899386248,0.2037611586955952,-0.25231473874668353,0.47580645161290325,248,1.41027047630582,355.3881600290666,0.47580645161290325,258700.94933848814,0,953,3
1,NASDAQ_recent,2025,39,10,1.2995669459690915,1.4459537695800215,0.3122872247863546,0.30663842733161983,0.2019344033643886,-0.15738147380408873,0.5120967741935484,248,-0.14869562011647908,-0.0024012130405224614,-0.020394350812051876,-0.02007390225734329,0.20206196858184206,-0.1872613328861834,0.4879032258064516,248,1.363356038182444,343.5657216219759,0.4879032258064516,284605.1644550589,0,1071,0
1,NASDAQ_recent,2025,40,10,0.663415350579971,0.7967194726880205,0.16473248551463393,0.16191666096970758,0.22175260163613617,-0.1895216171692996,0.5120967741935484,248,-0.6841692335324007,-0.5508568524041458,-0.13614810660004684,-0.13413897807428599,0.2217388635331782,-0.2389190877597358,0.4637096774193548,248,1.4028952399418022,353.52960046533417,0.4637096774193548,262081.0447572157,0,954,0
1,NASDAQ_recent,2025,41,10,0.8771306639224382,1.0264067014150422,0.201717110100313,0.19821718061629667,0.1980259952153792,-0.16959391812467584,0.49193548387096775,248,-0.6049021488571155,-0.4557088901271307,-0.10398479957752482,-0.102421841347899,0.19813586845623402,-0.21775740973077717,0.43951612903225806,248,1.3731890593102958,346.04364294619455,0.43951612903225806,271661.079267179,0,985,1
1,NASDAQ_recent,2025,42,10,-0.012129094082335635,0.13856543801866664,0.008097718051298441,0.007968672082534267,0.19616196735305802,-0.1671517041098901,0.45564516129032256,248,-1.5346756393706813,-1.3840218654097045,-0.25239717108575666,-0.2489373602792918,0.19621503736068435,-0.2912737968496151,0.41935483870967744,248,1.4000274470360978,352.80691665309666,0.41935483870967744,251972.35418142987,0,953,2
1,NASDAQ_recent,2025,43,10,0.2624647211892121,0.40228076691246345,0.06472460059300644,0.06366520015165622,0.2114244880361772,-0.23428806627225984,0.5080645161290323,248,-1.1325949725129836,-0.9928529243166314,-0.20745700307124393,-0.20452663072365362,0.21153644352446802,-0.28109138207438855,0.45161290322580644,248,1.3879115840303473,349.7537191756475,0.45161290322580644,248782.82354370595,0,976,3
1,NASDAQ_recent,2025,44,10,0.5524654499043594,0.6939272018491208,0.1312039858763403,0.12899253604611793,0.20896486491856894,-0.17583662749901008,0.5080645161290323,248,-0.8920710291975021,-0.7508014458764601,-0.16385009929806638,-0.16147169400104755,0.2092491192467341,-0.2455612890432537,0.4435483870967742,248,1.4192721197182607,357.6565741690017,0.4435483870967742,262162.06159899145,0,965,2
1,NASDAQ_recent,2025,45,10,0.06919069580168119,0.21432081689437252,0.023249384914261872,0.022876158055170848,0.20368298230387002,-0.1784506960436858,0.5,248,-1.3809773951611681,-1.236006371271753,-0.23884243933047145,-0.2355379657950334,0.20390651244092864,-0.24853857406416835,0.4637096774193548,248,1.387151453423489,349.56216626271924,0.4637096774193548,258875.55718595177,0,1007,2
1,NASDAQ_recent,2025,46,10,-0.1944772482388975,-0.0507961571618558,-0.030995318365171,-0.030510912849072036,0.20573713398675977,-0.190290124336001,0.5282258064516129,248,-1.6816559194962006,-1.5378389579523273,-0.28633166242030517,-0.2825000371952112,0.20554276469860858,-0.33049230664470763,0.47580645161290325,248,1.4413070180389111,363.2093685458056,0.47580645161290325,243254.6269024643,0,902,1
1,NASDAQ_recent,2025,47,10,1.726279216123764,1.8771122798487767,0.41716353531740524,0.4093422690740043,0.195981803699046,-0.13203427660759948,0.5362903225806451,248,0.21086125305080672,0.3615637732227403,0.05324773420169082,0.05238077562524435,0.19615156967883557,-0.1708853103989968,0.4798387096774194,248,1.3856425647406054,349.1819263146325,0.4798387096774194,298651.44504966616,0,1052,2
1,NASDAQ_recent,2025,48,10,0.14570950032275903,0.2759427864312399,0.03776110196809479,0.037150722111314316,0.22698141749765888,-0.2269277457753206,0.5161290322580645,248,-1.1821631571806726,-1.0518125911329612,-0.2321930070446817,-0.2289661248988909,0.2267771961608613,-0.2646502965306431,0.4596774193548387,248,1.418550372824052,357.4746939516611,0.4596774193548387,251362.08066408994,0,932,2
1,NASDAQ_recent,2025,49,10,0.5772101450870197,0.7388617600841874,0.1258042384081013,0.1236886862925366,0.18286570095077054,-0.21432163472372778,0.5241935483870968,248,-1.0528897344064303,-0.8911196112065971,-0.16429644598798399,-0.1619122071575987,0.1827317387263487,-0.2626552609078593,0.4475806451612903,248,1.3968149852932081,351.9973762938884,0.4475806451612903,258351.42772580296,0,1042,1
