horizon,dataset,year,model,regime,periods,sessions,conditional_sharpe,spy_conditional_sharpe,qqq_conditional_sharpe,IC,RankIC
5,NYSE_recent,2022,think,falling_high_vol,34,170,0.01569574007122555,-0.3864056537801786,-0.5667926115025277,0.03761270984795029,0.030196146285379092
5,NYSE_recent,2022,think,falling_low_vol,1,5,4.073498592107043,3.0461590687081865,2.181543219877414,0.1354570735918999,0.093262467738436
5,NYSE_recent,2022,think,rising_high_vol,14,70,-2.4393108925914353,-2.9226800925644465,-3.4268683806227838,-0.0008641017269783075,-0.02630331940997673
5,NYSE_recent,2022,think_rank,falling_high_vol,34,170,0.024492858474548906,-0.3864056537801786,-0.5667926115025277,0.056294737464732486,0.043209643312953495
5,NYSE_recent,2022,think_rank,falling_low_vol,1,5,4.220856503738524,3.0461590687081865,2.181543219877414,0.1205137254614683,0.1063056161749295
5,NYSE_recent,2022,think_rank,rising_high_vol,14,70,-2.1782586283632996,-2.9226800925644465,-3.4268683806227838,0.008563543129807867,-0.014843590247969756
5,NYSE_recent,2022,think_gate,falling_high_vol,34,170,-0.1319021162599303,-0.3864056537801786,-0.5667926115025277,0.032149369493179356,0.019878444592388148
5,NYSE_recent,2022,think_gate,falling_low_vol,1,5,4.80460601266964,3.0461590687081865,2.181543219877414,0.1576151496989007,0.1543648118169252
5,NYSE_recent,2022,think_gate,rising_high_vol,14,70,-1.3192520500510665,-2.9226800925644465,-3.4268683806227838,-0.007961591191643209,-0.03562369745989884
5,NYSE_recent,2022,think_mix,falling_high_vol,34,170,-0.3741065608695885,-0.3864056537801786,-0.5667926115025277,0.025250657700726143,0.033005470088103166
5,NYSE_recent,2022,think_mix,falling_low_vol,1,5,3.3875520648396646,3.0461590687081865,2.181543219877414,0.0246822900250636,0.0385561288574635
5,NYSE_recent,2022,think_mix,rising_high_vol,14,70,-2.6408457503435128,-2.9226800925644465,-3.4268683806227838,-0.0869430066725094,-0.07100099367489555
5,NYSE_recent,2022,think_risk,falling_high_vol,34,170,-0.2524775612467857,-0.3864056537801786,-0.5667926115025277,0.0245823971564943,0.019162097098288103
5,NYSE_recent,2022,think_risk,falling_low_vol,1,5,2.9858111577850632,3.0461590687081865,2.181543219877414,0.1619121331068455,0.1518485236230509
5,NYSE_recent,2022,think_risk,rising_high_vol,14,70,-2.7340732031183084,-2.9226800925644465,-3.4268683806227838,0.01263213007122517,-0.004940312625969209
5,NYSE_recent,2022,mlp,falling_high_vol,34,170,-0.6316814791726344,-0.3864056537801786,-0.5667926115025277,0.022897394428281974,0.017683182729091192
5,NYSE_recent,2022,mlp,falling_low_vol,1,5,1.8930292216817752,3.0461590687081865,2.181543219877414,0.0063542658215634,-0.0761297831414177
5,NYSE_recent,2022,mlp,rising_high_vol,14,70,-2.309707446817829,-2.9226800925644465,-3.4268683806227838,-0.0008527096509682085,0.0029472869025478354
5,NYSE_recent,2022,lstm,falling_high_vol,34,170,-0.11439311753705465,-0.3864056537801786,-0.5667926115025277,0.026203483359875202,0.020826737237871384
5,NYSE_recent,2022,lstm,falling_low_vol,1,5,0.9478805118343003,3.0461590687081865,2.181543219877414,-0.0643541407535675,-0.1466497437134579
5,NYSE_recent,2022,lstm,rising_high_vol,14,70,-2.4031313383824093,-2.9226800925644465,-3.4268683806227838,-0.002919568582408274,-0.01238191528760253
5,NYSE_recent,2022,stockmixer,falling_high_vol,34,170,-0.2546083035251973,-0.3864056537801786,-0.5667926115025277,0.03104701685505882,0.03899672505434338
5,NYSE_recent,2022,stockmixer,falling_low_vol,1,5,0.9760106968533444,3.0461590687081865,2.181543219877414,0.0732807581653434,-0.0058968189095297
5,NYSE_recent,2022,stockmixer,rising_high_vol,14,70,-3.348404901519692,-2.9226800925644465,-3.4268683806227838,-0.06409011676409809,-0.053895518665798205
5,NYSE_recent,2022,market_transformer,falling_high_vol,34,170,-0.33131738903042635,-0.3864056537801786,-0.5667926115025277,0.05709346279540548,0.055113356603483404
5,NYSE_recent,2022,market_transformer,falling_low_vol,1,5,1.1931180383147342,3.0461590687081865,2.181543219877414,-0.0823312188021057,-0.0772922590437481
5,NYSE_recent,2022,market_transformer,rising_high_vol,14,70,-0.9914137699722565,-2.9226800925644465,-3.4268683806227838,0.020062945053647366,0.03850125559057986
5,NYSE_recent,2022,think_huber,falling_high_vol,34,170,0.11094508450582963,-0.3864056537801786,-0.5667926115025277,0.06454181111981176,0.06044607831185814
5,NYSE_recent,2022,think_huber,falling_low_vol,1,5,3.2656309423064105,3.0461590687081865,2.181543219877414,-0.0672420620740125,-0.1309481316676368
5,NYSE_recent,2022,think_huber,rising_high_vol,14,70,-2.3621580370899,-2.9226800925644465,-3.4268683806227838,-0.02089194813457329,-0.022995723620197722
5,NYSE_recent,2022,think_mix_huber,falling_high_vol,34,170,-0.38067953012460454,-0.3864056537801786,-0.5667926115025277,0.01860210984213871,0.02151731862453474
5,NYSE_recent,2022,think_mix_huber,falling_low_vol,1,5,2.121314781955845,3.0461590687081865,2.181543219877414,0.0034090360111655,0.0060027501922436
5,NYSE_recent,2022,think_mix_huber,rising_high_vol,14,70,-2.9826677605894942,-2.9226800925644465,-3.4268683806227838,-0.10626698956107132,-0.09684711037884797
5,NYSE_recent,2022,stockmixer_huber,falling_high_vol,34,170,0.015050921857424786,-0.3864056537801786,-0.5667926115025277,0.00975376807177356,0.032276508571603
5,NYSE_recent,2022,stockmixer_huber,falling_low_vol,1,5,3.3974944378309626,3.0461590687081865,2.181543219877414,0.0550799558717012,-0.0407224265501157
5,NYSE_recent,2022,stockmixer_huber,rising_high_vol,14,70,-3.0476675712387298,-2.9226800925644465,-3.4268683806227838,-0.08730911969200882,-0.08647775610045397
5,NYSE_recent,2022,think_mix_shrink,falling_high_vol,34,170,-0.4084532313956366,-0.3864056537801786,-0.5667926115025277,0.023697117327141304,0.03172808427573718
5,NYSE_recent,2022,think_mix_shrink,falling_low_vol,1,5,3.074886112578246,3.0461590687081865,2.181543219877414,0.0802428612821845,0.0734403524603671
5,NYSE_recent,2022,think_mix_shrink,rising_high_vol,14,70,-3.3666106851376405,-2.9226800925644465,-3.4268683806227838,-0.10318623738312996,-0.10875537377818001
5,NYSE_recent,2022,think_mix_shrink_huber,falling_high_vol,34,170,-0.7442587235486612,-0.3864056537801786,-0.5667926115025277,0.004737503803848358,0.015128377941798903
5,NYSE_recent,2022,think_mix_shrink_huber,falling_low_vol,1,5,2.1754789288530585,3.0461590687081865,2.181543219877414,0.0283172496446452,0.0518299135541742
5,NYSE_recent,2022,think_mix_shrink_huber,rising_high_vol,14,70,-3.595950431335265,-2.9226800925644465,-3.4268683806227838,-0.1230397743002097,-0.11632819467410056
5,NYSE_recent,2022,multiscale_mse,falling_high_vol,34,170,0.077256247799998,-0.3864056537801786,-0.5667926115025277,0.00262469216914851,0.005921171477820321
5,NYSE_recent,2022,multiscale_mse,falling_low_vol,1,5,0.07892841680491458,3.0461590687081865,2.181543219877414,-0.0353237796947946,-0.1294954523850975
5,NYSE_recent,2022,multiscale_mse,rising_high_vol,14,70,-3.010215430764749,-2.9226800925644465,-3.4268683806227838,-0.029803989238727575,-0.032302054201946165
5,NYSE_recent,2022,multiscale_huber,falling_high_vol,34,170,-0.16788203086519324,-0.3864056537801786,-0.5667926115025277,-0.005833005886956554,-0.0029091620813097856
5,NYSE_recent,2022,multiscale_huber,falling_low_vol,1,5,-0.19759390213786932,3.0461590687081865,2.181543219877414,-0.0495533760005878,-0.1504594437081515
5,NYSE_recent,2022,multiscale_huber,rising_high_vol,14,70,-3.188148652612779,-2.9226800925644465,-3.4268683806227838,-0.05856281901712751,-0.06026171169909927
5,NYSE_recent,2022,ridge,falling_high_vol,34,170,0.2844985702458762,-0.3864056537801786,-0.5667926115025277,0.018797474874784698,0.01936202497512199
5,NYSE_recent,2022,ridge,falling_low_vol,1,5,-0.10825743698440382,3.0461590687081865,2.181543219877414,-0.0339407500578907,-0.0666314119513484
5,NYSE_recent,2022,ridge,rising_high_vol,14,70,-1.4038722444020721,-2.9226800925644465,-3.4268683806227838,0.0007780639956871572,-0.011605000528921652
5,NYSE_recent,2022,momentum126,falling_high_vol,34,170,-0.14717460765892312,-0.3864056537801786,-0.5667926115025277,-0.02099912674447841,-0.0340199242138635
5,NYSE_recent,2022,momentum126,falling_low_vol,1,5,3.189900675640259,3.0461590687081865,2.181543219877414,0.1910460673451735,0.3457958751983078
5,NYSE_recent,2022,momentum126,rising_high_vol,14,70,-2.5554245512374836,-2.9226800925644465,-3.4268683806227838,-0.0032846510596737885,-0.032722913195621595
5,NYSE_recent,2022,reversal5,falling_high_vol,34,170,0.20411841039089346,-0.3864056537801786,-0.5667926115025277,0.03534827475492147,0.03825174523556035
5,NYSE_recent,2022,reversal5,falling_low_vol,1,5,1.5631737019188037,3.0461590687081865,2.181543219877414,0.0448106542146324,0.0557377049180327
5,NYSE_recent,2022,reversal5,rising_high_vol,14,70,-1.5856070152698774,-2.9226800925644465,-3.4268683806227838,0.06280948300833751,0.05736334197388309
5,NYSE_recent,2022,buy_hold,falling_high_vol,34,170,-0.24802060933548983,-0.3864056537801786,-0.5667926115025277,,
5,NYSE_recent,2022,buy_hold,falling_low_vol,1,5,2.53489696792393,3.0461590687081865,2.181543219877414,,
5,NYSE_recent,2022,buy_hold,rising_high_vol,14,70,-2.2397966245718868,-2.9226800925644465,-3.4268683806227838,,
5,NYSE_recent,2022,equal_universe,falling_high_vol,34,170,-0.20814128472954602,-0.3864056537801786,-0.5667926115025277,,
5,NYSE_recent,2022,equal_universe,falling_low_vol,1,5,2.462757934994072,3.0461590687081865,2.181543219877414,,
5,NYSE_recent,2022,equal_universe,rising_high_vol,14,70,-2.3664034904519586,-2.9226800925644465,-3.4268683806227838,,
5,NYSE_recent,2022,market_proxy,falling_high_vol,34,170,-0.3864056537801786,-0.3864056537801786,-0.5667926115025277,,
5,NYSE_recent,2022,market_proxy,falling_low_vol,1,5,3.0461590687081865,3.0461590687081865,2.181543219877414,,
5,NYSE_recent,2022,market_proxy,rising_high_vol,14,70,-2.9226800925644465,-2.9226800925644465,-3.4268683806227838,,
5,NYSE_recent,2023,think,falling_high_vol,6,30,0.9705450022897613,4.716995620752664,6.585535085098877,-0.04241875412414351,-0.07121150149383723
5,NYSE_recent,2023,think,rising_high_vol,16,80,0.622594729483816,2.764127125878002,3.750802710447795,0.017149633309668018,0.019861947499769078
5,NYSE_recent,2023,think,rising_low_vol,27,135,-0.853625616648087,0.1710933279496086,0.6759112216989872,-0.04817948364884447,-0.05125351293679637
5,NYSE_recent,2023,think_rank,falling_high_vol,6,30,0.2197664747025364,4.716995620752664,6.585535085098877,-0.03947011220892566,-0.08036696016139723
5,NYSE_recent,2023,think_rank,rising_high_vol,16,80,0.19371919585398373,2.764127125878002,3.750802710447795,0.01573939337915457,0.023197820533390073
5,NYSE_recent,2023,think_rank,rising_low_vol,27,135,-1.6236740444859075,0.1710933279496086,0.6759112216989872,-0.047654633294437775,-0.05209730565964671
5,NYSE_recent,2023,think_gate,falling_high_vol,6,30,0.0672447432732852,4.716995620752664,6.585535085098877,0.008009435303067117,-0.01495539137747867
5,NYSE_recent,2023,think_gate,rising_high_vol,16,80,-0.26213976799877203,2.764127125878002,3.750802710447795,-0.01278613597808788,-0.0123518129982718
5,NYSE_recent,2023,think_gate,rising_low_vol,27,135,-0.7762741754034598,0.1710933279496086,0.6759112216989872,-0.03334390449871922,-0.04300574870066969
5,NYSE_recent,2023,think_mix,falling_high_vol,6,30,1.308194723152293,4.716995620752664,6.585535085098877,-0.005439437445109098,0.01340032951028987
5,NYSE_recent,2023,think_mix,rising_high_vol,16,80,1.5238718267692601,2.764127125878002,3.750802710447795,0.0039032859731495707,0.024163125237592495
5,NYSE_recent,2023,think_mix,rising_low_vol,27,135,0.36885303628254096,0.1710933279496086,0.6759112216989872,0.005372815595433238,0.025749524758787935
5,NYSE_recent,2023,think_risk,falling_high_vol,6,30,1.5482776845283877,4.716995620752664,6.585535085098877,-0.06304194015395552,-0.06377054910238329
5,NYSE_recent,2023,think_risk,rising_high_vol,16,80,0.7621775238577785,2.764127125878002,3.750802710447795,-0.00975377279990889,-0.012486416913805708
5,NYSE_recent,2023,think_risk,rising_low_vol,27,135,-2.0184948240670564,0.1710933279496086,0.6759112216989872,-0.05777226795725713,-0.06025806958522025
5,NYSE_recent,2023,mlp,falling_high_vol,6,30,1.1726820166588245,4.716995620752664,6.585535085098877,-0.03400870041100013,-0.017886112459023
5,NYSE_recent,2023,mlp,rising_high_vol,16,80,0.31677481195425083,2.764127125878002,3.750802710447795,-0.0062127595965263405,0.0029207501878658094
5,NYSE_recent,2023,mlp,rising_low_vol,27,135,-0.8511218342304692,0.1710933279496086,0.6759112216989872,-0.03785436874671488,-0.04702445809729206
5,NYSE_recent,2023,lstm,falling_high_vol,6,30,1.8458038354163568,4.716995620752664,6.585535085098877,-0.05072809401621798,-0.07518058370724315
5,NYSE_recent,2023,lstm,rising_high_vol,16,80,1.017349682419982,2.764127125878002,3.750802710447795,0.001458398315465988,0.006806764224412863
5,NYSE_recent,2023,lstm,rising_low_vol,27,135,-0.12288897435592391,0.1710933279496086,0.6759112216989872,0.007824858165135664,-0.013849501203157843
5,NYSE_recent,2023,stockmixer,falling_high_vol,6,30,2.8355590377621165,4.716995620752664,6.585535085098877,0.036728812229147,0.012127906700903168
5,NYSE_recent,2023,stockmixer,rising_high_vol,16,80,1.4971300295037022,2.764127125878002,3.750802710447795,-0.011689098432130982,0.0061004656916514785
5,NYSE_recent,2023,stockmixer,rising_low_vol,27,135,-0.25208152404596196,0.1710933279496086,0.6759112216989872,-0.02908750813118697,-0.02515361202710132
5,NYSE_recent,2023,market_transformer,falling_high_vol,6,30,-1.6131797484338684,4.716995620752664,6.585535085098877,0.04066954416984415,0.09404294706538917
5,NYSE_recent,2023,market_transformer,rising_high_vol,16,80,-0.44555605509819746,2.764127125878002,3.750802710447795,0.06332249354725988,0.06380883670237557
5,NYSE_recent,2023,market_transformer,rising_low_vol,27,135,-1.5598514693336265,0.1710933279496086,0.6759112216989872,-0.04162101592983788,-0.044258189025188396
5,NYSE_recent,2023,think_huber,falling_high_vol,6,30,3.953994038853522,4.716995620752664,6.585535085098877,-0.017716196372231954,-0.06045817117774552
5,NYSE_recent,2023,think_huber,rising_high_vol,16,80,-0.28773904518304694,2.764127125878002,3.750802710447795,0.026174465294962517,0.032875907054747064
5,NYSE_recent,2023,think_huber,rising_low_vol,27,135,-1.872664993206134,0.1710933279496086,0.6759112216989872,-0.03679613121341875,-0.0412046658885618
5,NYSE_recent,2023,think_mix_huber,falling_high_vol,6,30,2.0632480411945284,4.716995620752664,6.585535085098877,-0.003535452359603966,0.010520388573607117
5,NYSE_recent,2023,think_mix_huber,rising_high_vol,16,80,1.7563131113960995,2.764127125878002,3.750802710447795,0.002147283069725907,0.023534873769564552
5,NYSE_recent,2023,think_mix_huber,rising_low_vol,27,135,0.1699968588678136,0.1710933279496086,0.6759112216989872,0.008470872586512376,0.02715045839752805
5,NYSE_recent,2023,stockmixer_huber,falling_high_vol,6,30,2.195673905196505,4.716995620752664,6.585535085098877,0.04786632725190041,-0.006726402696550319
5,NYSE_recent,2023,stockmixer_huber,rising_high_vol,16,80,1.2409548763737324,2.764127125878002,3.750802710447795,-0.0017575792253611208,0.0009229255773757702
5,NYSE_recent,2023,stockmixer_huber,rising_low_vol,27,135,-0.5778578208120907,0.1710933279496086,0.6759112216989872,-0.0212406858892076,-0.005305645742959018
5,NYSE_recent,2023,think_mix_shrink,falling_high_vol,6,30,0.7859373089877637,4.716995620752664,6.585535085098877,-0.006361008870809078,0.011152083500937113
5,NYSE_recent,2023,think_mix_shrink,rising_high_vol,16,80,1.6547199383706916,2.764127125878002,3.750802710447795,0.003383550109715021,0.022615538516921406
5,NYSE_recent,2023,think_mix_shrink,rising_low_vol,27,135,0.5756818946168345,0.1710933279496086,0.6759112216989872,0.005401734505677481,0.025305506123905173
5,NYSE_recent,2023,think_mix_shrink_huber,falling_high_vol,6,30,1.8013355061957859,4.716995620752664,6.585535085098877,-0.0041390746681675,0.00847132715929713
5,NYSE_recent,2023,think_mix_shrink_huber,rising_high_vol,16,80,1.953915311934886,2.764127125878002,3.750802710447795,0.0026191588264207043,0.023527399860421246
5,NYSE_recent,2023,think_mix_shrink_huber,rising_low_vol,27,135,0.07545377523895468,0.1710933279496086,0.6759112216989872,0.00805713850840315,0.025996002229637445
5,NYSE_recent,2023,multiscale_mse,falling_high_vol,6,30,2.3898606270187965,4.716995620752664,6.585535085098877,0.001095767408329051,-0.024494336118540506
5,NYSE_recent,2023,multiscale_mse,rising_high_vol,16,80,0.9356264547950635,2.764127125878002,3.750802710447795,-0.013938589592941208,0.01362827774510392
5,NYSE_recent,2023,multiscale_mse,rising_low_vol,27,135,-0.8373679275777871,0.1710933279496086,0.6759112216989872,-0.005578478437610989,-0.021933290220166053
5,NYSE_recent,2023,multiscale_huber,falling_high_vol,6,30,1.2977657408863745,4.716995620752664,6.585535085098877,-0.003728762574353381,0.02782555050995737
5,NYSE_recent,2023,multiscale_huber,rising_high_vol,16,80,1.322542142520507,2.764127125878002,3.750802710447795,0.026097711901894558,0.06164212679227067
5,NYSE_recent,2023,multiscale_huber,rising_low_vol,27,135,-0.6561533802551972,0.1710933279496086,0.6759112216989872,-0.019286210175429353,-0.029091224289234628
5,NYSE_recent,2023,ridge,falling_high_vol,6,30,0.861782253513245,4.716995620752664,6.585535085098877,0.0076574588408013,0.05551937396246743
5,NYSE_recent,2023,ridge,rising_high_vol,16,80,1.4922300992266115,2.764127125878002,3.750802710447795,0.0831854551934638,0.05795783514623541
5,NYSE_recent,2023,ridge,rising_low_vol,27,135,0.09525156497875056,0.1710933279496086,0.6759112216989872,0.04717351165086919,0.04278524900538371
5,NYSE_recent,2023,momentum126,falling_high_vol,6,30,2.0330636427415114,4.716995620752664,6.585535085098877,-0.07384543997395125,-1.688457991143195e-05
5,NYSE_recent,2023,momentum126,rising_high_vol,16,80,0.9567983368554082,2.764127125878002,3.750802710447795,0.016458958202848352,-0.003449408497389993
5,NYSE_recent,2023,momentum126,rising_low_vol,27,135,-0.3513519407468993,0.1710933279496086,0.6759112216989872,-0.009130965694694473,0.011979877276773684
5,NYSE_recent,2023,reversal5,falling_high_vol,6,30,2.9378804140833665,4.716995620752664,6.585535085098877,0.017079868245461687,0.03898257097383717
5,NYSE_recent,2023,reversal5,rising_high_vol,16,80,2.5792754651144603,2.764127125878002,3.750802710447795,0.12109621204625604,0.12511233682788112
5,NYSE_recent,2023,reversal5,rising_low_vol,27,135,0.2778582477557579,0.1710933279496086,0.6759112216989872,-0.013895511183368549,0.007335329665484281
5,NYSE_recent,2023,buy_hold,falling_high_vol,6,30,2.548562264100338,4.716995620752664,6.585535085098877,,
5,NYSE_recent,2023,buy_hold,rising_high_vol,16,80,1.6651383842514011,2.764127125878002,3.750802710447795,,
5,NYSE_recent,2023,buy_hold,rising_low_vol,27,135,-0.407923335396512,0.1710933279496086,0.6759112216989872,,
5,NYSE_recent,2023,equal_universe,falling_high_vol,6,30,2.348117797540714,4.716995620752664,6.585535085098877,,
5,NYSE_recent,2023,equal_universe,rising_high_vol,16,80,1.5145702416886135,2.764127125878002,3.750802710447795,,
5,NYSE_recent,2023,equal_universe,rising_low_vol,27,135,-0.36914601694140775,0.1710933279496086,0.6759112216989872,,
5,NYSE_recent,2023,market_proxy,falling_high_vol,6,30,4.716995620752664,4.716995620752664,6.585535085098877,,
5,NYSE_recent,2023,market_proxy,rising_high_vol,16,80,2.764127125878002,2.764127125878002,3.750802710447795,,
5,NYSE_recent,2023,market_proxy,rising_low_vol,27,135,0.1710933279496086,0.1710933279496086,0.6759112216989872,,
5,NYSE_recent,2024,think,rising_high_vol,4,20,0.45694669237896623,1.9106719444430116,0.47088557472184384,-0.17879149066754962,-0.081053075215411
5,NYSE_recent,2024,think,rising_low_vol,45,225,-0.550814368822766,1.994094219864424,1.750904578870695,-0.006481519543827021,-0.005273506262915984
5,NYSE_recent,2024,think_rank,rising_high_vol,4,20,0.14204460226002802,1.9106719444430116,0.47088557472184384,-0.16408690259531072,-0.06651306885148828
5,NYSE_recent,2024,think_rank,rising_low_vol,45,225,-0.46562740430478894,1.994094219864424,1.750904578870695,-0.004583175922349472,-0.0006745084830386914
5,NYSE_recent,2024,think_gate,rising_high_vol,4,20,-0.5407488171020137,1.9106719444430116,0.47088557472184384,-0.16102960786332154,-0.07793963370798139
5,NYSE_recent,2024,think_gate,rising_low_vol,45,225,0.020661734462483802,1.994094219864424,1.750904578870695,-0.0036382376422503335,0.0030461523030224993
5,NYSE_recent,2024,think_mix,rising_high_vol,4,20,1.5507934679055986,1.9106719444430116,0.47088557472184384,0.05301362434503039,0.09381728380752048
5,NYSE_recent,2024,think_mix,rising_low_vol,45,225,1.0898546818168695,1.994094219864424,1.750904578870695,0.0709206566322231,0.06507553011087797
5,NYSE_recent,2024,think_risk,rising_high_vol,4,20,0.8329626085144576,1.9106719444430116,0.47088557472184384,-0.19350916509641802,-0.08497198706318942
5,NYSE_recent,2024,think_risk,rising_low_vol,45,225,-0.6973358543276964,1.994094219864424,1.750904578870695,-0.02181569103232091,-0.022197635813814013
5,NYSE_recent,2024,mlp,rising_high_vol,4,20,0.18995973470731384,1.9106719444430116,0.47088557472184384,-0.10490858700647103,-0.008945896760095148
5,NYSE_recent,2024,mlp,rising_low_vol,45,225,0.2687518183768103,1.994094219864424,1.750904578870695,-0.011923135816818161,-0.026569648481538685
5,NYSE_recent,2024,lstm,rising_high_vol,4,20,-0.712560947794008,1.9106719444430116,0.47088557472184384,-0.11578143946141642,-0.046394307242680316
5,NYSE_recent,2024,lstm,rising_low_vol,45,225,-0.11053099924719358,1.994094219864424,1.750904578870695,-0.029159701950758097,-0.034534862736849456
5,NYSE_recent,2024,stockmixer,rising_high_vol,4,20,0.5552471497835387,1.9106719444430116,0.47088557472184384,-0.1299951506793137,-0.014385355054726157
5,NYSE_recent,2024,stockmixer,rising_low_vol,45,225,0.216039501225244,1.994094219864424,1.750904578870695,-0.02514759415303293,-0.034498469679281156
5,NYSE_recent,2024,market_transformer,rising_high_vol,4,20,0.1998531495239641,1.9106719444430116,0.47088557472184384,-0.141015669150824,-0.09072007152782374
5,NYSE_recent,2024,market_transformer,rising_low_vol,45,225,-0.2219732484125888,1.994094219864424,1.750904578870695,-0.03703823834202406,-0.03387216827448485
5,NYSE_recent,2024,think_huber,rising_high_vol,4,20,0.48111719387217994,1.9106719444430116,0.47088557472184384,-0.08017622816481777,-0.09904126265983171
5,NYSE_recent,2024,think_huber,rising_low_vol,45,225,-0.340700806187517,1.994094219864424,1.750904578870695,-0.004356068178344028,-0.0070823223887999075
5,NYSE_recent,2024,think_mix_huber,rising_high_vol,4,20,2.7265566556421157,1.9106719444430116,0.47088557472184384,0.09648320603992605,0.1078406455815511
5,NYSE_recent,2024,think_mix_huber,rising_low_vol,45,225,1.030924506408848,1.994094219864424,1.750904578870695,0.0736009011270688,0.06934918152723386
5,NYSE_recent,2024,stockmixer_huber,rising_high_vol,4,20,0.16160840214453828,1.9106719444430116,0.47088557472184384,-0.14507482856918516,-0.022306094667145518
5,NYSE_recent,2024,stockmixer_huber,rising_low_vol,45,225,0.2381642987016092,1.994094219864424,1.750904578870695,-0.0030955417847710566,-0.001478505717527701
5,NYSE_recent,2024,think_mix_shrink,rising_high_vol,4,20,0.28570980931609846,1.9106719444430116,0.47088557472184384,-0.1016304004029069,-0.007391424948094583
5,NYSE_recent,2024,think_mix_shrink,rising_low_vol,45,225,0.3692704360272991,1.994094219864424,1.750904578870695,0.043033660491439425,0.03467794720947708
5,NYSE_recent,2024,think_mix_shrink_huber,rising_high_vol,4,20,1.1293316976870882,1.9106719444430116,0.47088557472184384,0.0748485605498008,0.08213581831769665
5,NYSE_recent,2024,think_mix_shrink_huber,rising_low_vol,45,225,0.3586408946002031,1.994094219864424,1.750904578870695,0.06737948143341062,0.057627318231347806
5,NYSE_recent,2024,multiscale_mse,rising_high_vol,4,20,-0.08857257205679099,1.9106719444430116,0.47088557472184384,-0.060111988153264004,0.025964719298429834
5,NYSE_recent,2024,multiscale_mse,rising_low_vol,45,225,0.06025912109048216,1.994094219864424,1.750904578870695,-0.015291315073404999,-0.03462891835338758
5,NYSE_recent,2024,multiscale_huber,rising_high_vol,4,20,-0.17252174969771547,1.9106719444430116,0.47088557472184384,-0.09887061141865287,-0.00894233278292024
5,NYSE_recent,2024,multiscale_huber,rising_low_vol,45,225,-0.05521673246893769,1.994094219864424,1.750904578870695,0.003961650428399969,-0.017274985119998507
5,NYSE_recent,2024,ridge,rising_high_vol,4,20,-2.010648448104822,1.9106719444430116,0.47088557472184384,-0.22156630127563703,-0.18416409528962724
5,NYSE_recent,2024,ridge,rising_low_vol,45,225,-0.5238899208603663,1.994094219864424,1.750904578870695,0.0044433835127508,-0.0004860313165741882
5,NYSE_recent,2024,momentum126,rising_high_vol,4,20,5.586236480665262,1.9106719444430116,0.47088557472184384,0.21095341659427402,0.12444692491209244
5,NYSE_recent,2024,momentum126,rising_low_vol,45,225,0.9609099628562288,1.994094219864424,1.750904578870695,0.02595957648216315,0.03902157794317492
5,NYSE_recent,2024,reversal5,rising_high_vol,4,20,-1.7258583059566073,1.9106719444430116,0.47088557472184384,0.07203187166598045,0.07778047049199346
5,NYSE_recent,2024,reversal5,rising_low_vol,45,225,-1.0316138531446752,1.994094219864424,1.750904578870695,-0.008862746609373915,0.014657182590562694
5,NYSE_recent,2024,buy_hold,rising_high_vol,4,20,1.8314079984752711,1.9106719444430116,0.47088557472184384,,
5,NYSE_recent,2024,buy_hold,rising_low_vol,45,225,0.32097876775439016,1.994094219864424,1.750904578870695,,
5,NYSE_recent,2024,equal_universe,rising_high_vol,4,20,1.1477963212600588,1.9106719444430116,0.47088557472184384,,
5,NYSE_recent,2024,equal_universe,rising_low_vol,45,225,0.27208524221808256,1.994094219864424,1.750904578870695,,
5,NYSE_recent,2024,market_proxy,rising_high_vol,4,20,1.9106719444430116,1.9106719444430116,0.47088557472184384,,
5,NYSE_recent,2024,market_proxy,rising_low_vol,45,225,1.994094219864424,1.994094219864424,1.750904578870695,,
5,NYSE_recent,2025,think,falling_high_vol,8,40,0.9680486624954511,0.8075074987539589,1.44725864091329,0.06968276674444336,0.051244077989083564
5,NYSE_recent,2025,think,falling_low_vol,3,15,4.6979140194756255,5.8301964034955445,5.624156924874705,0.07929590471630348,0.0790138764517692
5,NYSE_recent,2025,think,rising_high_vol,4,20,1.8227728926139237,1.0155426538362717,-0.5760523916449216,-0.06610438053605033,-0.039026069890578594
5,NYSE_recent,2025,think,rising_low_vol,33,165,1.0467482363989067,0.8873105551249216,0.6880678101818015,0.04295359240968976,0.015845933662836497
5,NYSE_recent,2025,think_rank,falling_high_vol,8,40,0.7870350203914847,0.8075074987539589,1.44725864091329,0.09148915494044885,0.0719451008280767
5,NYSE_recent,2025,think_rank,falling_low_vol,3,15,4.5657918414097365,5.8301964034955445,5.624156924874705,-0.11239794010002085,-0.07225539035605102
5,NYSE_recent,2025,think_rank,rising_high_vol,4,20,-0.3172099864783764,1.0155426538362717,-0.5760523916449216,-0.11355284762590045,-0.07420731717363949
5,NYSE_recent,2025,think_rank,rising_low_vol,33,165,0.7501262816154565,0.8873105551249216,0.6880678101818015,0.026890393213038488,0.007881878090375598
5,NYSE_recent,2025,think_gate,falling_high_vol,8,40,1.1673114923272083,0.8075074987539589,1.44725864091329,0.07157301130484928,0.05604066838721599
5,NYSE_recent,2025,think_gate,falling_low_vol,3,15,4.412525656337797,5.8301964034955445,5.624156924874705,0.07918141014684434,0.07350145315512484
5,NYSE_recent,2025,think_gate,rising_high_vol,4,20,1.8215432997447676,1.0155426538362717,-0.5760523916449216,-0.06101539304654595,-0.03748325162807485
5,NYSE_recent,2025,think_gate,rising_low_vol,33,165,1.0647291486914021,0.8873105551249216,0.6880678101818015,0.04121954522982112,0.014994652804219985
5,NYSE_recent,2025,think_mix,falling_high_vol,8,40,1.4359358945194898,0.8075074987539589,1.44725864091329,0.08667167185952358,0.07483534870217579
5,NYSE_recent,2025,think_mix,falling_low_vol,3,15,2.5842500807590634,5.8301964034955445,5.624156924874705,-0.0963349687002779,-0.058814438253806806
5,NYSE_recent,2025,think_mix,rising_high_vol,4,20,2.7040307065909914,1.0155426538362717,-0.5760523916449216,-0.021466449500580277,0.058996728640888875
5,NYSE_recent,2025,think_mix,rising_low_vol,33,165,-0.7234431669293524,0.8873105551249216,0.6880678101818015,-0.03923444385428868,-0.037007231338368474
5,NYSE_recent,2025,think_risk,falling_high_vol,8,40,0.7517428226348238,0.8075074987539589,1.44725864091329,0.06197979636792778,0.03977874316644796
5,NYSE_recent,2025,think_risk,falling_low_vol,3,15,4.889745756688268,5.8301964034955445,5.624156924874705,0.06590405795668063,0.06498757743381993
5,NYSE_recent,2025,think_risk,rising_high_vol,4,20,0.4334469997717201,1.0155426538362717,-0.5760523916449216,-0.06358574562829575,-0.026121833270726
5,NYSE_recent,2025,think_risk,rising_low_vol,33,165,0.7862161629217157,0.8873105551249216,0.6880678101818015,0.025766085865565898,0.011412619668397656
5,NYSE_recent,2025,mlp,falling_high_vol,8,40,1.2469258330050905,0.8075074987539589,1.44725864091329,0.12650214748709607,0.12221235872425129
5,NYSE_recent,2025,mlp,falling_low_vol,3,15,1.9212846538413388,5.8301964034955445,5.624156924874705,0.09712400453972676,0.00327540700731247
5,NYSE_recent,2025,mlp,rising_high_vol,4,20,-0.1696389731934453,1.0155426538362717,-0.5760523916449216,-0.006620702982301205,0.02841449549926567
5,NYSE_recent,2025,mlp,rising_low_vol,33,165,-0.17206857291331754,0.8873105551249216,0.6880678101818015,-0.03950910470424815,-0.06052610796257605
5,NYSE_recent,2025,lstm,falling_high_vol,8,40,0.8070306377453447,0.8075074987539589,1.44725864091329,0.08279610848413371,0.10156840100336764
5,NYSE_recent,2025,lstm,falling_low_vol,3,15,4.607998539620658,5.8301964034955445,5.624156924874705,0.2256027676413582,0.17240456603998722
5,NYSE_recent,2025,lstm,rising_high_vol,4,20,3.0929727893478574,1.0155426538362717,-0.5760523916449216,0.08584583704817858,0.09347447341681954
5,NYSE_recent,2025,lstm,rising_low_vol,33,165,-0.09112742691932674,0.8873105551249216,0.6880678101818015,0.0029381666583049347,0.0030953190828903604
5,NYSE_recent,2025,stockmixer,falling_high_vol,8,40,1.3632356428333912,0.8075074987539589,1.44725864091329,0.11814392688937166,0.0946893174286371
5,NYSE_recent,2025,stockmixer,falling_low_vol,3,15,2.6006853278493813,5.8301964034955445,5.624156924874705,-0.0410520338811802,-0.08926503181474464
5,NYSE_recent,2025,stockmixer,rising_high_vol,4,20,1.735116683322848,1.0155426538362717,-0.5760523916449216,-0.007342604044314485,0.06039703950090443
5,NYSE_recent,2025,stockmixer,rising_low_vol,33,165,-0.608518842742741,0.8873105551249216,0.6880678101818015,-0.03410200071426511,-0.05456587718498682
5,NYSE_recent,2025,market_transformer,falling_high_vol,8,40,0.6021574427815133,0.8075074987539589,1.44725864091329,0.06670531437220274,0.06846036996951348
5,NYSE_recent,2025,market_transformer,falling_low_vol,3,15,1.2874626265617568,5.8301964034955445,5.624156924874705,0.12047712933094616,0.0839008707444852
5,NYSE_recent,2025,market_transformer,rising_high_vol,4,20,2.3566396046004963,1.0155426538362717,-0.5760523916449216,0.15293419004994416,0.17589848368606814
5,NYSE_recent,2025,market_transformer,rising_low_vol,33,165,-0.09725300146684047,0.8873105551249216,0.6880678101818015,-0.02823223054079919,-0.03523878903499743
5,NYSE_recent,2025,think_huber,falling_high_vol,8,40,0.7344178735801143,0.8075074987539589,1.44725864091329,0.07963160858314841,0.0488871364852847
5,NYSE_recent,2025,think_huber,falling_low_vol,3,15,6.297221688401298,5.8301964034955445,5.624156924874705,0.1690924578410675,0.16301933270876381
5,NYSE_recent,2025,think_huber,rising_high_vol,4,20,0.985982280649371,1.0155426538362717,-0.5760523916449216,-0.06654828567043025,-0.048749246081176076
5,NYSE_recent,2025,think_huber,rising_low_vol,33,165,0.3616531807099224,0.8873105551249216,0.6880678101818015,0.033347302261246534,0.013187360366927664
5,NYSE_recent,2025,think_mix_huber,falling_high_vol,8,40,0.37850810990593375,0.8075074987539589,1.44725864091329,0.07058576454772217,0.0828366404530407
5,NYSE_recent,2025,think_mix_huber,falling_low_vol,3,15,1.1556491179747497,5.8301964034955445,5.624156924874705,-0.13391351416375022,-0.09391096808744226
5,NYSE_recent,2025,think_mix_huber,rising_high_vol,4,20,2.910152584113783,1.0155426538362717,-0.5760523916449216,-0.048654742075461,0.0011335749122869804
5,NYSE_recent,2025,think_mix_huber,rising_low_vol,33,165,-0.9281174200297937,0.8873105551249216,0.6880678101818015,-0.032765402484413224,-0.034304322048235636
5,NYSE_recent,2025,stockmixer_huber,falling_high_vol,8,40,-0.05111397668466703,0.8075074987539589,1.44725864091329,-0.06192855633491364,-0.06918302307944285
5,NYSE_recent,2025,stockmixer_huber,falling_low_vol,3,15,1.8345142859417873,5.8301964034955445,5.624156924874705,-0.07995855436597778,-0.06312832543461269
5,NYSE_recent,2025,stockmixer_huber,rising_high_vol,4,20,0.090157205097077,1.0155426538362717,-0.5760523916449216,-0.01406986023300065,0.012032978804888107
5,NYSE_recent,2025,stockmixer_huber,rising_low_vol,33,165,-1.1204178807541127,0.8873105551249216,0.6880678101818015,-0.0306863518516138,-0.06957871519007701
5,NYSE_recent,2025,think_mix_shrink,falling_high_vol,8,40,1.2112954825687885,0.8075074987539589,1.44725864091329,0.08728044065861507,0.07238558005417822
5,NYSE_recent,2025,think_mix_shrink,falling_low_vol,3,15,2.322657264692914,5.8301964034955445,5.624156924874705,-0.11807241482548127,-0.07532986440788719
5,NYSE_recent,2025,think_mix_shrink,rising_high_vol,4,20,1.7013273073966595,1.0155426538362717,-0.5760523916449216,-0.04300547906605282,0.01776672100121189
5,NYSE_recent,2025,think_mix_shrink,rising_low_vol,33,165,-0.9900697729529117,0.8873105551249216,0.6880678101818015,-0.02009641400618897,-0.02431409362464242
5,NYSE_recent,2025,think_mix_shrink_huber,falling_high_vol,8,40,0.7591414707492378,0.8075074987539589,1.44725864091329,0.06120891104603635,0.083819375105829
5,NYSE_recent,2025,think_mix_shrink_huber,falling_low_vol,3,15,0.6905058940948509,5.8301964034955445,5.624156924874705,-0.09259896042891762,-0.09764994228222361
5,NYSE_recent,2025,think_mix_shrink_huber,rising_high_vol,4,20,2.297654560119618,1.0155426538362717,-0.5760523916449216,-0.019076021250467978,0.041847437981271746
5,NYSE_recent,2025,think_mix_shrink_huber,rising_low_vol,33,165,-1.1681709805262903,0.8873105551249216,0.6880678101818015,-0.06031052728002211,-0.06565480183843896
5,NYSE_recent,2025,multiscale_mse,falling_high_vol,8,40,0.28669706277144985,0.8075074987539589,1.44725864091329,0.0939961517801419,0.04228936516071226
5,NYSE_recent,2025,multiscale_mse,falling_low_vol,3,15,5.483172204952055,5.8301964034955445,5.624156924874705,0.14489635099078257,0.1004645579396433
5,NYSE_recent,2025,multiscale_mse,rising_high_vol,4,20,0.6613815951728556,1.0155426538362717,-0.5760523916449216,0.010566279674501848,0.03013471799868702
5,NYSE_recent,2025,multiscale_mse,rising_low_vol,33,165,-0.5865389147578192,0.8873105551249216,0.6880678101818015,-0.03740510919250773,-0.06365881846162316
5,NYSE_recent,2025,multiscale_huber,falling_high_vol,8,40,0.9679519341206245,0.8075074987539589,1.44725864091329,0.09169192644145555,0.0724597439607712
5,NYSE_recent,2025,multiscale_huber,falling_low_vol,3,15,2.9903217929520647,5.8301964034955445,5.624156924874705,0.01807728441222566,-0.020684352363987135
5,NYSE_recent,2025,multiscale_huber,rising_high_vol,4,20,1.1611991820530938,1.0155426538362717,-0.5760523916449216,-0.11141545872372033,-0.053356116593868345
5,NYSE_recent,2025,multiscale_huber,rising_low_vol,33,165,-0.39798422808036527,0.8873105551249216,0.6880678101818015,-0.05540088155212814,-0.07707434663476653
5,NYSE_recent,2025,ridge,falling_high_vol,8,40,0.726908387829237,0.8075074987539589,1.44725864091329,0.09058865322596157,0.052163899156680335
5,NYSE_recent,2025,ridge,falling_low_vol,3,15,0.9239120802323479,5.8301964034955445,5.624156924874705,-0.022235123812714513,-0.10809350963615938
5,NYSE_recent,2025,ridge,rising_high_vol,4,20,-0.681664697415676,1.0155426538362717,-0.5760523916449216,-0.1700286001572167,-0.12679911086412893
5,NYSE_recent,2025,ridge,rising_low_vol,33,165,-0.4753508970902942,0.8873105551249216,0.6880678101818015,-0.021271100725418747,-0.03701141594955237
5,NYSE_recent,2025,momentum126,falling_high_vol,8,40,0.6486422135956352,0.8075074987539589,1.44725864091329,-0.0650751846032662,-0.03643533672870217
5,NYSE_recent,2025,momentum126,falling_low_vol,3,15,1.4335625824125593,5.8301964034955445,5.624156924874705,-0.13307254297113671,-0.12226687408175611
5,NYSE_recent,2025,momentum126,rising_high_vol,4,20,2.976543663911832,1.0155426538362717,-0.5760523916449216,-0.025936791956732274,0.0599888858016115
5,NYSE_recent,2025,momentum126,rising_low_vol,33,165,1.0990157828848888,0.8873105551249216,0.6880678101818015,0.027693438293337747,0.02733048334483694
5,NYSE_recent,2025,reversal5,falling_high_vol,8,40,0.12087937051038837,0.8075074987539589,1.44725864091329,0.11745541842788607,0.057961443966610925
5,NYSE_recent,2025,reversal5,falling_low_vol,3,15,6.200799209613257,5.8301964034955445,5.624156924874705,0.1827537144108904,0.12036556909515166
5,NYSE_recent,2025,reversal5,rising_high_vol,4,20,3.492788179053722,1.0155426538362717,-0.5760523916449216,0.12074878230120015,0.07383995554320645
5,NYSE_recent,2025,reversal5,rising_low_vol,33,165,-0.6808038182615903,0.8873105551249216,0.6880678101818015,-0.015122482341021051,-0.023769325535951936
5,NYSE_recent,2025,buy_hold,falling_high_vol,8,40,0.45731645061889264,0.8075074987539589,1.44725864091329,,
5,NYSE_recent,2025,buy_hold,falling_low_vol,3,15,3.669306126279477,5.8301964034955445,5.624156924874705,,
5,NYSE_recent,2025,buy_hold,rising_high_vol,4,20,2.1857099641768793,1.0155426538362717,-0.5760523916449216,,
5,NYSE_recent,2025,buy_hold,rising_low_vol,33,165,0.39639542027264224,0.8873105551249216,0.6880678101818015,,
5,NYSE_recent,2025,equal_universe,falling_high_vol,8,40,0.5336443970353232,0.8075074987539589,1.44725864091329,,
5,NYSE_recent,2025,equal_universe,falling_low_vol,3,15,3.8591222394481903,5.8301964034955445,5.624156924874705,,
5,NYSE_recent,2025,equal_universe,rising_high_vol,4,20,2.201527162559864,1.0155426538362717,-0.5760523916449216,,
5,NYSE_recent,2025,equal_universe,rising_low_vol,33,165,0.2624811981788781,0.8873105551249216,0.6880678101818015,,
5,NYSE_recent,2025,market_proxy,falling_high_vol,8,40,0.8075074987539589,0.8075074987539589,1.44725864091329,,
5,NYSE_recent,2025,market_proxy,falling_low_vol,3,15,5.8301964034955445,5.8301964034955445,5.624156924874705,,
5,NYSE_recent,2025,market_proxy,rising_high_vol,4,20,1.0155426538362717,1.0155426538362717,-0.5760523916449216,,
5,NYSE_recent,2025,market_proxy,rising_low_vol,33,165,0.8873105551249216,0.8873105551249216,0.6880678101818015,,
5,NASDAQ_recent,2022,think,falling_high_vol,34,170,0.15618175870113155,-0.3864056537801786,-0.5667926115025277,0.006953640650560984,-0.0025987214059652063
5,NASDAQ_recent,2022,think,falling_low_vol,1,5,5.255128870323607,3.0461590687081865,2.181543219877414,0.2309484232435245,0.2250136745122224
5,NASDAQ_recent,2022,think,rising_high_vol,14,70,-2.7640221778676697,-2.9226800925644465,-3.4268683806227838,-0.04105587560136413,-0.014702893936158966
5,NASDAQ_recent,2022,think_rank,falling_high_vol,34,170,0.06134056712227136,-0.3864056537801786,-0.5667926115025277,0.008335381783547882,-0.0006290370600667161
5,NASDAQ_recent,2022,think_rank,falling_low_vol,1,5,4.373539838760939,3.0461590687081865,2.181543219877414,0.2413194974702788,0.2408011912023987
5,NASDAQ_recent,2022,think_rank,rising_high_vol,14,70,-3.1873644652283,-2.9226800925644465,-3.4268683806227838,-0.03893792495461122,-0.015011955550223286
5,NASDAQ_recent,2022,think_gate,falling_high_vol,34,170,0.29680710798708615,-0.3864056537801786,-0.5667926115025277,0.007908874078703457,-8.235648015801541e-05
5,NASDAQ_recent,2022,think_gate,falling_low_vol,1,5,5.801405791717567,3.0461590687081865,2.181543219877414,0.2520169702364168,0.2301066469415588
5,NASDAQ_recent,2022,think_gate,rising_high_vol,14,70,-3.142239337541658,-2.9226800925644465,-3.4268683806227838,-0.03823498097694433,-0.022273883812446594
5,NASDAQ_recent,2022,think_mix,falling_high_vol,34,170,0.16370036902125368,-0.3864056537801786,-0.5667926115025277,0.01213591945434812,-0.0005465149914737295
5,NASDAQ_recent,2022,think_mix,falling_low_vol,1,5,4.770927803779374,3.0461590687081865,2.181543219877414,0.30510111131066,0.3139004311231116
5,NASDAQ_recent,2022,think_mix,rising_high_vol,14,70,-3.4046813707993286,-2.9226800925644465,-3.4268683806227838,-0.09470025024145526,-0.08818169710397679
5,NASDAQ_recent,2022,think_risk,falling_high_vol,34,170,0.010976281468718485,-0.3864056537801786,-0.5667926115025277,0.002768621002019512,-0.006389622511511173
5,NASDAQ_recent,2022,think_risk,falling_low_vol,1,5,4.5138890998749,3.0461590687081865,2.181543219877414,0.319318070514535,0.2804702993769982
5,NASDAQ_recent,2022,think_risk,rising_high_vol,14,70,-3.355772641893146,-2.9226800925644465,-3.4268683806227838,-0.07607978479996656,-0.0620258314126061
5,NASDAQ_recent,2022,mlp,falling_high_vol,34,170,0.4241599588457246,-0.3864056537801786,-0.5667926115025277,0.04996741135588631,0.03623810039154511
5,NASDAQ_recent,2022,mlp,falling_low_vol,1,5,0.2184405065377363,3.0461590687081865,2.181543219877414,-0.0132529889497164,-0.0020165080259594
5,NASDAQ_recent,2022,mlp,rising_high_vol,14,70,-2.6509526193051736,-2.9226800925644465,-3.4268683806227838,-0.013918095564755595,-0.02888781908878576
5,NASDAQ_recent,2022,lstm,falling_high_vol,34,170,0.24165282421476816,-0.3864056537801786,-0.5667926115025277,0.0029815609517386886,-0.005448710194670216
5,NASDAQ_recent,2022,lstm,falling_low_vol,1,5,1.2906553902015974,3.0461590687081865,2.181543219877414,0.0216461834070734,0.0133310547152985
5,NASDAQ_recent,2022,lstm,rising_high_vol,14,70,-3.2268388891587,-2.9226800925644465,-3.4268683806227838,-0.048163909899049936,-0.032729424142961046
5,NASDAQ_recent,2022,stockmixer,falling_high_vol,34,170,0.625919426452683,-0.3864056537801786,-0.5667926115025277,0.0472767900539725,0.052245988873472024
5,NASDAQ_recent,2022,stockmixer,falling_low_vol,1,5,1.190220951289004,3.0461590687081865,2.181543219877414,0.139324376151363,0.1626619279153339
5,NASDAQ_recent,2022,stockmixer,rising_high_vol,14,70,-2.994932284957353,-2.9226800925644465,-3.4268683806227838,0.00099532694275487,-0.005688126430376889
5,NASDAQ_recent,2022,market_transformer,falling_high_vol,34,170,0.638424665182122,-0.3864056537801786,-0.5667926115025277,0.012117399379199548,0.010406881581328362
5,NASDAQ_recent,2022,market_transformer,falling_low_vol,1,5,1.910972463175667,3.0461590687081865,2.181543219877414,0.063452500284028,0.0869862431612755
5,NASDAQ_recent,2022,market_transformer,rising_high_vol,14,70,-3.4862169238688097,-2.9226800925644465,-3.4268683806227838,-0.05159741604548298,-0.02904117024242624
5,NASDAQ_recent,2022,think_huber,falling_high_vol,34,170,-0.19169073219240418,-0.3864056537801786,-0.5667926115025277,0.011326099009993434,-0.00048212945610433847
5,NASDAQ_recent,2022,think_huber,falling_low_vol,1,5,4.460107032749919,3.0461590687081865,2.181543219877414,0.1637253773572358,0.1524079715432809
5,NASDAQ_recent,2022,think_huber,rising_high_vol,14,70,-2.7181250069834784,-2.9226800925644465,-3.4268683806227838,-0.054447527551897204,-0.05478997078157766
5,NASDAQ_recent,2022,think_mix_huber,falling_high_vol,34,170,0.3769456619880171,-0.3864056537801786,-0.5667926115025277,0.017547014995258983,0.004207128094720809
5,NASDAQ_recent,2022,think_mix_huber,falling_low_vol,1,5,3.490090302773285,3.0461590687081865,2.181543219877414,0.2678970782721159,0.3120310467235987
5,NASDAQ_recent,2022,think_mix_huber,rising_high_vol,14,70,-2.972587655993448,-2.9226800925644465,-3.4268683806227838,-0.09201425964670988,-0.07341086048571209
5,NASDAQ_recent,2022,stockmixer_huber,falling_high_vol,34,170,0.44646312398500276,-0.3864056537801786,-0.5667926115025277,0.03825918954211133,0.04048686778498029
5,NASDAQ_recent,2022,stockmixer_huber,falling_low_vol,1,5,3.2709872515044816,3.0461590687081865,2.181543219877414,0.1799002832046029,0.2268407786824106
5,NASDAQ_recent,2022,stockmixer_huber,rising_high_vol,14,70,-2.843380010854984,-2.9226800925644465,-3.4268683806227838,0.015439136316926672,0.02366652655608969
5,NASDAQ_recent,2022,think_mix_shrink,falling_high_vol,34,170,0.18200654015737425,-0.3864056537801786,-0.5667926115025277,0.023714345707249188,0.006743070793177515
5,NASDAQ_recent,2022,think_mix_shrink,falling_low_vol,1,5,5.246007246005263,3.0461590687081865,2.181543219877414,0.3291996579684841,0.3150069237929463
5,NASDAQ_recent,2022,think_mix_shrink,rising_high_vol,14,70,-2.851049989404794,-2.9226800925644465,-3.4268683806227838,-0.10177052521802597,-0.1030138400750651
5,NASDAQ_recent,2022,think_mix_shrink_huber,falling_high_vol,34,170,0.4631518011867021,-0.3864056537801786,-0.5667926115025277,0.029087798159140654,0.00959280065270343
5,NASDAQ_recent,2022,think_mix_shrink_huber,falling_low_vol,1,5,4.283949521711806,3.0461590687081865,2.181543219877414,0.2620422420473917,0.2962367995886109
5,NASDAQ_recent,2022,think_mix_shrink_huber,rising_high_vol,14,70,-3.382267138843068,-2.9226800925644465,-3.4268683806227838,-0.08433187691542086,-0.07486349094316894
5,NASDAQ_recent,2022,multiscale_mse,falling_high_vol,34,170,0.23277836300984392,-0.3864056537801786,-0.5667926115025277,0.011607780422517129,0.018592581113234873
5,NASDAQ_recent,2022,multiscale_mse,falling_low_vol,1,5,1.8730304375735876,3.0461590687081865,2.181543219877414,0.0606546370066552,0.1630943881514705
5,NASDAQ_recent,2022,multiscale_mse,rising_high_vol,14,70,-3.675136329650733,-2.9226800925644465,-3.4268683806227838,-0.025793069913153697,-0.029585543375756695
5,NASDAQ_recent,2022,multiscale_huber,falling_high_vol,34,170,0.08723526485641071,-0.3864056537801786,-0.5667926115025277,0.00039734188611686576,0.008310469639640638
5,NASDAQ_recent,2022,multiscale_huber,falling_low_vol,1,5,0.3805341225148564,3.0461590687081865,2.181543219877414,0.0274724103622718,0.1407892273332406
5,NASDAQ_recent,2022,multiscale_huber,rising_high_vol,14,70,-3.9515484119542243,-2.9226800925644465,-3.4268683806227838,-0.006647735997199297,0.00012339145064756935
5,NASDAQ_recent,2022,ridge,falling_high_vol,34,170,0.4226704572935446,-0.3864056537801786,-0.5667926115025277,0.024597713708368295,0.013768338716310603
5,NASDAQ_recent,2022,ridge,falling_low_vol,1,5,2.4991003890419234,3.0461590687081865,2.181543219877414,-0.0036974596319425,-0.0238550922761449
5,NASDAQ_recent,2022,ridge,rising_high_vol,14,70,-2.9624510971378264,-2.9226800925644465,-3.4268683806227838,-0.06677167517624008,-0.0759698885767147
5,NASDAQ_recent,2022,momentum126,falling_high_vol,34,170,0.17913538012611832,-0.3864056537801786,-0.5667926115025277,-0.0029678448137950395,0.003394826098639531
5,NASDAQ_recent,2022,momentum126,falling_low_vol,1,5,0.15530214603998985,3.0461590687081865,2.181543219877414,0.1589164241480248,0.2182501708817498
5,NASDAQ_recent,2022,momentum126,rising_high_vol,14,70,-2.8348366145718153,-2.9226800925644465,-3.4268683806227838,-0.06129748174283537,-0.02226038397089806
5,NASDAQ_recent,2022,reversal5,falling_high_vol,34,170,0.17622549723686393,-0.3864056537801786,-0.5667926115025277,-0.01005391121159354,-0.0011580359050407222
5,NASDAQ_recent,2022,reversal5,falling_low_vol,1,5,3.252852578978362,3.0461590687081865,2.181543219877414,0.2320736895828802,0.2676008202323992
5,NASDAQ_recent,2022,reversal5,rising_high_vol,14,70,-3.191561428762563,-2.9226800925644465,-3.4268683806227838,-0.07189055388646738,-0.017434578329129275
5,NASDAQ_recent,2022,buy_hold,falling_high_vol,34,170,-0.043187499651397974,-0.3864056537801786,-0.5667926115025277,,
5,NASDAQ_recent,2022,buy_hold,falling_low_vol,1,5,1.8063279385811346,3.0461590687081865,2.181543219877414,,
5,NASDAQ_recent,2022,buy_hold,rising_high_vol,14,70,-3.17407723399607,-2.9226800925644465,-3.4268683806227838,,
5,NASDAQ_recent,2022,equal_universe,falling_high_vol,34,170,0.11668412488386004,-0.3864056537801786,-0.5667926115025277,,
5,NASDAQ_recent,2022,equal_universe,falling_low_vol,1,5,1.7444517494224085,3.0461590687081865,2.181543219877414,,
5,NASDAQ_recent,2022,equal_universe,rising_high_vol,14,70,-3.276838297368483,-2.9226800925644465,-3.4268683806227838,,
5,NASDAQ_recent,2022,market_proxy,falling_high_vol,34,170,-0.3864056537801786,-0.3864056537801786,-0.5667926115025277,,
5,NASDAQ_recent,2022,market_proxy,falling_low_vol,1,5,3.0461590687081865,3.0461590687081865,2.181543219877414,,
5,NASDAQ_recent,2022,market_proxy,rising_high_vol,14,70,-2.9226800925644465,-2.9226800925644465,-3.4268683806227838,,
5,NASDAQ_recent,2023,think,falling_high_vol,6,30,1.4596406016061196,4.716995620752664,6.585535085098877,-0.07905976028960464,-0.07612581594888247
5,NASDAQ_recent,2023,think,rising_high_vol,16,80,1.072312658481448,2.764127125878002,3.750802710447795,-0.031137994399804005,-0.025537004154674574
5,NASDAQ_recent,2023,think,rising_low_vol,27,135,-0.17724645625908042,0.1710933279496086,0.6759112216989872,0.031135311511591327,0.06186670401881325
5,NASDAQ_recent,2023,think_rank,falling_high_vol,6,30,1.2204537624619523,4.716995620752664,6.585535085098877,-0.08605250955848844,-0.08111136954876215
5,NASDAQ_recent,2023,think_rank,rising_high_vol,16,80,1.019719093517976,2.764127125878002,3.750802710447795,-0.0239600672071271,-0.0188465905987135
5,NASDAQ_recent,2023,think_rank,rising_low_vol,27,135,-0.08773335633231451,0.1710933279496086,0.6759112216989872,0.032870015022127795,0.0604125879334399
5,NASDAQ_recent,2023,think_gate,falling_high_vol,6,30,1.1203446360984044,4.716995620752664,6.585535085098877,-0.09963358473528527,-0.10040557697729692
5,NASDAQ_recent,2023,think_gate,rising_high_vol,16,80,0.794891185508733,2.764127125878002,3.750802710447795,-0.03478695754710718,-0.033052348721339095
5,NASDAQ_recent,2023,think_gate,rising_low_vol,27,135,-0.015307223047936098,0.1710933279496086,0.6759112216989872,0.039285410300238514,0.06760470351834298
5,NASDAQ_recent,2023,think_mix,falling_high_vol,6,30,1.9629246281637054,4.716995620752664,6.585535085098877,-0.0195260982511819,-0.03127750406179553
5,NASDAQ_recent,2023,think_mix,rising_high_vol,16,80,1.4421347149119115,2.764127125878002,3.750802710447795,-0.02165648004139689,-0.024322122147031052
5,NASDAQ_recent,2023,think_mix,rising_low_vol,27,135,0.5989526378393969,0.1710933279496086,0.6759112216989872,0.028963667064411863,0.01901351695190541
5,NASDAQ_recent,2023,think_risk,falling_high_vol,6,30,0.4437617725539238,4.716995620752664,6.585535085098877,-0.0890144094831722,-0.06829221157222845
5,NASDAQ_recent,2023,think_risk,rising_high_vol,16,80,0.6577764053726362,2.764127125878002,3.750802710447795,-0.027138513810229095,-0.020411353416205952
5,NASDAQ_recent,2023,think_risk,rising_low_vol,27,135,-0.20489609275288084,0.1710933279496086,0.6759112216989872,0.034856425657540456,0.05038054965264624
5,NASDAQ_recent,2023,mlp,falling_high_vol,6,30,0.9310522432209463,4.716995620752664,6.585535085098877,0.02530584485191752,0.047731221266468116
5,NASDAQ_recent,2023,mlp,rising_high_vol,16,80,1.709217499138709,2.764127125878002,3.750802710447795,0.029282462258264388,0.017043683856734104
5,NASDAQ_recent,2023,mlp,rising_low_vol,27,135,-0.4676126896790929,0.1710933279496086,0.6759112216989872,-0.0549948469421853,-0.03919778868548599
5,NASDAQ_recent,2023,lstm,falling_high_vol,6,30,1.5233613577517868,4.716995620752664,6.585535085098877,0.057918679863012246,0.04581745541946037
5,NASDAQ_recent,2023,lstm,rising_high_vol,16,80,1.5752919612789058,2.764127125878002,3.750802710447795,0.013017208275779395,0.014836886997141703
5,NASDAQ_recent,2023,lstm,rising_low_vol,27,135,-0.7032558413565139,0.1710933279496086,0.6759112216989872,-0.023807630246252768,-0.004817468403391971
5,NASDAQ_recent,2023,stockmixer,falling_high_vol,6,30,0.9783515338232112,4.716995620752664,6.585535085098877,-0.02015978825354758,-0.03757376484016684
5,NASDAQ_recent,2023,stockmixer,rising_high_vol,16,80,1.213848608477663,2.764127125878002,3.750802710447795,-0.02696866113331675,-0.02660708041849792
5,NASDAQ_recent,2023,stockmixer,rising_low_vol,27,135,-0.9147129813187933,0.1710933279496086,0.6759112216989872,-0.031245182968239856,-0.03090033098119364
5,NASDAQ_recent,2023,market_transformer,falling_high_vol,6,30,0.4864710387337595,4.716995620752664,6.585535085098877,0.040885311036954315,0.02206979164186686
5,NASDAQ_recent,2023,market_transformer,rising_high_vol,16,80,1.7196395934480413,2.764127125878002,3.750802710447795,0.009400357669557323,0.0018240235295989872
5,NASDAQ_recent,2023,market_transformer,rising_low_vol,27,135,0.12170243045739672,0.1710933279496086,0.6759112216989872,-0.01658674796249784,0.011918901387773904
5,NASDAQ_recent,2023,think_huber,falling_high_vol,6,30,1.5880922114943434,4.716995620752664,6.585535085098877,-0.05222041956146745,-0.06725549166099883
5,NASDAQ_recent,2023,think_huber,rising_high_vol,16,80,1.043879223469154,2.764127125878002,3.750802710447795,-0.058671671138651606,-0.045760923019613854
5,NASDAQ_recent,2023,think_huber,rising_low_vol,27,135,0.5911770768543786,0.1710933279496086,0.6759112216989872,0.04485396789013786,0.06452667023357646
5,NASDAQ_recent,2023,think_mix_huber,falling_high_vol,6,30,2.0999526305356557,4.716995620752664,6.585535085098877,-0.009722765788711044,-0.023410195517271
5,NASDAQ_recent,2023,think_mix_huber,rising_high_vol,16,80,1.445087896757599,2.764127125878002,3.750802710447795,-0.02423233243218243,-0.025384206401409298
5,NASDAQ_recent,2023,think_mix_huber,rising_low_vol,27,135,0.5549878053591641,0.1710933279496086,0.6759112216989872,0.029891414631809828,0.020348930098619288
5,NASDAQ_recent,2023,stockmixer_huber,falling_high_vol,6,30,0.13570340414983317,4.716995620752664,6.585535085098877,-0.055520199207790055,-0.0468207422842166
5,NASDAQ_recent,2023,stockmixer_huber,rising_high_vol,16,80,1.0621749410889727,2.764127125878002,3.750802710447795,-0.050858996694863434,-0.053349045914085944
5,NASDAQ_recent,2023,stockmixer_huber,rising_low_vol,27,135,-0.4520876214156031,0.1710933279496086,0.6759112216989872,-0.016769318102868552,-0.010403513740101886
5,NASDAQ_recent,2023,think_mix_shrink,falling_high_vol,6,30,2.009534408542604,4.716995620752664,6.585535085098877,-0.02394672864982685,-0.036519563347292734
5,NASDAQ_recent,2023,think_mix_shrink,rising_high_vol,16,80,1.4323426298110737,2.764127125878002,3.750802710447795,-0.020744018450628142,-0.025930707117347625
5,NASDAQ_recent,2023,think_mix_shrink,rising_low_vol,27,135,0.5285009486937199,0.1710933279496086,0.6759112216989872,0.02722686552274187,0.016805966423750308
5,NASDAQ_recent,2023,think_mix_shrink_huber,falling_high_vol,6,30,2.049185583328394,4.716995620752664,6.585535085098877,-0.015196931598251267,-0.02623730567093226
5,NASDAQ_recent,2023,think_mix_shrink_huber,rising_high_vol,16,80,1.4538800642533165,2.764127125878002,3.750802710447795,-0.023761415458084866,-0.02536078033365198
5,NASDAQ_recent,2023,think_mix_shrink_huber,rising_low_vol,27,135,0.5957540686654085,0.1710933279496086,0.6759112216989872,0.029091994936451985,0.01991121264901173
5,NASDAQ_recent,2023,multiscale_mse,falling_high_vol,6,30,3.482696757057131,4.716995620752664,6.585535085098877,0.10102801055045575,0.13120537668934254
5,NASDAQ_recent,2023,multiscale_mse,rising_high_vol,16,80,2.3689114334133206,2.764127125878002,3.750802710447795,0.038335930398398776,0.03388663099140985
5,NASDAQ_recent,2023,multiscale_mse,rising_low_vol,27,135,0.40606067730294726,0.1710933279496086,0.6759112216989872,0.014077509780020977,0.008585954726630188
5,NASDAQ_recent,2023,multiscale_huber,falling_high_vol,6,30,4.155823878040742,4.716995620752664,6.585535085098877,0.14248784823935678,0.13669657148570255
5,NASDAQ_recent,2023,multiscale_huber,rising_high_vol,16,80,2.0742665096026163,2.764127125878002,3.750802710447795,0.030528182954061747,0.027254779279028522
5,NASDAQ_recent,2023,multiscale_huber,rising_low_vol,27,135,-0.41096209351173024,0.1710933279496086,0.6759112216989872,-0.00515087307692571,-0.012400347421738359
5,NASDAQ_recent,2023,ridge,falling_high_vol,6,30,3.395380628307281,4.716995620752664,6.585535085098877,0.13321405778902914,0.20014332293903
5,NASDAQ_recent,2023,ridge,rising_high_vol,16,80,1.6635920490395721,2.764127125878002,3.750802710447795,0.041413375063224914,0.012952299840406613
5,NASDAQ_recent,2023,ridge,rising_low_vol,27,135,-0.3472066664483321,0.1710933279496086,0.6759112216989872,0.02521093669130745,0.027758138481914246
5,NASDAQ_recent,2023,momentum126,falling_high_vol,6,30,-2.369978946584948,4.716995620752664,6.585535085098877,-0.17372804890567384,-0.02591832982485573
5,NASDAQ_recent,2023,momentum126,rising_high_vol,16,80,0.7302491565215751,2.764127125878002,3.750802710447795,-0.034829494762365014,0.003069108613021815
5,NASDAQ_recent,2023,momentum126,rising_low_vol,27,135,-0.031489866639640256,0.1710933279496086,0.6759112216989872,-0.0003112475688523095,0.0120230832017142
5,NASDAQ_recent,2023,reversal5,falling_high_vol,6,30,0.052988863018592236,4.716995620752664,6.585535085098877,0.11206756905501315,0.020452494903042056
5,NASDAQ_recent,2023,reversal5,rising_high_vol,16,80,0.23979315787522582,2.764127125878002,3.750802710447795,0.019608088238495726,-0.005257784112966964
5,NASDAQ_recent,2023,reversal5,rising_low_vol,27,135,-0.06387653653257802,0.1710933279496086,0.6759112216989872,-0.00382949287542888,0.02295350629483784
5,NASDAQ_recent,2023,buy_hold,falling_high_vol,6,30,1.9164803575079956,4.716995620752664,6.585535085098877,,
5,NASDAQ_recent,2023,buy_hold,rising_high_vol,16,80,1.9311083667815498,2.764127125878002,3.750802710447795,,
5,NASDAQ_recent,2023,buy_hold,rising_low_vol,27,135,0.12241538425152028,0.1710933279496086,0.6759112216989872,,
5,NASDAQ_recent,2023,equal_universe,falling_high_vol,6,30,1.721546964521923,4.716995620752664,6.585535085098877,,
5,NASDAQ_recent,2023,equal_universe,rising_high_vol,16,80,1.8921247260057235,2.764127125878002,3.750802710447795,,
5,NASDAQ_recent,2023,equal_universe,rising_low_vol,27,135,0.16446513776174435,0.1710933279496086,0.6759112216989872,,
5,NASDAQ_recent,2023,market_proxy,falling_high_vol,6,30,4.716995620752664,4.716995620752664,6.585535085098877,,
5,NASDAQ_recent,2023,market_proxy,rising_high_vol,16,80,2.764127125878002,2.764127125878002,3.750802710447795,,
5,NASDAQ_recent,2023,market_proxy,rising_low_vol,27,135,0.1710933279496086,0.1710933279496086,0.6759112216989872,,
5,NASDAQ_recent,2024,think,rising_high_vol,4,20,0.7102196188568511,1.9106719444430116,0.47088557472184384,-0.01688261822955165,-0.002951674254393445
5,NASDAQ_recent,2024,think,rising_low_vol,45,225,0.9087299250217789,1.994094219864424,1.750904578870695,0.020153394393923982,0.03144875431331315
5,NASDAQ_recent,2024,think_rank,rising_high_vol,4,20,0.20879080956751384,1.9106719444430116,0.47088557472184384,-0.11618684888140185,-0.08704426406956808
5,NASDAQ_recent,2024,think_rank,rising_low_vol,45,225,0.6761927941438907,1.994094219864424,1.750904578870695,0.012844662879031632,0.02417011104988954
5,NASDAQ_recent,2024,think_gate,rising_high_vol,4,20,0.6292280345189116,1.9106719444430116,0.47088557472184384,-0.04057639347957448,-0.024393771365269948
5,NASDAQ_recent,2024,think_gate,rising_low_vol,45,225,0.8690709471407833,1.994094219864424,1.750904578870695,0.009534946650960037,0.02312742122587735
5,NASDAQ_recent,2024,think_mix,rising_high_vol,4,20,2.280945685107434,1.9106719444430116,0.47088557472184384,-0.01498303794962678,-0.05795061178432215
5,NASDAQ_recent,2024,think_mix,rising_low_vol,45,225,0.7464870580271447,1.994094219864424,1.750904578870695,0.022119424244291107,0.02275585524814558
5,NASDAQ_recent,2024,think_risk,rising_high_vol,4,20,0.4852975242862989,1.9106719444430116,0.47088557472184384,0.022301807784651705,0.06727500068452577
5,NASDAQ_recent,2024,think_risk,rising_low_vol,45,225,0.7922252892125293,1.994094219864424,1.750904578870695,0.003954051371999722,0.014974857055250814
5,NASDAQ_recent,2024,mlp,rising_high_vol,4,20,-0.5375733650786407,1.9106719444430116,0.47088557472184384,-0.06618085148457722,-0.06085680576554048
5,NASDAQ_recent,2024,mlp,rising_low_vol,45,225,0.4689828092876191,1.994094219864424,1.750904578870695,-0.0073400789506071935,0.0016160631733209757
5,NASDAQ_recent,2024,lstm,rising_high_vol,4,20,-0.07008684388688143,1.9106719444430116,0.47088557472184384,0.017331428057981553,0.03843777039556661
5,NASDAQ_recent,2024,lstm,rising_low_vol,45,225,0.6336492734169108,1.994094219864424,1.750904578870695,-0.01169865173799412,-0.0005167218050439565
5,NASDAQ_recent,2024,stockmixer,rising_high_vol,4,20,1.6261360950006645,1.9106719444430116,0.47088557472184384,-0.0076167299685667485,-0.01460827912241738
5,NASDAQ_recent,2024,stockmixer,rising_low_vol,45,225,0.554842761010735,1.994094219864424,1.750904578870695,0.002000617652996276,0.002856377281758018
5,NASDAQ_recent,2024,market_transformer,rising_high_vol,4,20,-1.1339491663125938,1.9106719444430116,0.47088557472184384,-0.07055528833889961,-0.0789920545446266
5,NASDAQ_recent,2024,market_transformer,rising_low_vol,45,225,-0.4406231065580477,1.994094219864424,1.750904578870695,-0.02768869582002144,-0.02031389518729176
5,NASDAQ_recent,2024,think_huber,rising_high_vol,4,20,1.3947817619799594,1.9106719444430116,0.47088557472184384,-0.04617202407824042,-0.05027377833940828
5,NASDAQ_recent,2024,think_huber,rising_low_vol,45,225,0.9053394262261515,1.994094219864424,1.750904578870695,-0.007947628789310176,0.0031507193496554116
5,NASDAQ_recent,2024,think_mix_huber,rising_high_vol,4,20,1.1646798656156485,1.9106719444430116,0.47088557472184384,0.013881297369234439,-0.008186038969202798
5,NASDAQ_recent,2024,think_mix_huber,rising_low_vol,45,225,1.7058179786002647,1.994094219864424,1.750904578870695,0.04778249567734067,0.048883888235489385
5,NASDAQ_recent,2024,stockmixer_huber,rising_high_vol,4,20,-0.10885141576345721,1.9106719444430116,0.47088557472184384,0.0015297350878830246,-0.003140803499278172
5,NASDAQ_recent,2024,stockmixer_huber,rising_low_vol,45,225,0.7252329621399727,1.994094219864424,1.750904578870695,-0.0007035207783079916,0.00015733501096009498
5,NASDAQ_recent,2024,think_mix_shrink,rising_high_vol,4,20,1.8700842752278672,1.9106719444430116,0.47088557472184384,-0.02872582897975704,-0.05900238755005985
5,NASDAQ_recent,2024,think_mix_shrink,rising_low_vol,45,225,0.9301394518847462,1.994094219864424,1.750904578870695,0.03219648300380521,0.04234839416152356
5,NASDAQ_recent,2024,think_mix_shrink_huber,rising_high_vol,4,20,1.2535371189804865,1.9106719444430116,0.47088557472184384,-0.004479763599274399,-0.022178767600228754
5,NASDAQ_recent,2024,think_mix_shrink_huber,rising_low_vol,45,225,1.342442354815967,1.994094219864424,1.750904578870695,0.047945694072414766,0.04961327191756142
5,NASDAQ_recent,2024,multiscale_mse,rising_high_vol,4,20,-0.07195342319914222,1.9106719444430116,0.47088557472184384,-0.05680150763423208,-0.026313907652942926
5,NASDAQ_recent,2024,multiscale_mse,rising_low_vol,45,225,0.3334820016369945,1.994094219864424,1.750904578870695,-0.01874474023871556,-0.020063627694991898
5,NASDAQ_recent,2024,multiscale_huber,rising_high_vol,4,20,-0.8644749796795975,1.9106719444430116,0.47088557472184384,-0.12735218554747338,-0.08376535943466114
5,NASDAQ_recent,2024,multiscale_huber,rising_low_vol,45,225,0.6107543320432991,1.994094219864424,1.750904578870695,-0.033659431323885686,-0.041381774985084024
5,NASDAQ_recent,2024,ridge,rising_high_vol,4,20,0.11812941644549722,1.9106719444430116,0.47088557472184384,-0.07456923258288008,-0.044366508753301184
5,NASDAQ_recent,2024,ridge,rising_low_vol,45,225,-0.02596152332781443,1.994094219864424,1.750904578870695,-0.018226781743541646,-0.043773704109597356
5,NASDAQ_recent,2024,momentum126,rising_high_vol,4,20,0.7426864392229694,1.9106719444430116,0.47088557472184384,0.1744284993872237,0.11900746004519588
5,NASDAQ_recent,2024,momentum126,rising_low_vol,45,225,0.9037534406965305,1.994094219864424,1.750904578870695,0.0347180292810222,-0.008671772093005022
5,NASDAQ_recent,2024,reversal5,rising_high_vol,4,20,0.6176121093611439,1.9106719444430116,0.47088557472184384,0.16438181927184192,0.13507208200604423
5,NASDAQ_recent,2024,reversal5,rising_low_vol,45,225,0.316975873477634,1.994094219864424,1.750904578870695,-0.03780619107786501,-0.011508827680342495
5,NASDAQ_recent,2024,buy_hold,rising_high_vol,4,20,0.35765133192511084,1.9106719444430116,0.47088557472184384,,
5,NASDAQ_recent,2024,buy_hold,rising_low_vol,45,225,0.6529676249366446,1.994094219864424,1.750904578870695,,
5,NASDAQ_recent,2024,equal_universe,rising_high_vol,4,20,0.5638494788140659,1.9106719444430116,0.47088557472184384,,
5,NASDAQ_recent,2024,equal_universe,rising_low_vol,45,225,0.6863627731070451,1.994094219864424,1.750904578870695,,
5,NASDAQ_recent,2024,market_proxy,rising_high_vol,4,20,1.9106719444430116,1.9106719444430116,0.47088557472184384,,
5,NASDAQ_recent,2024,market_proxy,rising_low_vol,45,225,1.994094219864424,1.994094219864424,1.750904578870695,,
5,NASDAQ_recent,2025,think,falling_high_vol,8,40,0.3752958378623768,0.8075074987539589,1.44725864091329,-0.016675118808491037,0.004619882261264901
5,NASDAQ_recent,2025,think,falling_low_vol,3,15,4.567227912616961,5.8301964034955445,5.624156924874705,-0.12261930720083407,-0.06652066295174483
5,NASDAQ_recent,2025,think,rising_high_vol,4,20,-0.5396059362474869,1.0155426538362717,-0.5760523916449216,0.12724223604738577,0.11888603218026769
5,NASDAQ_recent,2025,think,rising_low_vol,33,165,-0.007275930834641741,0.8873105551249216,0.6880678101818015,-0.00453772268410184,-0.00016063484443580873
5,NASDAQ_recent,2025,think_rank,falling_high_vol,8,40,0.8135418317472304,0.8075074987539589,1.44725864091329,-0.01645175359561641,-0.00601985593711251
5,NASDAQ_recent,2025,think_rank,falling_low_vol,3,15,4.094335044900979,5.8301964034955445,5.624156924874705,-0.1341886899238243,-0.0731976590384661
5,NASDAQ_recent,2025,think_rank,rising_high_vol,4,20,0.3888897590455936,1.0155426538362717,-0.5760523916449216,0.11806580681687168,0.11027538390623946
5,NASDAQ_recent,2025,think_rank,rising_low_vol,33,165,0.15503167458516395,0.8873105551249216,0.6880678101818015,-0.0005058899640007564,0.006480669409412937
5,NASDAQ_recent,2025,think_gate,falling_high_vol,8,40,0.9341526323514213,0.8075074987539589,1.44725864091329,-0.008923648857897148,0.015861960985685642
5,NASDAQ_recent,2025,think_gate,falling_low_vol,3,15,4.1409055750901995,5.8301964034955445,5.624156924874705,-0.11146455830549223,-0.06008030611675666
5,NASDAQ_recent,2025,think_gate,rising_high_vol,4,20,-0.4706760910112565,1.0155426538362717,-0.5760523916449216,0.13338313290317835,0.1328088135268913
5,NASDAQ_recent,2025,think_gate,rising_low_vol,33,165,0.49913647266442857,0.8873105551249216,0.6880678101818015,0.0007904007131539871,0.0009806153235758508
5,NASDAQ_recent,2025,think_mix,falling_high_vol,8,40,-0.042232334377194244,0.8075074987539589,1.44725864091329,0.0029596918209098613,0.04165415851801352
5,NASDAQ_recent,2025,think_mix,falling_low_vol,3,15,5.309453321841718,5.8301964034955445,5.624156924874705,-0.01763261791016937,0.028145007704086566
5,NASDAQ_recent,2025,think_mix,rising_high_vol,4,20,-0.7307804956259937,1.0155426538362717,-0.5760523916449216,0.017558307410090672,-0.007744015937333898
5,NASDAQ_recent,2025,think_mix,rising_low_vol,33,165,0.358318238270888,0.8873105551249216,0.6880678101818015,0.0059867864061976545,-0.005967817895047481
5,NASDAQ_recent,2025,think_risk,falling_high_vol,8,40,1.1748253526463053,0.8075074987539589,1.44725864091329,-0.05980153643062719,-0.07067180882922874
5,NASDAQ_recent,2025,think_risk,falling_low_vol,3,15,3.783277885493552,5.8301964034955445,5.624156924874705,-0.15137751723654416,-0.10656180664051916
5,NASDAQ_recent,2025,think_risk,rising_high_vol,4,20,-0.0535043104978058,1.0155426538362717,-0.5760523916449216,0.21565723778694224,0.22023670653681676
5,NASDAQ_recent,2025,think_risk,rising_low_vol,33,165,0.5407339805587079,0.8873105551249216,0.6880678101818015,0.004116246493681584,0.010306978279829605
5,NASDAQ_recent,2025,mlp,falling_high_vol,8,40,0.8032593028798193,0.8075074987539589,1.44725864091329,0.07363277283455745,0.10105711548108197
5,NASDAQ_recent,2025,mlp,falling_low_vol,3,15,5.7204887305734,5.8301964034955445,5.624156924874705,-0.1447929599292701,-0.1564642854057281
5,NASDAQ_recent,2025,mlp,rising_high_vol,4,20,-0.21850254311160458,1.0155426538362717,-0.5760523916449216,0.13567712973344245,0.1492241245266931
5,NASDAQ_recent,2025,mlp,rising_low_vol,33,165,0.5634857876631313,0.8873105551249216,0.6880678101818015,0.006373334498597229,0.010039404298763824
5,NASDAQ_recent,2025,lstm,falling_high_vol,8,40,1.3706603353271467,0.8075074987539589,1.44725864091329,0.09108642021784191,0.13510702111909645
5,NASDAQ_recent,2025,lstm,falling_low_vol,3,15,4.2915944529922,5.8301964034955445,5.624156924874705,0.027253579207915924,-0.006559704532219962
5,NASDAQ_recent,2025,lstm,rising_high_vol,4,20,3.1804867857466816,1.0155426538362717,-0.5760523916449216,0.15457723834724002,0.17795561780031988
5,NASDAQ_recent,2025,lstm,rising_low_vol,33,165,1.820358038547198,0.8873105551249216,0.6880678101818015,0.010108606435972365,0.00905169617113446
5,NASDAQ_recent,2025,stockmixer,falling_high_vol,8,40,1.38682059080318,0.8075074987539589,1.44725864091329,0.08708508842118066,0.06796607849921213
5,NASDAQ_recent,2025,stockmixer,falling_low_vol,3,15,4.624732447240595,5.8301964034955445,5.624156924874705,-0.010798493358889863,-0.047996589916885095
5,NASDAQ_recent,2025,stockmixer,rising_high_vol,4,20,-0.2436947186472518,1.0155426538362717,-0.5760523916449216,0.03845242235271289,0.04872629802356161
5,NASDAQ_recent,2025,stockmixer,rising_low_vol,33,165,0.5658799746839742,0.8873105551249216,0.6880678101818015,0.008009746772920458,-0.005318046525591628
5,NASDAQ_recent,2025,market_transformer,falling_high_vol,8,40,0.5468573957544315,0.8075074987539589,1.44725864091329,0.07678301595802556,0.0801827225739557
5,NASDAQ_recent,2025,market_transformer,falling_low_vol,3,15,3.9391163888702403,5.8301964034955445,5.624156924874705,0.021086267219073668,0.07142203088887096
5,NASDAQ_recent,2025,market_transformer,rising_high_vol,4,20,-1.3204419636107743,1.0155426538362717,-0.5760523916449216,-0.031122394978679233,-0.03781759594274526
5,NASDAQ_recent,2025,market_transformer,rising_low_vol,33,165,-0.07426335663829262,0.8873105551249216,0.6880678101818015,-0.016758250116628765,-0.01817580336736412
5,NASDAQ_recent,2025,think_huber,falling_high_vol,8,40,1.424166138952904,0.8075074987539589,1.44725864091329,-0.04214011005946996,-0.03017497602768111
5,NASDAQ_recent,2025,think_huber,falling_low_vol,3,15,4.463919950293652,5.8301964034955445,5.624156924874705,-0.10112447861087413,0.0051288759878574995
5,NASDAQ_recent,2025,think_huber,rising_high_vol,4,20,0.8837405859251657,1.0155426538362717,-0.5760523916449216,0.04646611523418824,0.03403338945859828
5,NASDAQ_recent,2025,think_huber,rising_low_vol,33,165,-1.0169759384073578,0.8873105551249216,0.6880678101818015,-0.017146840964857076,-0.018932194910848313
5,NASDAQ_recent,2025,think_mix_huber,falling_high_vol,8,40,1.20566176173885,0.8075074987539589,1.44725864091329,0.04288815853300559,0.08638344147561788
5,NASDAQ_recent,2025,think_mix_huber,falling_low_vol,3,15,8.888137188399853,5.8301964034955445,5.624156924874705,-0.05128764125435853,0.014020925971461004
5,NASDAQ_recent,2025,think_mix_huber,rising_high_vol,4,20,-1.8071311537809949,1.0155426538362717,-0.5760523916449216,-0.03182181962470795,-0.05929400841399743
5,NASDAQ_recent,2025,think_mix_huber,rising_low_vol,33,165,0.8195200099415811,0.8873105551249216,0.6880678101818015,0.0026191360013897067,0.0013148788442380473
5,NASDAQ_recent,2025,stockmixer_huber,falling_high_vol,8,40,1.3738122536943713,0.8075074987539589,1.44725864091329,0.07861318673172074,0.0793860713611366
5,NASDAQ_recent,2025,stockmixer_huber,falling_low_vol,3,15,4.22517997509099,5.8301964034955445,5.624156924874705,-0.13853765787993608,-0.11802774558775157
5,NASDAQ_recent,2025,stockmixer_huber,rising_high_vol,4,20,0.4075843701206894,1.0155426538362717,-0.5760523916449216,0.001690238766963087,5.847429179159369e-05
5,NASDAQ_recent,2025,stockmixer_huber,rising_low_vol,33,165,0.4521792874405358,0.8873105551249216,0.6880678101818015,0.0002460221704947856,-0.0024707874357288934
5,NASDAQ_recent,2025,think_mix_shrink,falling_high_vol,8,40,1.1576411248851204,0.8075074987539589,1.44725864091329,0.008444858709553138,0.03472273409432329
5,NASDAQ_recent,2025,think_mix_shrink,falling_low_vol,3,15,5.573945416263708,5.8301964034955445,5.624156924874705,-0.09490065199221205,-0.03146603295320633
5,NASDAQ_recent,2025,think_mix_shrink,rising_high_vol,4,20,-0.859425330822738,1.0155426538362717,-0.5760523916449216,0.04824565381307025,0.023618201525790847
5,NASDAQ_recent,2025,think_mix_shrink,rising_low_vol,33,165,0.018898262001072936,0.8873105551249216,0.6880678101818015,0.003749570156184211,-0.0005157264779233928
5,NASDAQ_recent,2025,think_mix_shrink_huber,falling_high_vol,8,40,0.9995879500103881,0.8075074987539589,1.44725864091329,0.054690861408427285,0.09628367471514876
5,NASDAQ_recent,2025,think_mix_shrink_huber,falling_low_vol,3,15,7.500765160175187,5.8301964034955445,5.624156924874705,-0.1003386190676218,-0.007505282754146553
5,NASDAQ_recent,2025,think_mix_shrink_huber,rising_high_vol,4,20,-1.4554607018618186,1.0155426538362717,-0.5760523916449216,-0.04020303732576467,-0.04425515465438803
5,NASDAQ_recent,2025,think_mix_shrink_huber,rising_low_vol,33,165,0.40273695638048623,0.8873105551249216,0.6880678101818015,-0.0013401857591972695,-0.009927409577982124
5,NASDAQ_recent,2025,multiscale_mse,falling_high_vol,8,40,0.627691011556774,0.8075074987539589,1.44725864091329,0.05419010519577973,0.09521620615180759
5,NASDAQ_recent,2025,multiscale_mse,falling_low_vol,3,15,6.452564617115084,5.8301964034955445,5.624156924874705,-0.0019806753814943395,-0.041233859189627825
5,NASDAQ_recent,2025,multiscale_mse,rising_high_vol,4,20,-1.1848741441708213,1.0155426538362717,-0.5760523916449216,0.07851213074524718,0.10911587451397214
5,NASDAQ_recent,2025,multiscale_mse,rising_low_vol,33,165,0.4535509739200035,0.8873105551249216,0.6880678101818015,0.004020388166990369,0.006533554854206192
5,NASDAQ_recent,2025,multiscale_huber,falling_high_vol,8,40,1.1997917040445598,0.8075074987539589,1.44725864091329,0.031213148426790988,0.022774051670878103
5,NASDAQ_recent,2025,multiscale_huber,falling_low_vol,3,15,4.827138418923661,5.8301964034955445,5.624156924874705,-0.057968518198277606,-0.08651598012867812
5,NASDAQ_recent,2025,multiscale_huber,rising_high_vol,4,20,-0.6476815962739942,1.0155426538362717,-0.5760523916449216,0.09118528488513719,0.10488324537617905
5,NASDAQ_recent,2025,multiscale_huber,rising_low_vol,33,165,0.8375689012171809,0.8873105551249216,0.6880678101818015,-0.0037354793330072644,0.0005366331754050713
5,NASDAQ_recent,2025,ridge,falling_high_vol,8,40,0.2495525049017654,0.8075074987539589,1.44725864091329,0.017977060677637338,0.009701143601987886
5,NASDAQ_recent,2025,ridge,falling_low_vol,3,15,2.245619156268047,5.8301964034955445,5.624156924874705,-0.1774278980790384,-0.15855112741905186
5,NASDAQ_recent,2025,ridge,rising_high_vol,4,20,-0.1297731194860185,1.0155426538362717,-0.5760523916449216,0.048867046748553244,0.09082839674944937
5,NASDAQ_recent,2025,ridge,rising_low_vol,33,165,0.3121978081810972,0.8873105551249216,0.6880678101818015,0.05147202774860483,0.026656165282238325
5,NASDAQ_recent,2025,momentum126,falling_high_vol,8,40,0.6703797086226676,0.8075074987539589,1.44725864091329,0.029687073792529543,-0.001249617758558419
5,NASDAQ_recent,2025,momentum126,falling_low_vol,3,15,5.61012048944652,5.8301964034955445,5.624156924874705,-0.0431616608522331,0.028284015076467935
5,NASDAQ_recent,2025,momentum126,rising_high_vol,4,20,-1.3231154148437534,1.0155426538362717,-0.5760523916449216,-0.00164240377587635,-0.042398610161768054
5,NASDAQ_recent,2025,momentum126,rising_low_vol,33,165,1.4331886119719313,0.8873105551249216,0.6880678101818015,-0.008235361762701336,0.02449744538755884
5,NASDAQ_recent,2025,reversal5,falling_high_vol,8,40,0.8190240062888333,0.8075074987539589,1.44725864091329,0.0745877764098481,0.03565747580777961
5,NASDAQ_recent,2025,reversal5,falling_low_vol,3,15,4.26248801659694,5.8301964034955445,5.624156924874705,0.048258727649593935,0.06780469704998007
5,NASDAQ_recent,2025,reversal5,rising_high_vol,4,20,1.0517145886369097,1.0155426538362717,-0.5760523916449216,0.173422983866588,0.15313757879547352
5,NASDAQ_recent,2025,reversal5,rising_low_vol,33,165,1.021891964690642,0.8873105551249216,0.6880678101818015,0.023215275642997073,-3.8503588566292844e-05
5,NASDAQ_recent,2025,buy_hold,falling_high_vol,8,40,0.39430638698025283,0.8075074987539589,1.44725864091329,,
5,NASDAQ_recent,2025,buy_hold,falling_low_vol,3,15,5.591503692710397,5.8301964034955445,5.624156924874705,,
5,NASDAQ_recent,2025,buy_hold,rising_high_vol,4,20,-0.6799411658104622,1.0155426538362717,-0.5760523916449216,,
5,NASDAQ_recent,2025,buy_hold,rising_low_vol,33,165,0.7827318962239415,0.8873105551249216,0.6880678101818015,,
5,NASDAQ_recent,2025,equal_universe,falling_high_vol,8,40,0.49786796669197125,0.8075074987539589,1.44725864091329,,
5,NASDAQ_recent,2025,equal_universe,falling_low_vol,3,15,5.94719675947571,5.8301964034955445,5.624156924874705,,
5,NASDAQ_recent,2025,equal_universe,rising_high_vol,4,20,-0.6091356709053284,1.0155426538362717,-0.5760523916449216,,
5,NASDAQ_recent,2025,equal_universe,rising_low_vol,33,165,0.6340738180433593,0.8873105551249216,0.6880678101818015,,
5,NASDAQ_recent,2025,market_proxy,falling_high_vol,8,40,0.8075074987539589,0.8075074987539589,1.44725864091329,,
5,NASDAQ_recent,2025,market_proxy,falling_low_vol,3,15,5.8301964034955445,5.8301964034955445,5.624156924874705,,
5,NASDAQ_recent,2025,market_proxy,rising_high_vol,4,20,1.0155426538362717,1.0155426538362717,-0.5760523916449216,,
5,NASDAQ_recent,2025,market_proxy,rising_low_vol,33,165,0.8873105551249216,0.8873105551249216,0.6880678101818015,,
1,NYSE_recent,2022,think,falling_high_vol,178,178,0.16668547961347185,-0.1789111695152024,-0.3330062282061364,0.016404775547890056,0.011362617711643718
1,NYSE_recent,2022,think,falling_low_vol,3,3,13.232555496574793,12.741330080721715,11.61908299807499,-0.0704879489177099,-0.08785473680741053
1,NYSE_recent,2022,think,rising_high_vol,68,68,-3.4213799400377143,-4.492877535166006,-4.984608656706624,-0.0010535563364336804,-0.0028131532402525033
1,NYSE_recent,2022,think_huber,falling_high_vol,178,178,0.042584455289554395,-0.1789111695152024,-0.3330062282061364,0.005618503256700816,-0.001749540194973964
1,NYSE_recent,2022,think_huber,falling_low_vol,3,3,3.3698785419020143,12.741330080721715,11.61908299807499,0.032580806407801165,0.015552204223282004
1,NYSE_recent,2022,think_huber,rising_high_vol,68,68,-4.303913332623574,-4.492877535166006,-4.984608656706624,-0.0015501146028611083,0.002926206539024279
1,NYSE_recent,2022,think_mix,falling_high_vol,178,178,-0.034786521113382804,-0.1789111695152024,-0.3330062282061364,0.010368519553935288,0.012541695545055277
1,NYSE_recent,2022,think_mix,falling_low_vol,3,3,5.020723459058859,12.741330080721715,11.61908299807499,0.017527200218015262,0.009754794602997366
1,NYSE_recent,2022,think_mix,rising_high_vol,68,68,-5.096583386713083,-4.492877535166006,-4.984608656706624,-0.06022993522098144,-0.030147624551310852
1,NYSE_recent,2022,think_mix_huber,falling_high_vol,178,178,-0.40600856578363237,-0.1789111695152024,-0.3330062282061364,0.01771153029557506,0.01305557180890977
1,NYSE_recent,2022,think_mix_huber,falling_low_vol,3,3,5.980010117627178,12.741330080721715,11.61908299807499,0.054211695917197704,0.05712541896912752
1,NYSE_recent,2022,think_mix_huber,rising_high_vol,68,68,-4.298859634497942,-4.492877535166006,-4.984608656706624,-0.07506034434612584,-0.04304481340565112
1,NYSE_recent,2022,stockmixer,falling_high_vol,178,178,0.3751947477282869,-0.1789111695152024,-0.3330062282061364,0.008285051746870208,0.01405779711456163
1,NYSE_recent,2022,stockmixer,falling_low_vol,3,3,15.95606562151072,12.741330080721715,11.61908299807499,0.1557489251301669,0.13539800570900667
1,NYSE_recent,2022,stockmixer,rising_high_vol,68,68,-4.07177247471148,-4.492877535166006,-4.984608656706624,-0.027145090881940788,-0.02084266564786444
1,NYSE_recent,2022,stockmixer_huber,falling_high_vol,178,178,-0.08889625412422891,-0.1789111695152024,-0.3330062282061364,0.008321602339191918,0.011419345306077612
1,NYSE_recent,2022,stockmixer_huber,falling_low_vol,3,3,10.07497702699954,12.741330080721715,11.61908299807499,0.13828402101969778,0.1490849010254857
1,NYSE_recent,2022,stockmixer_huber,rising_high_vol,68,68,-4.508236676223947,-4.492877535166006,-4.984608656706624,-0.03199994512397938,-0.01033068131615063
1,NYSE_recent,2022,multiscale_mse,falling_high_vol,178,178,-0.08358519801342425,-0.1789111695152024,-0.3330062282061364,0.003129751760820088,0.004047823766646153
1,NYSE_recent,2022,multiscale_mse,falling_low_vol,3,3,9.647172877776455,12.741330080721715,11.61908299807499,0.1359852960974712,0.13434669113697753
1,NYSE_recent,2022,multiscale_mse,rising_high_vol,68,68,-4.260833569371069,-4.492877535166006,-4.984608656706624,-0.03286148048718432,-0.033366101202795914
1,NYSE_recent,2022,multiscale_huber,falling_high_vol,178,178,-0.12511682460133103,-0.1789111695152024,-0.3330062282061364,0.0061499879890146965,0.008597875771272566
1,NYSE_recent,2022,multiscale_huber,falling_low_vol,3,3,8.808284222210599,12.741330080721715,11.61908299807499,0.08861153799098638,0.08563799251004034
1,NYSE_recent,2022,multiscale_huber,rising_high_vol,68,68,-4.903118419826306,-4.492877535166006,-4.984608656706624,-0.030044234410580403,-0.022282080923192334
1,NYSE_recent,2022,ridge,falling_high_vol,178,178,-0.5710908906557055,-0.1789111695152024,-0.3330062282061364,0.0018137503464810702,-0.0067927223087487325
1,NYSE_recent,2022,ridge,falling_low_vol,3,3,4.677025532877725,12.741330080721715,11.61908299807499,-0.007616427969282205,0.007377869894938366
1,NYSE_recent,2022,ridge,rising_high_vol,68,68,-5.0985483189568805,-4.492877535166006,-4.984608656706624,-0.005392757706129583,0.009659435189360013
1,NYSE_recent,2022,momentum126,falling_high_vol,178,178,-0.05725934759425218,-0.1789111695152024,-0.3330062282061364,0.0006084580244857096,-0.011415338427679276
1,NYSE_recent,2022,momentum126,falling_low_vol,3,3,5.981595617252219,12.741330080721715,11.61908299807499,-0.19962054484337646,-0.18248212424020185
1,NYSE_recent,2022,momentum126,rising_high_vol,68,68,-4.143616567915048,-4.492877535166006,-4.984608656706624,-0.0023739616294847464,0.011584850267062623
1,NYSE_recent,2022,reversal5,falling_high_vol,178,178,0.2585992959974101,-0.1789111695152024,-0.3330062282061364,0.013387630738447724,0.0203499838943704
1,NYSE_recent,2022,reversal5,falling_low_vol,3,3,8.755395046607775,12.741330080721715,11.61908299807499,0.11867859191902351,0.1787183232799003
1,NYSE_recent,2022,reversal5,rising_high_vol,68,68,-4.016716746065941,-4.492877535166006,-4.984608656706624,0.004481981604694807,0.027364439308457885
1,NYSE_recent,2022,buy_hold,falling_high_vol,178,178,0.004216863471125313,-0.1789111695152024,-0.3330062282061364,,
1,NYSE_recent,2022,buy_hold,falling_low_vol,3,3,9.409336096258007,12.741330080721715,11.61908299807499,,
1,NYSE_recent,2022,buy_hold,rising_high_vol,68,68,-3.8353055007076073,-4.492877535166006,-4.984608656706624,,
1,NYSE_recent,2022,equal_universe,falling_high_vol,178,178,0.01778898321980108,-0.1789111695152024,-0.3330062282061364,,
1,NYSE_recent,2022,equal_universe,falling_low_vol,3,3,9.465267451250854,12.741330080721715,11.61908299807499,,
1,NYSE_recent,2022,equal_universe,rising_high_vol,68,68,-3.9549688079264795,-4.492877535166006,-4.984608656706624,,
1,NYSE_recent,2022,market_proxy,falling_high_vol,178,178,-0.1789111695152024,-0.1789111695152024,-0.3330062282061364,,
1,NYSE_recent,2022,market_proxy,falling_low_vol,3,3,12.741330080721715,12.741330080721715,11.61908299807499,,
1,NYSE_recent,2022,market_proxy,rising_high_vol,68,68,-4.492877535166006,-4.492877535166006,-4.984608656706624,,
1,NYSE_recent,2023,think,falling_high_vol,25,25,-1.0668287695923975,2.1365998310387586,5.356211223536703,0.01759583885781547,0.0064209852296051905
1,NYSE_recent,2023,think,rising_high_vol,80,80,1.2082597083330144,3.1317977682952733,3.85152516260612,-0.0025034478941711874,-0.01778434776861381
1,NYSE_recent,2023,think,rising_low_vol,143,143,-1.589226994286862,0.41225812172695,0.7357633664679949,-0.018583276795431338,-0.021780140467060775
1,NYSE_recent,2023,think_huber,falling_high_vol,25,25,-0.745234844717354,2.1365998310387586,5.356211223536703,0.010098908662334276,-0.0070278524133569695
1,NYSE_recent,2023,think_huber,rising_high_vol,80,80,0.03658594785263794,3.1317977682952733,3.85152516260612,0.0052515028193825366,-0.007641289123206862
1,NYSE_recent,2023,think_huber,rising_low_vol,143,143,-2.1821066857893903,0.41225812172695,0.7357633664679949,-0.016292432258389025,-0.0232935368018182
1,NYSE_recent,2023,think_mix,falling_high_vol,25,25,-1.7803026827185326,2.1365998310387586,5.356211223536703,-0.004826453430979892,0.0012354210835112027
1,NYSE_recent,2023,think_mix,rising_high_vol,80,80,1.79824332913462,3.1317977682952733,3.85152516260612,0.00992834707350401,0.022828175829143593
1,NYSE_recent,2023,think_mix,rising_low_vol,143,143,0.6373433174158063,0.41225812172695,0.7357633664679949,0.007374197161718784,0.01553911277959868
1,NYSE_recent,2023,think_mix_huber,falling_high_vol,25,25,-1.7803026827185326,2.1365998310387586,5.356211223536703,-0.0017402885683561837,0.001985698643734614
1,NYSE_recent,2023,think_mix_huber,rising_high_vol,80,80,1.79824332913462,3.1317977682952733,3.85152516260612,0.011522557861322606,0.02433351674404895
1,NYSE_recent,2023,think_mix_huber,rising_low_vol,143,143,0.6373433174158063,0.41225812172695,0.7357633664679949,0.007820534334727364,0.015965505890354437
1,NYSE_recent,2023,stockmixer,falling_high_vol,25,25,0.6924906168333264,2.1365998310387586,5.356211223536703,0.023634297319331695,0.04470104200672677
1,NYSE_recent,2023,stockmixer,rising_high_vol,80,80,1.269981857803448,3.1317977682952733,3.85152516260612,0.01283128932612267,0.012997169699364566
1,NYSE_recent,2023,stockmixer,rising_low_vol,143,143,-0.834592823218739,0.41225812172695,0.7357633664679949,-0.01821944449004925,-0.020532210520060816
1,NYSE_recent,2023,stockmixer_huber,falling_high_vol,25,25,-1.155721726202155,2.1365998310387586,5.356211223536703,0.023940240900691155,0.04861233569202326
1,NYSE_recent,2023,stockmixer_huber,rising_high_vol,80,80,1.0709094044346927,3.1317977682952733,3.85152516260612,0.013540068253889256,0.016717210989709852
1,NYSE_recent,2023,stockmixer_huber,rising_low_vol,143,143,-0.8353809982863237,0.41225812172695,0.7357633664679949,-0.021854401237083983,-0.02440110036915968
1,NYSE_recent,2023,multiscale_mse,falling_high_vol,25,25,-1.3529316177230755,2.1365998310387586,5.356211223536703,0.002656850459523634,0.0175578417508471
1,NYSE_recent,2023,multiscale_mse,rising_high_vol,80,80,0.08990621907869356,3.1317977682952733,3.85152516260612,-0.0030741105460489236,-0.000611896928455788
1,NYSE_recent,2023,multiscale_mse,rising_low_vol,143,143,-0.17052552417687936,0.41225812172695,0.7357633664679949,-0.0035033905186854035,-0.006305169738163811
1,NYSE_recent,2023,multiscale_huber,falling_high_vol,25,25,-0.4970279019987882,2.1365998310387586,5.356211223536703,0.0026406868484283143,0.030773591409661297
1,NYSE_recent,2023,multiscale_huber,rising_high_vol,80,80,1.098673603451353,3.1317977682952733,3.85152516260612,0.014208827155198611,0.018295561839347906
1,NYSE_recent,2023,multiscale_huber,rising_low_vol,143,143,-0.5105112929454362,0.41225812172695,0.7357633664679949,0.0016556121507540294,0.0008145702781380659
1,NYSE_recent,2023,ridge,falling_high_vol,25,25,-0.5915336826562622,2.1365998310387586,5.356211223536703,0.024393777279296227,0.04317418344759276
1,NYSE_recent,2023,ridge,rising_high_vol,80,80,1.2425751209920373,3.1317977682952733,3.85152516260612,0.03023319313869366,0.015919924198723748
1,NYSE_recent,2023,ridge,rising_low_vol,143,143,-3.120022997659165,0.41225812172695,0.7357633664679949,-0.018378264944501708,-0.016537068463170296
1,NYSE_recent,2023,momentum126,falling_high_vol,25,25,-2.0712775281741274,2.1365998310387586,5.356211223536703,-0.051036875803685884,-0.021618267060615152
1,NYSE_recent,2023,momentum126,rising_high_vol,80,80,1.125744038132174,3.1317977682952733,3.85152516260612,0.020714290134616797,0.013963067083899824
1,NYSE_recent,2023,momentum126,rising_low_vol,143,143,-0.04031290598394884,0.41225812172695,0.7357633664679949,0.003242556474208163,0.006660174997594398
1,NYSE_recent,2023,reversal5,falling_high_vol,25,25,-1.033456652474137,2.1365998310387586,5.356211223536703,-0.06197187010057034,0.009079892371456127
1,NYSE_recent,2023,reversal5,rising_high_vol,80,80,1.8661362250629903,3.1317977682952733,3.85152516260612,0.020753876427236834,0.03270042233710131
1,NYSE_recent,2023,reversal5,rising_low_vol,143,143,0.0036967080497127915,0.41225812172695,0.7357633664679949,0.0032660027200292667,-0.00700955162627376
1,NYSE_recent,2023,buy_hold,falling_high_vol,25,25,-0.008506412442029898,2.1365998310387586,5.356211223536703,,
1,NYSE_recent,2023,buy_hold,rising_high_vol,80,80,1.914186680815289,3.1317977682952733,3.85152516260612,,
1,NYSE_recent,2023,buy_hold,rising_low_vol,143,143,0.14510308536124414,0.41225812172695,0.7357633664679949,,
1,NYSE_recent,2023,equal_universe,falling_high_vol,25,25,-0.24185314036453476,2.1365998310387586,5.356211223536703,,
1,NYSE_recent,2023,equal_universe,rising_high_vol,80,80,1.6806401386244565,3.1317977682952733,3.85152516260612,,
1,NYSE_recent,2023,equal_universe,rising_low_vol,143,143,0.18094207863148737,0.41225812172695,0.7357633664679949,,
1,NYSE_recent,2023,market_proxy,falling_high_vol,25,25,2.1365998310387586,2.1365998310387586,5.356211223536703,,
1,NYSE_recent,2023,market_proxy,rising_high_vol,80,80,3.1317977682952733,3.1317977682952733,3.85152516260612,,
1,NYSE_recent,2023,market_proxy,rising_low_vol,143,143,0.41225812172695,0.41225812172695,0.7357633664679949,,
1,NYSE_recent,2024,think,rising_high_vol,23,23,-1.175708792908725,2.828236755209517,1.3742564777682402,-0.029162115734309737,-0.016630989861892778
1,NYSE_recent,2024,think,rising_low_vol,227,227,-0.35001101790945227,1.5620342650553756,1.3521944283937206,0.0016612329432121248,-0.013564827175000406
1,NYSE_recent,2024,think_huber,rising_high_vol,23,23,-2.50947699621627,2.828236755209517,1.3742564777682402,-0.033848268243614026,-0.04608216253032808
1,NYSE_recent,2024,think_huber,rising_low_vol,227,227,-0.09321188698151339,1.5620342650553756,1.3521944283937206,0.009153587103637112,-0.005764715863395787
1,NYSE_recent,2024,think_mix,rising_high_vol,23,23,-0.40595769064732284,2.828236755209517,1.3742564777682402,0.030588244412336638,0.030093262766770993
1,NYSE_recent,2024,think_mix,rising_low_vol,227,227,0.41830459446010704,1.5620342650553756,1.3521944283937206,0.01938048713466238,0.015945531005422675
1,NYSE_recent,2024,think_mix_huber,rising_high_vol,23,23,-1.1283647448732108,2.828236755209517,1.3742564777682402,0.022509574040166454,0.007683008678759912
1,NYSE_recent,2024,think_mix_huber,rising_low_vol,227,227,0.7507496925045504,1.5620342650553756,1.3521944283937206,0.021036986169829613,0.01974029008604821
1,NYSE_recent,2024,stockmixer,rising_high_vol,23,23,-0.0542985367872218,2.828236755209517,1.3742564777682402,-0.01057981420298347,-0.0008074258515071588
1,NYSE_recent,2024,stockmixer,rising_low_vol,227,227,-0.39173753519992893,1.5620342650553756,1.3521944283937206,0.0027074504153470585,0.0011475291096430104
1,NYSE_recent,2024,stockmixer_huber,rising_high_vol,23,23,-0.37869612411631826,2.828236755209517,1.3742564777682402,0.0003155122150762005,0.00577194834676767
1,NYSE_recent,2024,stockmixer_huber,rising_low_vol,227,227,-0.5129698514615595,1.5620342650553756,1.3521944283937206,0.012617786586934446,0.010416397856563392
1,NYSE_recent,2024,multiscale_mse,rising_high_vol,23,23,-0.14005154844506257,2.828236755209517,1.3742564777682402,-0.04503878512168682,-0.0631728110093998
1,NYSE_recent,2024,multiscale_mse,rising_low_vol,227,227,-0.5616505608999459,1.5620342650553756,1.3521944283937206,-0.0021520780816586095,-0.002451171364653713
1,NYSE_recent,2024,multiscale_huber,rising_high_vol,23,23,-1.3320344605284038,2.828236755209517,1.3742564777682402,-0.0010358007706633846,-0.007173798777932082
1,NYSE_recent,2024,multiscale_huber,rising_low_vol,227,227,-0.48512969128109557,1.5620342650553756,1.3521944283937206,0.015065946267889763,0.014841863117167
1,NYSE_recent,2024,ridge,rising_high_vol,23,23,-1.2304421451916507,2.828236755209517,1.3742564777682402,-0.05091187332834518,-0.04913361980514035
1,NYSE_recent,2024,ridge,rising_low_vol,227,227,-0.37480557497372446,1.5620342650553756,1.3521944283937206,0.016743850608129163,0.015682969845021662
1,NYSE_recent,2024,momentum126,rising_high_vol,23,23,3.159060227578479,2.828236755209517,1.3742564777682402,0.09549156756417318,0.10279616628664949
1,NYSE_recent,2024,momentum126,rising_low_vol,227,227,0.2985746332327431,1.5620342650553756,1.3521944283937206,0.002765870489435464,0.007956454980816104
1,NYSE_recent,2024,reversal5,rising_high_vol,23,23,-1.5342421578628866,2.828236755209517,1.3742564777682402,0.028408159495748663,-0.0318491986029454
1,NYSE_recent,2024,reversal5,rising_low_vol,227,227,-0.7749730628145374,1.5620342650553756,1.3521944283937206,0.020470685652505496,0.02609485494060786
1,NYSE_recent,2024,buy_hold,rising_high_vol,23,23,2.099045895312543,2.828236755209517,1.3742564777682402,,
1,NYSE_recent,2024,buy_hold,rising_low_vol,227,227,0.15433404853079138,1.5620342650553756,1.3521944283937206,,
1,NYSE_recent,2024,equal_universe,rising_high_vol,23,23,1.4023404870486786,2.828236755209517,1.3742564777682402,,
1,NYSE_recent,2024,equal_universe,rising_low_vol,227,227,0.10036205488092685,1.5620342650553756,1.3521944283937206,,
1,NYSE_recent,2024,market_proxy,rising_high_vol,23,23,2.828236755209517,2.828236755209517,1.3742564777682402,,
1,NYSE_recent,2024,market_proxy,rising_low_vol,227,227,1.5620342650553756,1.5620342650553756,1.3521944283937206,,
1,NYSE_recent,2025,think,falling_high_vol,42,42,0.83924057982008,1.3938518934496336,1.944295550511665,-0.02237170121286945,-0.0008708484533302049
1,NYSE_recent,2025,think,falling_low_vol,9,9,2.6346122606418256,3.7483508030563386,3.8778400375101674,-0.038097083585971706,-0.038088205830287
1,NYSE_recent,2025,think,rising_high_vol,24,24,0.3057644818979126,0.9192207893649806,0.6171750971330855,0.007878147067201718,0.025545071074490628
1,NYSE_recent,2025,think,rising_low_vol,173,173,0.09181398481642981,0.17645462784811444,-0.06494000974435785,0.020176918226827777,0.013631583754541975
1,NYSE_recent,2025,think_huber,falling_high_vol,42,42,0.36163550272222317,1.3938518934496336,1.944295550511665,-0.03680964698786345,-0.036067708022218335
1,NYSE_recent,2025,think_huber,falling_low_vol,9,9,3.6044094469370176,3.7483508030563386,3.8778400375101674,-0.02747504301577904,-0.02205525114068116
1,NYSE_recent,2025,think_huber,rising_high_vol,24,24,0.6265888664072952,0.9192207893649806,0.6171750971330855,0.018985207813168252,0.04951905961851144
1,NYSE_recent,2025,think_huber,rising_low_vol,173,173,-0.757659458794931,0.17645462784811444,-0.06494000974435785,0.026925144861045195,0.029175258698473074
1,NYSE_recent,2025,think_mix,falling_high_vol,42,42,0.8400303350438387,1.3938518934496336,1.944295550511665,-0.0010639172689409914,0.01014748584851732
1,NYSE_recent,2025,think_mix,falling_low_vol,9,9,1.128962882652611,3.7483508030563386,3.8778400375101674,-0.036436210538125714,0.00566955249292598
1,NYSE_recent,2025,think_mix,rising_high_vol,24,24,1.5583923010739988,0.9192207893649806,0.6171750971330855,-0.0034512829761255415,0.015349846602176467
1,NYSE_recent,2025,think_mix,rising_low_vol,173,173,-1.49473581744495,0.17645462784811444,-0.06494000974435785,-0.021038785616895282,-0.016567745929926873
1,NYSE_recent,2025,think_mix_huber,falling_high_vol,42,42,0.6802699283663833,1.3938518934496336,1.944295550511665,-0.02367611667222468,-0.011513623356592976
1,NYSE_recent,2025,think_mix_huber,falling_low_vol,9,9,3.0380150089222964,3.7483508030563386,3.8778400375101674,-0.01793411114506752,0.01701298341124509
1,NYSE_recent,2025,think_mix_huber,rising_high_vol,24,24,0.8274253661975774,0.9192207893649806,0.6171750971330855,0.006210556261315806,0.02297829402417657
1,NYSE_recent,2025,think_mix_huber,rising_low_vol,173,173,-1.4507906366073329,0.17645462784811444,-0.06494000974435785,-0.02012682519416966,-0.016568904263541854
1,NYSE_recent,2025,stockmixer,falling_high_vol,42,42,1.1173713659002862,1.3938518934496336,1.944295550511665,0.031992211257906675,0.03411839434178258
1,NYSE_recent,2025,stockmixer,falling_low_vol,9,9,2.2106813146041113,3.7483508030563386,3.8778400375101674,-0.005980064279128166,0.039089168417915106
1,NYSE_recent,2025,stockmixer,rising_high_vol,24,24,0.44200969224367936,0.9192207893649806,0.6171750971330855,-0.03176606821228113,0.0010242746851700697
1,NYSE_recent,2025,stockmixer,rising_low_vol,173,173,-0.9455006856041365,0.17645462784811444,-0.06494000974435785,-0.023590582872488317,-0.039791240609128184
1,NYSE_recent,2025,stockmixer_huber,falling_high_vol,42,42,1.0781982408546362,1.3938518934496336,1.944295550511665,0.008730287668272418,0.012894271763063478
1,NYSE_recent,2025,stockmixer_huber,falling_low_vol,9,9,1.6291884209541747,3.7483508030563386,3.8778400375101674,0.025574453592782036,0.057111788348884224
1,NYSE_recent,2025,stockmixer_huber,rising_high_vol,24,24,0.4241667943401059,0.9192207893649806,0.6171750971330855,-0.06287424459419601,-0.0303420957724054
1,NYSE_recent,2025,stockmixer_huber,rising_low_vol,173,173,-1.3690170617456632,0.17645462784811444,-0.06494000974435785,-0.014602281806025706,-0.03060715681423832
1,NYSE_recent,2025,multiscale_mse,falling_high_vol,42,42,1.4529081258009253,1.3938518934496336,1.944295550511665,0.03280584180298186,0.026452611212676492
1,NYSE_recent,2025,multiscale_mse,falling_low_vol,9,9,2.807138912802255,3.7483508030563386,3.8778400375101674,0.06942500627997182,0.13185379384173443
1,NYSE_recent,2025,multiscale_mse,rising_high_vol,24,24,1.6710670414069442,0.9192207893649806,0.6171750971330855,-0.009026238641439218,0.005652879474914478
1,NYSE_recent,2025,multiscale_mse,rising_low_vol,173,173,-1.1295136574721614,0.17645462784811444,-0.06494000974435785,-0.02802756818685679,-0.042523303092119366
1,NYSE_recent,2025,multiscale_huber,falling_high_vol,42,42,2.2668569915206747,1.3938518934496336,1.944295550511665,0.008369966943489824,0.005947635525541814
1,NYSE_recent,2025,multiscale_huber,falling_low_vol,9,9,2.6019131316641855,3.7483508030563386,3.8778400375101674,0.06150240722397318,0.11217007475716272
1,NYSE_recent,2025,multiscale_huber,rising_high_vol,24,24,1.266175787864253,0.9192207893649806,0.6171750971330855,-0.005279389851755312,0.02057432473337306
1,NYSE_recent,2025,multiscale_huber,rising_low_vol,173,173,-0.9093882050517968,0.17645462784811444,-0.06494000974435785,-0.027398437526456983,-0.036429221568958295
1,NYSE_recent,2025,ridge,falling_high_vol,42,42,1.1084951527296658,1.3938518934496336,1.944295550511665,-0.009492485752825778,0.016412325069657972
1,NYSE_recent,2025,ridge,falling_low_vol,9,9,3.2703731221080083,3.7483508030563386,3.8778400375101674,0.02396817099938337,0.06024271513670655
1,NYSE_recent,2025,ridge,rising_high_vol,24,24,-1.2912258107626668,0.9192207893649806,0.6171750971330855,-0.05775499335478934,-0.07291722880590558
1,NYSE_recent,2025,ridge,rising_low_vol,173,173,-1.8253041646873882,0.17645462784811444,-0.06494000974435785,-0.0006157793066368137,-0.019917449090926687
1,NYSE_recent,2025,momentum126,falling_high_vol,42,42,0.8067011013742202,1.3938518934496336,1.944295550511665,-0.024796192046113892,-0.00635689938575295
1,NYSE_recent,2025,momentum126,falling_low_vol,9,9,0.5941061818244046,3.7483508030563386,3.8778400375101674,-0.025332195328045856,-0.06182508108963357
1,NYSE_recent,2025,momentum126,rising_high_vol,24,24,3.244721087110855,0.9192207893649806,0.6171750971330855,0.05218714338838457,0.0793184786131432
1,NYSE_recent,2025,momentum126,rising_low_vol,173,173,0.1405084973830672,0.17645462784811444,-0.06494000974435785,0.003965234761383058,0.014102840586203603
1,NYSE_recent,2025,reversal5,falling_high_vol,42,42,0.4360820426980208,1.3938518934496336,1.944295550511665,0.0067806300725577265,-0.0033984057598178143
1,NYSE_recent,2025,reversal5,falling_low_vol,9,9,2.8707393975701936,3.7483508030563386,3.8778400375101674,0.08950902739527039,0.07897885399856887
1,NYSE_recent,2025,reversal5,rising_high_vol,24,24,2.232586368665246,0.9192207893649806,0.6171750971330855,0.027359812130894733,0.03530260969050396
1,NYSE_recent,2025,reversal5,rising_low_vol,173,173,-0.9579092495744622,0.17645462784811444,-0.06494000974435785,0.005851564978115279,-0.0008834087887760388
1,NYSE_recent,2025,buy_hold,falling_high_vol,42,42,1.2453099530221328,1.3938518934496336,1.944295550511665,,
1,NYSE_recent,2025,buy_hold,falling_low_vol,9,9,2.1400269190264445,3.7483508030563386,3.8778400375101674,,
1,NYSE_recent,2025,buy_hold,rising_high_vol,24,24,0.6248030285357393,0.9192207893649806,0.6171750971330855,,
1,NYSE_recent,2025,buy_hold,rising_low_vol,173,173,-0.125403703893935,0.17645462784811444,-0.06494000974435785,,
1,NYSE_recent,2025,equal_universe,falling_high_vol,42,42,1.2902087378127767,1.3938518934496336,1.944295550511665,,
1,NYSE_recent,2025,equal_universe,falling_low_vol,9,9,2.0786448151556463,3.7483508030563386,3.8778400375101674,,
1,NYSE_recent,2025,equal_universe,rising_high_vol,24,24,0.46732993783866583,0.9192207893649806,0.6171750971330855,,
1,NYSE_recent,2025,equal_universe,rising_low_vol,173,173,-0.2326711820502478,0.17645462784811444,-0.06494000974435785,,
1,NYSE_recent,2025,market_proxy,falling_high_vol,42,42,1.3938518934496336,1.3938518934496336,1.944295550511665,,
1,NYSE_recent,2025,market_proxy,falling_low_vol,9,9,3.7483508030563386,3.7483508030563386,3.8778400375101674,,
1,NYSE_recent,2025,market_proxy,rising_high_vol,24,24,0.9192207893649806,0.9192207893649806,0.6171750971330855,,
1,NYSE_recent,2025,market_proxy,rising_low_vol,173,173,0.17645462784811444,0.17645462784811444,-0.06494000974435785,,
1,NASDAQ_recent,2022,think,falling_high_vol,178,178,0.0021995997739976446,-0.1789111695152024,-0.3330062282061364,0.014108316664478428,0.005019225476222142
1,NASDAQ_recent,2022,think,falling_low_vol,3,3,10.733879202296496,12.741330080721715,11.61908299807499,0.008667278108521666,0.0018110313667230344
1,NASDAQ_recent,2022,think,rising_high_vol,68,68,-5.923716782213375,-4.492877535166006,-4.984608656706624,-0.023582529388275503,-0.03943238463481685
1,NASDAQ_recent,2022,think_huber,falling_high_vol,178,178,0.10345699821727489,-0.1789111695152024,-0.3330062282061364,0.0073441265705128,0.004171882425764779
1,NASDAQ_recent,2022,think_huber,falling_low_vol,3,3,3.9694101003668782,12.741330080721715,11.61908299807499,-0.16556462055405385,-0.15310478502417268
1,NASDAQ_recent,2022,think_huber,rising_high_vol,68,68,-5.688714029002737,-4.492877535166006,-4.984608656706624,0.011557787051969921,-0.008144202663722674
1,NASDAQ_recent,2022,think_mix,falling_high_vol,178,178,0.45998548359814395,-0.1789111695152024,-0.3330062282061364,0.006421282918065677,0.007369417732946103
1,NASDAQ_recent,2022,think_mix,falling_low_vol,3,3,6.0874261965517755,12.741330080721715,11.61908299807499,0.05966534932569759,0.06786223436705922
1,NASDAQ_recent,2022,think_mix,rising_high_vol,68,68,-5.0459110124165285,-4.492877535166006,-4.984608656706624,-0.040709815722473806,-0.053887629088639914
1,NASDAQ_recent,2022,think_mix_huber,falling_high_vol,178,178,0.06288303910604627,-0.1789111695152024,-0.3330062282061364,0.003034146988471287,0.0021564530786134686
1,NASDAQ_recent,2022,think_mix_huber,falling_low_vol,3,3,7.3798805893256345,12.741330080721715,11.61908299807499,0.08089831009409394,0.07381404057364432
1,NASDAQ_recent,2022,think_mix_huber,rising_high_vol,68,68,-5.131466280263377,-4.492877535166006,-4.984608656706624,-0.03855188685849985,-0.04857374439280236
1,NASDAQ_recent,2022,stockmixer,falling_high_vol,178,178,0.5734980552453451,-0.1789111695152024,-0.3330062282061364,0.022885766441107545,0.02210942137669369
1,NASDAQ_recent,2022,stockmixer,falling_low_vol,3,3,8.626021202463622,12.741330080721715,11.61908299807499,0.15384575613824927,0.14336256060456265
1,NASDAQ_recent,2022,stockmixer,rising_high_vol,68,68,-5.3414375505632155,-4.492877535166006,-4.984608656706624,-0.029780954678302152,-0.046353984807956765
1,NASDAQ_recent,2022,stockmixer_huber,falling_high_vol,178,178,0.9044521203602721,-0.1789111695152024,-0.3330062282061364,0.024603665678281154,0.02389104939153475
1,NASDAQ_recent,2022,stockmixer_huber,falling_low_vol,3,3,6.132640590215624,12.741330080721715,11.61908299807499,0.11100115777401899,0.09941393709877076
1,NASDAQ_recent,2022,stockmixer_huber,rising_high_vol,68,68,-5.810632071794,-4.492877535166006,-4.984608656706624,-0.0375397988309483,-0.05218483016028644
1,NASDAQ_recent,2022,multiscale_mse,falling_high_vol,178,178,0.6751963235227235,-0.1789111695152024,-0.3330062282061364,0.020551959737286678,0.016768720212119056
1,NASDAQ_recent,2022,multiscale_mse,falling_low_vol,3,3,5.93395485093625,12.741330080721715,11.61908299807499,0.14616757183336052,0.15083652834477673
1,NASDAQ_recent,2022,multiscale_mse,rising_high_vol,68,68,-5.071215905841258,-4.492877535166006,-4.984608656706624,-0.03527599322257613,-0.05850441656633791
1,NASDAQ_recent,2022,multiscale_huber,falling_high_vol,178,178,0.7009418726082797,-0.1789111695152024,-0.3330062282061364,0.020473401091177273,0.020239686701640943
1,NASDAQ_recent,2022,multiscale_huber,falling_low_vol,3,3,10.188468471755211,12.741330080721715,11.61908299807499,0.08428784713184535,0.07116160081980864
1,NASDAQ_recent,2022,multiscale_huber,rising_high_vol,68,68,-5.724367951625796,-4.492877535166006,-4.984608656706624,-0.0249150185244381,-0.04343982935382037
1,NASDAQ_recent,2022,ridge,falling_high_vol,178,178,-0.27519714090546044,-0.1789111695152024,-0.3330062282061364,0.0280899296753771,0.016889734872825295
1,NASDAQ_recent,2022,ridge,falling_low_vol,3,3,11.608482335476703,12.741330080721715,11.61908299807499,0.059514947656125694,0.08298017771701977
1,NASDAQ_recent,2022,ridge,rising_high_vol,68,68,-6.0714877428651945,-4.492877535166006,-4.984608656706624,-0.018110941720680125,-0.0369317982626989
1,NASDAQ_recent,2022,momentum126,falling_high_vol,178,178,0.5563389859591472,-0.1789111695152024,-0.3330062282061364,-0.0029537823895860915,0.007483808737112578
1,NASDAQ_recent,2022,momentum126,falling_low_vol,3,3,4.097405710542504,12.741330080721715,11.61908299807499,-0.2048194003987247,-0.2643198906356801
1,NASDAQ_recent,2022,momentum126,rising_high_vol,68,68,-4.773417525663527,-4.492877535166006,-4.984608656706624,0.0027388091819340364,0.02157708289864855
1,NASDAQ_recent,2022,reversal5,falling_high_vol,178,178,0.39751521497933123,-0.1789111695152024,-0.3330062282061364,0.018474957539153115,0.011529928026255663
1,NASDAQ_recent,2022,reversal5,falling_low_vol,3,3,6.690749322612652,12.741330080721715,11.61908299807499,0.13448797521935932,0.10804283435862383
1,NASDAQ_recent,2022,reversal5,rising_high_vol,68,68,-5.887150502305788,-4.492877535166006,-4.984608656706624,-0.04761541998726621,-0.04309740079855388
1,NASDAQ_recent,2022,buy_hold,falling_high_vol,178,178,0.18992082693445092,-0.1789111695152024,-0.3330062282061364,,
1,NASDAQ_recent,2022,buy_hold,falling_low_vol,3,3,9.12903820309232,12.741330080721715,11.61908299807499,,
1,NASDAQ_recent,2022,buy_hold,rising_high_vol,68,68,-4.74596234861956,-4.492877535166006,-4.984608656706624,,
1,NASDAQ_recent,2022,equal_universe,falling_high_vol,178,178,0.363603140553749,-0.1789111695152024,-0.3330062282061364,,
1,NASDAQ_recent,2022,equal_universe,falling_low_vol,3,3,9.03265279007531,12.741330080721715,11.61908299807499,,
1,NASDAQ_recent,2022,equal_universe,rising_high_vol,68,68,-4.909699805644218,-4.492877535166006,-4.984608656706624,,
1,NASDAQ_recent,2022,market_proxy,falling_high_vol,178,178,-0.1789111695152024,-0.1789111695152024,-0.3330062282061364,,
1,NASDAQ_recent,2022,market_proxy,falling_low_vol,3,3,12.741330080721715,12.741330080721715,11.61908299807499,,
1,NASDAQ_recent,2022,market_proxy,rising_high_vol,68,68,-4.492877535166006,-4.492877535166006,-4.984608656706624,,
1,NASDAQ_recent,2023,think,falling_high_vol,25,25,0.29625314800162283,2.1365998310387586,5.356211223536703,0.034284090702350986,0.05156849507546222
1,NASDAQ_recent,2023,think,rising_high_vol,80,80,1.5346040700467003,3.1317977682952733,3.85152516260612,-0.00745359624383631,-0.013202859888143497
1,NASDAQ_recent,2023,think,rising_low_vol,143,143,0.8545762720680362,0.41225812172695,0.7357633664679949,0.016420799492620094,0.012120030786351016
1,NASDAQ_recent,2023,think_huber,falling_high_vol,25,25,-0.136505933996309,2.1365998310387586,5.356211223536703,0.017699247239005074,0.037376355088504315
1,NASDAQ_recent,2023,think_huber,rising_high_vol,80,80,0.49125626975634146,3.1317977682952733,3.85152516260612,-0.01625750656818612,-0.024770294950235233
1,NASDAQ_recent,2023,think_huber,rising_low_vol,143,143,0.12678451674661015,0.41225812172695,0.7357633664679949,0.018141812723600517,0.013812928933567689
1,NASDAQ_recent,2023,think_mix,falling_high_vol,25,25,0.7079083397512136,2.1365998310387586,5.356211223536703,0.0022932890744550615,0.002587645300042339
1,NASDAQ_recent,2023,think_mix,rising_high_vol,80,80,1.378360664910443,3.1317977682952733,3.85152516260612,-0.01158502850890739,-0.016042644471357517
1,NASDAQ_recent,2023,think_mix,rising_low_vol,143,143,0.3217811579578911,0.41225812172695,0.7357633664679949,0.00863643778600761,0.005459249302770253
1,NASDAQ_recent,2023,think_mix_huber,falling_high_vol,25,25,0.8912721777871825,2.1365998310387586,5.356211223536703,0.002188237865786514,0.0003601774897811461
1,NASDAQ_recent,2023,think_mix_huber,rising_high_vol,80,80,1.318093522856146,3.1317977682952733,3.85152516260612,-0.011338370509065176,-0.016730776685947767
1,NASDAQ_recent,2023,think_mix_huber,rising_low_vol,143,143,0.8951250573449038,0.41225812172695,0.7357633664679949,0.008694398460238808,0.0058771590037008355
1,NASDAQ_recent,2023,stockmixer,falling_high_vol,25,25,-1.3233861065099504,2.1365998310387586,5.356211223536703,-0.004836000151491892,0.0026932351920730072
1,NASDAQ_recent,2023,stockmixer,rising_high_vol,80,80,1.7714978471252594,3.1317977682952733,3.85152516260612,-0.014279047003823472,-0.009147452289612421
1,NASDAQ_recent,2023,stockmixer,rising_low_vol,143,143,-0.1285988185802349,0.41225812172695,0.7357633664679949,-0.02407619870094112,-0.029415736953902562
1,NASDAQ_recent,2023,stockmixer_huber,falling_high_vol,25,25,1.9300354219801863,2.1365998310387586,5.356211223536703,0.05007078744860131,0.03565930178847541
1,NASDAQ_recent,2023,stockmixer_huber,rising_high_vol,80,80,1.6696867200517171,3.1317977682952733,3.85152516260612,0.0018947992736027416,-0.0025152420582225054
1,NASDAQ_recent,2023,stockmixer_huber,rising_low_vol,143,143,0.07905504680566192,0.41225812172695,0.7357633664679949,-0.007556183866558656,-0.012211208575913209
1,NASDAQ_recent,2023,multiscale_mse,falling_high_vol,25,25,2.0531413107462892,2.1365998310387586,5.356211223536703,0.0438320138968096,0.04108747628739044
1,NASDAQ_recent,2023,multiscale_mse,rising_high_vol,80,80,1.011556881307252,3.1317977682952733,3.85152516260612,-0.002797974727346177,-0.009016983558711262
1,NASDAQ_recent,2023,multiscale_mse,rising_low_vol,143,143,0.06510862470292984,0.41225812172695,0.7357633664679949,0.005419134507022698,0.003419070487620524
1,NASDAQ_recent,2023,multiscale_huber,falling_high_vol,25,25,0.5624353320915374,2.1365998310387586,5.356211223536703,0.03798091307038091,0.03510423320630996
1,NASDAQ_recent,2023,multiscale_huber,rising_high_vol,80,80,0.8878789414728165,3.1317977682952733,3.85152516260612,-0.0006495219073788707,-0.01250330556668886
1,NASDAQ_recent,2023,multiscale_huber,rising_low_vol,143,143,0.6522130096161384,0.41225812172695,0.7357633664679949,0.008769604751540191,0.00210153340678927
1,NASDAQ_recent,2023,ridge,falling_high_vol,25,25,-1.8177932753850572,2.1365998310387586,5.356211223536703,0.013306513019184169,0.011359551883438276
1,NASDAQ_recent,2023,ridge,rising_high_vol,80,80,-1.808552256036801,3.1317977682952733,3.85152516260612,-0.037816799339319945,-0.040201044697197416
1,NASDAQ_recent,2023,ridge,rising_low_vol,143,143,-2.1331565559996672,0.41225812172695,0.7357633664679949,-0.027117288097196147,-0.009859748488575355
1,NASDAQ_recent,2023,momentum126,falling_high_vol,25,25,-3.0297298208663417,2.1365998310387586,5.356211223536703,-0.05093946647952159,-0.02815802267567088
1,NASDAQ_recent,2023,momentum126,rising_high_vol,80,80,0.12360283229754992,3.1317977682952733,3.85152516260612,-0.013498405646005018,0.014788356141699594
1,NASDAQ_recent,2023,momentum126,rising_low_vol,143,143,-1.1075598887247127,0.41225812172695,0.7357633664679949,0.009345302797489219,0.02524832357181089
1,NASDAQ_recent,2023,reversal5,falling_high_vol,25,25,0.0693357612296713,2.1365998310387586,5.356211223536703,-0.005411978790137425,-0.005812588727769016
1,NASDAQ_recent,2023,reversal5,rising_high_vol,80,80,1.1608814804467082,3.1317977682952733,3.85152516260612,0.021322270870323474,-0.005222935058442467
1,NASDAQ_recent,2023,reversal5,rising_low_vol,143,143,0.4656686613990721,0.41225812172695,0.7357633664679949,0.014269697135841888,0.01178882309395633
1,NASDAQ_recent,2023,buy_hold,falling_high_vol,25,25,1.044384430873813,2.1365998310387586,5.356211223536703,,
1,NASDAQ_recent,2023,buy_hold,rising_high_vol,80,80,1.7615629768348169,3.1317977682952733,3.85152516260612,,
1,NASDAQ_recent,2023,buy_hold,rising_low_vol,143,143,0.29257543139771147,0.41225812172695,0.7357633664679949,,
1,NASDAQ_recent,2023,equal_universe,falling_high_vol,25,25,0.5832657402675574,2.1365998310387586,5.356211223536703,,
1,NASDAQ_recent,2023,equal_universe,rising_high_vol,80,80,1.5701074045472947,3.1317977682952733,3.85152516260612,,
1,NASDAQ_recent,2023,equal_universe,rising_low_vol,143,143,0.43035971558111363,0.41225812172695,0.7357633664679949,,
1,NASDAQ_recent,2023,market_proxy,falling_high_vol,25,25,2.1365998310387586,2.1365998310387586,5.356211223536703,,
1,NASDAQ_recent,2023,market_proxy,rising_high_vol,80,80,3.1317977682952733,3.1317977682952733,3.85152516260612,,
1,NASDAQ_recent,2023,market_proxy,rising_low_vol,143,143,0.41225812172695,0.41225812172695,0.7357633664679949,,
1,NASDAQ_recent,2024,think,rising_high_vol,23,23,-0.2826426208466315,2.828236755209517,1.3742564777682402,-0.04040236006631804,-0.039075990076389226
1,NASDAQ_recent,2024,think,rising_low_vol,227,227,-0.03982243565527254,1.5620342650553756,1.3521944283937206,0.001199491814414088,0.005834722436862183
1,NASDAQ_recent,2024,think_huber,rising_high_vol,23,23,-0.06476748930397688,2.828236755209517,1.3742564777682402,-0.06913482821962212,-0.061773660321177426
1,NASDAQ_recent,2024,think_huber,rising_low_vol,227,227,0.2818436262104706,1.5620342650553756,1.3521944283937206,-0.00010027962034971139,0.01413097079954207
1,NASDAQ_recent,2024,think_mix,rising_high_vol,23,23,2.669936912306561,2.828236755209517,1.3742564777682402,0.013254050559440926,-0.012108178362694543
1,NASDAQ_recent,2024,think_mix,rising_low_vol,227,227,1.1101363781852747,1.5620342650553756,1.3521944283937206,0.015558574430429338,0.020602500832244356
1,NASDAQ_recent,2024,think_mix_huber,rising_high_vol,23,23,2.308818912021711,2.828236755209517,1.3742564777682402,0.018452055752550205,0.01777957634239433
1,NASDAQ_recent,2024,think_mix_huber,rising_low_vol,227,227,1.4159459797447975,1.5620342650553756,1.3521944283937206,0.016649298975251983,0.02351957429700591
1,NASDAQ_recent,2024,stockmixer,rising_high_vol,23,23,0.4485257353496733,2.828236755209517,1.3742564777682402,-0.024066414790282882,-0.03794872783110641
1,NASDAQ_recent,2024,stockmixer,rising_low_vol,227,227,-0.14914999231836856,1.5620342650553756,1.3521944283937206,0.003318553120342685,0.005349411483458152
1,NASDAQ_recent,2024,stockmixer_huber,rising_high_vol,23,23,0.32525887161053985,2.828236755209517,1.3742564777682402,-0.031058639132395836,-0.036042150941603734
1,NASDAQ_recent,2024,stockmixer_huber,rising_low_vol,227,227,0.09270079697633818,1.5620342650553756,1.3521944283937206,-0.0013939681183634015,0.0046931013171275055
1,NASDAQ_recent,2024,multiscale_mse,rising_high_vol,23,23,0.04298022973772842,2.828236755209517,1.3742564777682402,-0.062254360942497165,-0.06636791333944038
1,NASDAQ_recent,2024,multiscale_mse,rising_low_vol,227,227,0.1496673323231209,1.5620342650553756,1.3521944283937206,0.0003832044313469851,0.0063699713345582104
1,NASDAQ_recent,2024,multiscale_huber,rising_high_vol,23,23,0.46731870673112286,2.828236755209517,1.3742564777682402,-0.06695821933389536,-0.07705534420876597
1,NASDAQ_recent,2024,multiscale_huber,rising_low_vol,227,227,0.07709934377514205,1.5620342650553756,1.3521944283937206,-0.00484453771481993,-0.000267409350249056
1,NASDAQ_recent,2024,ridge,rising_high_vol,23,23,-1.2682754777884855,2.828236755209517,1.3742564777682402,-0.10744977198333046,-0.10121664618451603
1,NASDAQ_recent,2024,ridge,rising_low_vol,227,227,-0.2160053151092917,1.5620342650553756,1.3521944283937206,0.007358438665119962,0.0039259503845036105
1,NASDAQ_recent,2024,momentum126,rising_high_vol,23,23,1.3981280450450484,2.828236755209517,1.3742564777682402,0.07612614325838211,0.07446548246484554
1,NASDAQ_recent,2024,momentum126,rising_low_vol,227,227,0.6263722818595235,1.5620342650553756,1.3521944283937206,0.017791656984950967,0.001587169013506663
1,NASDAQ_recent,2024,reversal5,rising_high_vol,23,23,0.3194563044251887,2.828236755209517,1.3742564777682402,-0.00667002884330439,-0.016016081917354076
1,NASDAQ_recent,2024,reversal5,rising_low_vol,227,227,-0.5823948528138893,1.5620342650553756,1.3521944283937206,0.005323055243619788,0.012325643265327247
1,NASDAQ_recent,2024,buy_hold,rising_high_vol,23,23,1.0710228003671332,2.828236755209517,1.3742564777682402,,
1,NASDAQ_recent,2024,buy_hold,rising_low_vol,227,227,0.4647813769251231,1.5620342650553756,1.3521944283937206,,
1,NASDAQ_recent,2024,equal_universe,rising_high_vol,23,23,1.0380776121963136,2.828236755209517,1.3742564777682402,,
1,NASDAQ_recent,2024,equal_universe,rising_low_vol,227,227,0.5129059599410318,1.5620342650553756,1.3521944283937206,,
1,NASDAQ_recent,2024,market_proxy,rising_high_vol,23,23,2.828236755209517,2.828236755209517,1.3742564777682402,,
1,NASDAQ_recent,2024,market_proxy,rising_low_vol,227,227,1.5620342650553756,1.5620342650553756,1.3521944283937206,,
1,NASDAQ_recent,2025,think,falling_high_vol,42,42,0.5590088610182509,1.3938518934496336,1.944295550511665,0.023287626617131817,0.04253191971343145
1,NASDAQ_recent,2025,think,falling_low_vol,9,9,3.5540127315261767,3.7483508030563386,3.8778400375101674,-0.00487433168772356,0.013546355838140615
1,NASDAQ_recent,2025,think,rising_high_vol,24,24,-1.5582085601742046,0.9192207893649806,0.6171750971330855,-0.03878198378613607,-0.029155727505784806
1,NASDAQ_recent,2025,think,rising_low_vol,173,173,-0.4081999609485668,0.17645462784811444,-0.06494000974435785,-0.005241966238272371,-0.018386841821111673
1,NASDAQ_recent,2025,think_huber,falling_high_vol,42,42,0.17857088296458598,1.3938518934496336,1.944295550511665,-0.02439110490809503,-0.01061341769087286
1,NASDAQ_recent,2025,think_huber,falling_low_vol,9,9,3.341066464862128,3.7483508030563386,3.8778400375101674,0.013354171321364437,0.012429192723756807
1,NASDAQ_recent,2025,think_huber,rising_high_vol,24,24,-0.6312193035863564,0.9192207893649806,0.6171750971330855,-0.002736555257300081,0.0129008097893354
1,NASDAQ_recent,2025,think_huber,rising_low_vol,173,173,-0.23103163274014116,0.17645462784811444,-0.06494000974435785,-0.01443619130889443,-0.015171969347794486
1,NASDAQ_recent,2025,think_mix,falling_high_vol,42,42,1.749597636353481,1.3938518934496336,1.944295550511665,0.0254074034711985,0.047968247085106594
1,NASDAQ_recent,2025,think_mix,falling_low_vol,9,9,5.75005226785155,3.7483508030563386,3.8778400375101674,0.026131310879183463,-0.0003381894285497246
1,NASDAQ_recent,2025,think_mix,rising_high_vol,24,24,-0.8053459039811496,0.9192207893649806,0.6171750971330855,0.0047058882592364015,0.010003054166232803
1,NASDAQ_recent,2025,think_mix,rising_low_vol,173,173,-0.31602298424832004,0.17645462784811444,-0.06494000974435785,0.018385240703060746,0.01639435096621454
1,NASDAQ_recent,2025,think_mix_huber,falling_high_vol,42,42,-0.20300363754139258,1.3938518934496336,1.944295550511665,0.008486534110206076,0.029137698297751542
1,NASDAQ_recent,2025,think_mix_huber,falling_low_vol,9,9,2.2200764887393967,3.7483508030563386,3.8778400375101674,-0.04474798404309996,-0.0752865492069829
1,NASDAQ_recent,2025,think_mix_huber,rising_high_vol,24,24,1.2106371761244046,0.9192207893649806,0.6171750971330855,-0.004830920940674323,0.0007079821683653315
1,NASDAQ_recent,2025,think_mix_huber,rising_low_vol,173,173,-0.6551772699966688,0.17645462784811444,-0.06494000974435785,0.0077310322746045644,0.011408712624709594
1,NASDAQ_recent,2025,stockmixer,falling_high_vol,42,42,1.3458385032757971,1.3938518934496336,1.944295550511665,0.0230428911387991,0.040517125416646746
1,NASDAQ_recent,2025,stockmixer,falling_low_vol,9,9,4.505302033146375,3.7483508030563386,3.8778400375101674,0.03405886758427201,0.030540810632263906
1,NASDAQ_recent,2025,stockmixer,rising_high_vol,24,24,-0.2902581901237763,0.9192207893649806,0.6171750971330855,-0.004173304893738072,-0.011857376196130616
1,NASDAQ_recent,2025,stockmixer,rising_low_vol,173,173,0.13215373576360423,0.17645462784811444,-0.06494000974435785,0.007617307561784666,0.0015774813666585687
1,NASDAQ_recent,2025,stockmixer_huber,falling_high_vol,42,42,1.397234193558174,1.3938518934496336,1.944295550511665,0.030108595300456426,0.05063503606657181
1,NASDAQ_recent,2025,stockmixer_huber,falling_low_vol,9,9,3.013115815385378,3.7483508030563386,3.8778400375101674,-0.011028862148825251,-0.005995177753662432
1,NASDAQ_recent,2025,stockmixer_huber,rising_high_vol,24,24,-0.8610773049404019,0.9192207893649806,0.6171750971330855,-0.009472219055297507,-0.021510327412978047
1,NASDAQ_recent,2025,stockmixer_huber,rising_low_vol,173,173,0.4231715886112898,0.17645462784811444,-0.06494000974435785,0.010670361799837455,0.007902567668136278
1,NASDAQ_recent,2025,multiscale_mse,falling_high_vol,42,42,1.258263131007228,1.3938518934496336,1.944295550511665,0.0026445918422563696,0.013885689842683301
1,NASDAQ_recent,2025,multiscale_mse,falling_low_vol,9,9,4.05964229700341,3.7483508030563386,3.8778400375101674,0.05727491376423383,0.09435567650392566
1,NASDAQ_recent,2025,multiscale_mse,rising_high_vol,24,24,1.7691114104285115,0.9192207893649806,0.6171750971330855,0.035722082455217206,0.022556261365542035
1,NASDAQ_recent,2025,multiscale_mse,rising_low_vol,173,173,-0.06521844339377404,0.17645462784811444,-0.06494000974435785,0.0008441814120344923,-0.0011296945434739255
1,NASDAQ_recent,2025,multiscale_huber,falling_high_vol,42,42,1.264568417471586,1.3938518934496336,1.944295550511665,0.00766326131512194,0.02301302735027009
1,NASDAQ_recent,2025,multiscale_huber,falling_low_vol,9,9,4.449661401937995,3.7483508030563386,3.8778400375101674,0.050107992255409316,0.08275777976762139
1,NASDAQ_recent,2025,multiscale_huber,rising_high_vol,24,24,0.47542963350994183,0.9192207893649806,0.6171750971330855,0.029123566640018153,0.017349991398607
1,NASDAQ_recent,2025,multiscale_huber,rising_low_vol,173,173,-0.361740494878983,0.17645462784811444,-0.06494000974435785,0.011731487902943847,0.013237119584198756
1,NASDAQ_recent,2025,ridge,falling_high_vol,42,42,1.2369419099485905,1.3938518934496336,1.944295550511665,0.005705347380271919,0.014001727037276509
1,NASDAQ_recent,2025,ridge,falling_low_vol,9,9,2.418493876285892,3.7483508030563386,3.8778400375101674,-0.05268285232985617,-0.053650763399191045
1,NASDAQ_recent,2025,ridge,rising_high_vol,24,24,-1.2552834059304079,0.9192207893649806,0.6171750971330855,-0.0037606599348031186,-0.015390669178536374
1,NASDAQ_recent,2025,ridge,rising_low_vol,173,173,-0.4073770240033491,0.17645462784811444,-0.06494000974435785,0.032204733920008013,0.02763611132322511
1,NASDAQ_recent,2025,momentum126,falling_high_vol,42,42,0.6818217484527247,1.3938518934496336,1.944295550511665,-0.005273887300384958,0.0028795635653815384
1,NASDAQ_recent,2025,momentum126,falling_low_vol,9,9,4.421567194109323,3.7483508030563386,3.8778400375101674,-0.0368926830071237,-0.02337969507780831
1,NASDAQ_recent,2025,momentum126,rising_high_vol,24,24,1.411280512374839,0.9192207893649806,0.6171750971330855,0.0668211753659317,0.09552414773987261
1,NASDAQ_recent,2025,momentum126,rising_low_vol,173,173,0.4607585044117755,0.17645462784811444,-0.06494000974435785,0.002418068072392199,0.014130411386913334
1,NASDAQ_recent,2025,reversal5,falling_high_vol,42,42,0.7438055025876443,1.3938518934496336,1.944295550511665,0.019216927993803267,0.002030292859874335
1,NASDAQ_recent,2025,reversal5,falling_low_vol,9,9,3.3776579843359955,3.7483508030563386,3.8778400375101674,0.09633918412838977,0.10066442990971289
1,NASDAQ_recent,2025,reversal5,rising_high_vol,24,24,2.6182624261113334,0.9192207893649806,0.6171750971330855,0.033630914166494365,0.0360371449246242
1,NASDAQ_recent,2025,reversal5,rising_low_vol,173,173,-0.32854676358302676,0.17645462784811444,-0.06494000974435785,0.0022143151202229927,0.0025418854743451207
1,NASDAQ_recent,2025,buy_hold,falling_high_vol,42,42,1.0442850231900063,1.3938518934496336,1.944295550511665,,
1,NASDAQ_recent,2025,buy_hold,falling_low_vol,9,9,3.3962627131295835,3.7483508030563386,3.8778400375101674,,
1,NASDAQ_recent,2025,buy_hold,rising_high_vol,24,24,0.28685732088959104,0.9192207893649806,0.6171750971330855,,
1,NASDAQ_recent,2025,buy_hold,rising_low_vol,173,173,0.22043001490284808,0.17645462784811444,-0.06494000974435785,,
1,NASDAQ_recent,2025,equal_universe,falling_high_vol,42,42,1.1405760445012256,1.3938518934496336,1.944295550511665,,
1,NASDAQ_recent,2025,equal_universe,falling_low_vol,9,9,3.660591009447451,3.7483508030563386,3.8778400375101674,,
1,NASDAQ_recent,2025,equal_universe,rising_high_vol,24,24,0.35055229083241585,0.9192207893649806,0.6171750971330855,,
1,NASDAQ_recent,2025,equal_universe,rising_low_vol,173,173,0.007884910677748675,0.17645462784811444,-0.06494000974435785,,
1,NASDAQ_recent,2025,market_proxy,falling_high_vol,42,42,1.3938518934496336,1.3938518934496336,1.944295550511665,,
1,NASDAQ_recent,2025,market_proxy,falling_low_vol,9,9,3.7483508030563386,3.7483508030563386,3.8778400375101674,,
1,NASDAQ_recent,2025,market_proxy,rising_high_vol,24,24,0.9192207893649806,0.9192207893649806,0.6171750971330855,,
1,NASDAQ_recent,2025,market_proxy,rising_low_vol,173,173,0.17645462784811444,0.17645462784811444,-0.06494000974435785,,
